keyword,search_volume_us,search_volume_au,cpc,content_type,chemistry_topic,cluster,audience,intent,is_relevant
periodic table,4090000,246000,0.07,guide,periodic table,periodic table guide,high school,informational,yes
chemistry formulas,110000,1600,31.76,guide,general chemistry,chemistry cheat sheet,high school,informational,yes
chemical equation balancer,40500,1900,2.43,game,balancing equations,balancing chemical equations game,high school,transactional,yes
how to do chemical equations balance,22200,1900,0.49,guide,balancing equations,how to balance chemical equations guide,high school,informational,yes
chemistry how to balance chemical equations,22200,1900,1.91,guide,balancing equations,how to balance chemical equations guide,high school,informational,yes
how to balance chemical equations,22200,1900,1.91,guide,balancing equations,how to balance chemical equations guide,high school,informational,yes
how to balance chemical equations in chemistry,22200,1900,0.49,guide,balancing equations,how to balance chemical equations guide,high school,informational,yes
how to balance a chemical equations,22200,1900,0.49,guide,balancing equations,how to balance chemical equations guide,high school,informational,yes
how to balance the chemical equations,22200,1900,1.91,guide,balancing equations,how to balance chemical equations guide,high school,informational,yes
how to balance a chemical equation,22200,1900,0.49,guide,balancing equations,how to balance chemical equations guide,high school,informational,yes
different types of chemical reactions,18100,1600,,guide,reaction types,types of chemical reactions guide,high school,informational,yes
chemical types of reactions,18100,1600,,guide,reaction types,types of chemical reactions guide,high school,informational,yes
types of chemical reactions,18100,1600,,guide,reaction types,types of chemical reactions guide,high school,informational,yes
ap chemistry formula sheet,18100,40,,guide,general chemistry,ap chemistry cheat sheet,high school,informational,yes
polyatomic ions list,18100,480,,guide,chemical formulas/naming,polyatomic ions cheat sheet,high school,informational,yes
what is chemistry,18100,1300,,guide,general chemistry,what is chemistry guide,middle school,informational,yes
balancing equations,12100,1600,2.21,game,balancing equations,balancing chemical equations game,high school,informational,yes
periodic table pdf,9900,720,1,guide,periodic table,periodic table guide,high school,informational,yes
what are the polyatomic ions,9900,720,,guide,chemical formulas/naming,polyatomic ions cheat sheet,high school,informational,yes
ap chemistry periodic table,8100,10,,guide,periodic table,periodic table guide,high school,informational,yes
quiz about the periodic table,6600,590,2.35,game,periodic table,periodic table game,high school,informational,yes
elements periodic table quiz,6600,590,,game,periodic table,periodic table game,high school,informational,yes
periodic table of the elements quiz,6600,590,,game,periodic table,periodic table game,high school,informational,yes
quiz periodic table of elements,6600,590,2.35,game,periodic table,periodic table game,high school,informational,yes
periodic table element quiz,6600,590,2.35,game,periodic table,periodic table game,high school,informational,yes
quiz periodic table,6600,590,2.35,game,periodic table,periodic table game,high school,informational,yes
quiz the periodic table,6600,590,2.35,game,periodic table,periodic table game,high school,informational,yes
quiz on the periodic table of elements,6600,590,,game,periodic table,periodic table game,high school,informational,yes
periodic table quiz,6600,590,2.35,game,periodic table,periodic table game,high school,informational,yes
periodic table elements quiz,6600,590,,game,periodic table,periodic table game,high school,informational,yes
quiz on the periodic table,6600,590,2.35,game,periodic table,periodic table game,high school,informational,yes
quiz on periodic table,6600,590,2.35,game,periodic table,periodic table game,high school,informational,yes
quiz for periodic table of elements,6600,590,,game,periodic table,periodic table game,high school,informational,yes
quiz on periodic table of elements,6600,590,,game,periodic table,periodic table game,high school,informational,yes
quiz about periodic table,6600,590,2.35,game,periodic table,periodic table game,high school,informational,yes
quiz for periodic table,6600,590,2.35,game,periodic table,periodic table game,high school,informational,yes
quiz about periodic table of elements,6600,590,,game,periodic table,periodic table game,high school,informational,yes
elements of the periodic table quiz,6600,590,,game,periodic table,periodic table game,high school,informational,yes
element periodic table quiz,6600,590,,game,periodic table,periodic table game,high school,informational,yes
periodic table of elements quiz,6600,590,,game,periodic table,periodic table game,high school,informational,yes
naming ionic compounds,6600,320,,guide,chemical formulas/naming,naming compounds practice,high school,informational,yes
balancing chemical equations practice,5400,210,2.02,game,balancing equations,balancing chemical equations game,high school,informational,yes
practice for balancing chemical equations,5400,210,1.85,game,balancing equations,balancing chemical equations game,high school,informational,yes
balancing equations practice chemistry,5400,210,1.85,game,balancing equations,balancing chemical equations game,high school,informational,yes
practice of balancing chemical equations,5400,210,2.02,game,balancing equations,balancing chemical equations game,high school,informational,yes
practice balancing equations,5400,210,1.85,game,balancing equations,balancing chemical equations game,high school,informational,yes
balancing equations chemistry practice,5400,210,,game,balancing equations,balancing chemical equations game,high school,informational,yes
practice balancing chemical equations,5400,210,1.85,game,balancing equations,balancing chemical equations game,high school,informational,yes
chemical balancing equations practice,5400,210,1.85,game,balancing equations,balancing chemical equations game,high school,informational,yes
chemistry practice balancing equations,5400,210,2.02,game,balancing equations,balancing chemical equations game,high school,informational,yes
chemical equations for balancing practice,5400,210,2.02,game,balancing equations,balancing chemical equations game,high school,informational,yes
chemical equations balancing practice,5400,210,,game,balancing equations,balancing chemical equations game,high school,informational,yes
chemistry balancing equations practice,5400,210,1.85,game,balancing equations,balancing chemical equations game,high school,informational,yes
balancing equations practice,5400,210,1.85,game,balancing equations,balancing chemical equations game,high school,informational,yes
practice for balancing equations,5400,210,1.85,game,balancing equations,balancing chemical equations game,high school,informational,yes
how to balance the equation,5400,590,1.23,guide,balancing equations,how to balance chemical equations guide,high school,informational,yes
ionic compounds examples,5400,390,,guide,chemical formulas/naming,naming compounds practice,high school,informational,yes
orgo,5400,260,,guide,organic,chemistry cheat sheet,college,informational,yes
practice problems stoichiometry,4400,30,3.2,game,stoichiometry/moles,stoichiometry practice,high school,informational,yes
practice problems for stoichiometry,4400,30,3.2,game,stoichiometry/moles,stoichiometry practice,high school,informational,yes
practice stoichiometry problems,4400,30,3.2,game,stoichiometry/moles,stoichiometry practice,high school,informational,yes
stoichiometry practice problems,4400,30,3.2,game,stoichiometry/moles,stoichiometry practice,high school,informational,yes
balancing chemical equations calculator,4400,140,2.87,game,balancing equations,balancing chemical equations game,high school,transactional,yes
balancing chemical reactions calculator,4400,140,2.87,game,balancing equations,balancing chemical equations game,high school,transactional,yes
lewis structure practice,3600,50,2.17,game,bonding,bonding practice,high school,informational,yes
practice lewis structure,3600,50,2.17,game,bonding,bonding practice,high school,informational,yes
lewis dot structure practice,3600,50,2.17,game,bonding,bonding practice,high school,informational,yes
balancing chemical equations worksheet,3600,480,,guide,balancing equations,balancing chemical equations game,high school,informational,yes
balancing chemical reactions worksheet,3600,480,,guide,balancing equations,balancing chemical equations game,high school,informational,yes
naming compounds chemistry,3600,170,2.89,guide,chemical formulas/naming,naming compounds practice,high school,informational,yes
naming covalent compounds,3600,320,,guide,chemical formulas/naming,naming compounds practice,high school,informational,yes
periodic table element game,2900,260,0.78,game,periodic table,periodic table game,high school,informational,yes
periodic table of the elements game,2900,260,0.61,game,periodic table,periodic table game,high school,informational,yes
periodic table of elements game,2900,260,0.78,game,periodic table,periodic table game,high school,informational,yes
periodic table elements game,2900,260,0.78,game,periodic table,periodic table game,high school,informational,yes
periodic table game,2900,260,0.78,game,periodic table,periodic table game,high school,informational,yes
elements of the periodic table game,2900,260,0.61,game,periodic table,periodic table game,high school,informational,yes
game periodic table of elements,2900,260,0.61,game,periodic table,periodic table game,high school,informational,yes
game for periodic table,2900,260,0.78,game,periodic table,periodic table game,high school,informational,yes
first 20 elements of the periodic table,2900,1300,0.1,guide,periodic table,periodic table guide,high school,informational,yes
balancing chemical reactions,2400,90,,game,balancing equations,balancing chemical equations game,high school,informational,yes
is chemistry hard,2400,110,,blog,general chemistry,chemistry study tips blog,high school,informational,yes
chemistry games,1900,170,2.16,game,general chemistry,chemistry games for high school,high school,informational,yes
games with chemistry,1900,170,2.16,game,general chemistry,chemistry games for high school,high school,informational,yes
games in chemistry,1900,170,2.16,game,general chemistry,chemistry games for high school,high school,informational,yes
quiz on chemistry,1900,210,2.24,game,general chemistry,chemistry quiz,high school,informational,yes
quiz for chemistry,1900,210,2.52,game,general chemistry,chemistry quiz,high school,informational,yes
chemistry science quiz,1900,210,2.52,game,general chemistry,chemistry quiz,high school,informational,yes
quiz about chemistry,1900,210,2.24,game,general chemistry,chemistry quiz,high school,informational,yes
chemistry quiz,1900,210,2.52,game,general chemistry,chemistry quiz,high school,informational,yes
quiz chemistry,1900,210,2.24,game,general chemistry,chemistry quiz,high school,informational,yes
five types of chemical reactions,1600,40,,guide,reaction types,types of chemical reactions guide,high school,informational,yes
practice stoichiometry,1600,20,1.41,guide,stoichiometry/moles,stoichiometry practice,high school,informational,yes
stoichiometry practice,1600,20,2.17,guide,stoichiometry/moles,stoichiometry practice,high school,informational,yes
organic chemistry practice problems,1600,10,2.04,guide,organic,organic chemistry practice,college,informational,yes
practice problems for organic chemistry,1600,10,2.04,guide,organic,organic chemistry practice,college,informational,yes
practice problems organic chemistry,1600,10,2.04,guide,organic,organic chemistry practice,college,informational,yes
naming polyatomic ions,1600,50,,guide,chemical formulas/naming,naming compounds practice,high school,informational,yes
element quiz,1600,90,,game,periodic table,periodic table game,high school,informational,yes
5 types of chemical reactions,1300,40,,guide,reaction types,types of chemical reactions guide,high school,informational,yes
lewis structure practice problems,1300,10,1.9,game,bonding,lewis structure practice,high school,informational,yes
practice problems lewis dot structure,1300,10,1.9,game,bonding,lewis structure practice,high school,informational,yes
lewis dot structure practice problems,1300,10,,game,bonding,lewis structure practice,high school,informational,yes
predict products of chemical reactions,1300,20,,guide,reaction types,types of chemical reactions guide,high school,informational,yes
polyatomic ions sheet,1300,40,,guide,chemical formulas/naming,chemistry cheat sheet,high school,informational,yes
naming compounds chemistry practice,1300,20,,game,chemical formulas/naming,naming compounds practice,high school,informational,yes
naming compounds practice,1300,20,,game,chemical formulas/naming,naming compounds practice,high school,informational,yes
types of chemical reactions worksheet,1000,50,,guide,reaction types,types of chemical reactions guide,teacher,informational,yes
how to memorize polyatomic ions,1000,10,,guide,chemical formulas/naming,polyatomic ions cheat sheet,high school,informational,yes
naming ionic compounds worksheet,1000,50,,guide,chemical formulas/naming,naming compounds practice,teacher,informational,yes
is chemistry harder than physics,1000,110,,blog,general chemistry,chemistry study tips blog,high school,informational,yes
how to balance chemical equations step by step,880,40,,guide,balancing equations,how to balance chemical equations guide,high school,informational,yes
periodic table memorization game,880,30,6.93,game,periodic table,periodic table game,high school,informational,yes
memorizing the periodic table game,880,30,4.33,game,periodic table,periodic table game,high school,informational,yes
memorize periodic table game,880,30,6.93,game,periodic table,periodic table game,high school,informational,yes
memorize the periodic table game,880,30,6.93,game,periodic table,periodic table game,high school,informational,yes
memorizing periodic table game,880,30,,game,periodic table,periodic table game,high school,informational,yes
periodic table memory game,880,30,6.93,game,periodic table,periodic table game,high school,informational,yes
periodic table memorize game,880,30,,game,periodic table,periodic table game,high school,informational,yes
what are different types of chemical reactions,880,50,,guide,reaction types,types of chemical reactions guide,high school,informational,yes
what are types of chemical reactions,880,50,,guide,reaction types,types of chemical reactions guide,high school,informational,yes
what are the different types of chemical reactions,880,50,,guide,reaction types,types of chemical reactions guide,high school,informational,yes
chemistry flashcards,880,70,,game,general chemistry,chemistry flashcards,high school,informational,yes
flashcards chemistry,880,70,0.48,game,general chemistry,chemistry flashcards,high school,informational,yes
practice chemistry problems,880,20,5.13,game,general chemistry,chemistry practice problems,high school,informational,yes
practice problems chemistry,880,20,5.13,game,general chemistry,chemistry practice problems,high school,informational,yes
chemical equation solver,880,70,2.79,guide,balancing equations,how to balance chemical equations guide,high school,informational,yes
how to balance a chemical equation step by step,880,40,2.7,guide,balancing equations,how to balance chemical equations guide,high school,informational,yes
balancing chemical equations examples,880,70,,guide,balancing equations,how to balance chemical equations guide,high school,informational,yes
naming ionic compounds practice,880,10,0.02,game,chemical formulas/naming,naming compounds practice,high school,informational,yes
naming ionic compounds quiz,880,10,0.02,game,chemical formulas/naming,naming compounds practice,high school,informational,yes
naming covalent compounds rules,880,40,,guide,chemical formulas/naming,naming compounds practice,high school,informational,yes
orgo meaning,880,70,,guide,organic,organic chemistry guide,high school,informational,yes
quiz questions about chemistry,720,20,,game,general chemistry,chemistry games for high school,high school,informational,yes
organic chemistry nomenclature quiz,720,30,,game,organic,naming compounds practice,high school,informational,yes
quiz chemistry questions,720,20,,game,general chemistry,chemistry quiz,high school,informational,yes
questions for chemistry quiz,720,20,,game,general chemistry,chemistry quiz,high school,informational,yes
quiz questions chemistry,720,20,,game,general chemistry,chemistry quiz,high school,informational,yes
chemistry quiz questions,720,20,,game,general chemistry,chemistry quiz,high school,informational,yes
chemistry question quiz,720,20,,game,general chemistry,chemistry quiz,high school,informational,yes
chemistry questions quiz,720,20,,game,general chemistry,chemistry quiz,high school,informational,yes
what are 5 types of chemical reactions,720,10,,guide,reaction types,types of chemical reactions guide,high school,informational,yes
what are the 5 types of chemical reactions,720,10,,guide,reaction types,types of chemical reactions guide,high school,informational,yes
what are five types of chemical reactions,720,10,,guide,reaction types,types of chemical reactions guide,high school,informational,yes
what are the five types of chemical reactions,720,10,,guide,reaction types,types of chemical reactions guide,high school,informational,yes
cheat sheet chemistry,720,70,,guide,general chemistry,chemistry cheat sheet,high school,informational,yes
chemistry cheat sheet,720,70,0.5,guide,general chemistry,chemistry cheat sheet,high school,informational,yes
cheat sheet for chemistry,720,70,0.5,guide,general chemistry,chemistry cheat sheet,high school,informational,yes
how to study for chemistry,720,140,7.07,blog,general chemistry,chemistry study tips blog,high school,informational,yes
how to study chemistry,720,140,7.07,blog,general chemistry,chemistry study tips blog,high school,informational,yes
worksheets for chemistry,720,50,6.57,guide,general chemistry,chemistry worksheets,teacher,informational,yes
chemistry worksheets,720,50,,guide,general chemistry,chemistry worksheets,teacher,informational,yes
worksheets in chemistry,720,50,,guide,general chemistry,chemistry worksheets,teacher,informational,yes
worksheets chemistry,720,50,6.57,guide,general chemistry,chemistry worksheets,teacher,informational,yes
chemistry practice problems,720,20,4.51,guide,general chemistry,chemistry practice problems,high school,informational,yes
practice problems for chemistry,720,20,4.51,guide,general chemistry,chemistry practice problems,high school,informational,yes
naming ionic and covalent compounds,720,40,,guide,chemical formulas/naming,naming compounds practice,high school,informational,yes
functional groups organic chemistry quiz,590,20,0.01,game,organic,organic chemistry quiz,college,informational,yes
functional groups quiz organic chemistry,590,20,0.01,game,organic,organic chemistry quiz,college,informational,yes
functional group quiz organic chemistry,590,20,0.01,game,organic,organic chemistry quiz,college,informational,yes
organic chemistry functional groups quiz,590,20,,game,organic,organic chemistry quiz,college,informational,yes
organic chemistry quiz functional groups,590,20,0.01,game,organic,organic chemistry quiz,college,informational,yes
how to write and balance chemical equations,590,50,1.62,guide,balancing equations,how to balance chemical equations guide,high school,informational,yes
how to write chemical equations and balance,590,50,1.62,guide,balancing equations,how to balance chemical equations guide,high school,informational,yes
ap chemistry cheat sheet,590,10,,guide,general chemistry,chemistry cheat sheet,high school,informational,yes
flashcards for organic chemistry,590,20,0.57,game,organic,chemistry flashcards,college,informational,yes
organic chemistry flashcards,590,20,0.57,game,organic,chemistry flashcards,college,informational,yes
ap chemistry practice problems,590,10,4.36,guide,general chemistry,chemistry practice problems,high school,informational,yes
ap chem cheat sheet,590,10,,guide,general chemistry,chemistry cheat sheet,high school,informational,yes
how many polyatomic ions are there,590,20,,guide,chemical formulas/naming,polyatomic ions guide,high school,informational,yes
polyatomic ions flashcards,590,20,0.02,game,chemical formulas/naming,polyatomic ions flashcards,high school,informational,yes
how to name compounds in organic chemistry,590,70,4.12,guide,organic,naming compounds practice,college,informational,yes
why is organic chemistry so hard,590,20,,guide,organic,chemistry study tips blog,high school,informational,yes
chemistry nomenclature quiz,480,10,,game,chemical formulas/naming,naming compounds practice,high school,informational,yes
nomenclature chemistry quiz,480,10,,game,chemical formulas/naming,naming compounds practice,high school,informational,yes
quiz on functional groups organic chemistry,480,20,1.53,game,organic,naming compounds practice,high school,informational,yes
organic chemistry functional group quiz,480,20,1.53,game,organic,naming compounds practice,high school,informational,yes
balancing chemical equations practice problems,480,10,,guide,balancing equations,how to balance chemical equations guide,high school,informational,yes
practice problems balancing chemical equations,480,10,,guide,balancing equations,how to balance chemical equations guide,high school,informational,yes
practice problems for balancing chemical equations,480,10,,guide,balancing equations,how to balance chemical equations guide,high school,informational,yes
4 types of chemical reactions,480,40,,guide,reaction types,chemistry cheat sheet,high school,informational,yes
pogil types of chemical reactions,480,10,,guide,reaction types,chemistry cheat sheet,teacher,informational,yes
types of chemical reactions pogil,480,10,,guide,reaction types,chemistry cheat sheet,teacher,informational,yes
four types of chemical reactions,480,40,,guide,reaction types,chemistry cheat sheet,high school,informational,yes
states of matter game,480,90,,game,general chemistry,states of matter game,middle school,informational,yes
lewis structure practice worksheet,480,10,,guide,bonding,lewis structure practice,high school,informational,yes
draw lewis structure practice,480,10,2.96,game,bonding,lewis structure practice,high school,informational,yes
lewis dot structure practice worksheet,480,10,4.44,guide,bonding,lewis structure practice,high school,informational,yes
lewis structure drawing practice,480,10,2.96,game,bonding,lewis structure practice,high school,informational,yes
gcse chemistry flashcards,480,10,,game,general chemistry,chemistry flashcards,high school,informational,yes
chemistry flashcards gcse,480,10,,game,general chemistry,chemistry flashcards,high school,informational,yes
flashcards for gcse chemistry,480,10,,game,general chemistry,chemistry flashcards,high school,informational,yes
chemistry gcse flashcards,480,10,,game,general chemistry,chemistry flashcards,high school,informational,yes
practice conversion problems for chemistry,480,10,,guide,stoichiometry/moles,chemistry conversions practice,high school,informational,yes
practice conversion problems chemistry,480,10,36.09,guide,stoichiometry/moles,chemistry conversions practice,high school,informational,yes
conversion practice problems chemistry,480,10,36.09,guide,stoichiometry/moles,chemistry conversions practice,high school,informational,yes
chemistry conversion practice problems,480,10,36.09,guide,stoichiometry/moles,chemistry conversions practice,high school,informational,yes
chemistry conversions practice problems,480,10,,guide,stoichiometry/moles,chemistry conversions practice,high school,informational,yes
practice chemistry conversion problems,480,10,36.09,guide,stoichiometry/moles,chemistry conversions practice,high school,informational,yes
chemical equation balancer calculator,480,140,,game,balancing equations,balancing chemical equations game,high school,informational,yes
balancing chemical equations worksheet answers,480,30,,guide,balancing equations,how to balance chemical equations guide,high school,informational,yes
balancing chemical reactions examples,480,30,,guide,balancing equations,how to balance chemical equations guide,high school,informational,yes
balancing chemical equations worksheet with answers,480,30,,guide,balancing equations,how to balance chemical equations guide,high school,informational,yes
common polyatomic ions list,480,20,,guide,chemical formulas/naming,chemistry cheat sheet,high school,informational,yes
writing and balancing chemical equations,480,30,,guide,balancing equations,how to balance chemical equations guide,high school,informational,yes
naming covalent compounds worksheet,480,30,,guide,chemical formulas/naming,naming compounds practice,high school,informational,yes
chemistry games balancing equations,390,40,,game,balancing equations,balancing chemical equations game,high school,informational,yes
balancing chemical equations game,390,40,3.06,game,balancing equations,balancing chemical equations game,high school,informational,yes
how to easily balance chemical equations,390,40,1.68,guide,balancing equations,how to balance chemical equations guide,high school,informational,yes
how to balance chemical equations easy,390,40,,guide,balancing equations,how to balance chemical equations guide,high school,informational,yes
how to balance chemical equations easily,390,40,1.68,guide,balancing equations,how to balance chemical equations guide,high school,informational,yes
periodic table quiz symbols,390,20,,game,periodic table,periodic table game,high school,informational,yes
periodic table elements and symbols quiz,390,20,,game,periodic table,periodic table game,high school,informational,yes
periodic table symbols quiz,390,20,,game,periodic table,periodic table game,high school,informational,yes
periodic table symbol quiz,390,20,,game,periodic table,periodic table game,high school,informational,yes
periodic table element symbol quiz,390,20,,game,periodic table,periodic table game,high school,informational,yes
periodic table of elements quiz symbols,390,20,,game,periodic table,periodic table game,high school,informational,yes
acids and bases practice problems,390,10,,guide,acids & bases,acid base practice,high school,informational,yes
what are the types of chemical reactions,390,50,,guide,reaction types,types of chemical reactions guide,high school,informational,yes
types of chemical reactions examples,390,10,,guide,reaction types,types of chemical reactions guide,high school,informational,yes
types of chemical reactions and examples,390,10,,guide,reaction types,types of chemical reactions guide,high school,informational,yes
types of chemical reactions with examples,390,10,,guide,reaction types,types of chemical reactions guide,high school,informational,yes
organic chemistry cheat sheet,390,40,,guide,organic,organic chemistry cheat sheet,high school,informational,yes
cheat sheet for organic chemistry,390,40,0.08,guide,organic,organic chemistry cheat sheet,high school,informational,yes
cheat sheet organic chemistry,390,40,,guide,organic,organic chemistry cheat sheet,high school,informational,yes
list of chemistry formulas,390,20,0.1,guide,general chemistry,chemistry cheat sheet,high school,informational,yes
chemistry formulas list,390,20,,guide,general chemistry,chemistry cheat sheet,high school,informational,yes
bonding chemistry worksheets,390,10,,guide,bonding,bonding practice,high school,informational,yes
acid-base chemistry practice problems,390,10,,guide,acids & bases,acid base practice,high school,informational,yes
acid and base chemistry practice problems,390,10,,guide,acids & bases,acid base practice,high school,informational,yes
acid base chemistry practice problems,390,10,,guide,acids & bases,acid base practice,high school,informational,yes
chemical equation balancer with steps,390,30,,guide,balancing equations,how to balance chemical equations guide,high school,informational,yes
how to balance chemical equation easily,390,40,1.68,guide,balancing equations,how to balance chemical equations guide,high school,informational,yes
balancing chemical equations answer key,390,10,4.96,guide,balancing equations,balancing chemical equations practice,high school,informational,yes
chemistry reference table 2026,390,0,,guide,general chemistry,chemistry cheat sheet,high school,informational,yes
balancing chemical equations with answers,390,10,4.96,guide,balancing equations,balancing chemical equations practice,high school,informational,yes
naming compounds chemistry worksheet,390,40,,guide,chemical formulas/naming,naming compounds practice,high school,informational,yes
naming covalent compounds prefixes,390,20,,guide,chemical formulas/naming,naming compounds practice,high school,informational,yes
iupac nomenclature examples,390,30,,guide,chemical formulas/naming,naming compounds practice,high school,informational,yes
naming chemical compounds worksheet,390,40,,guide,chemical formulas/naming,naming compounds practice,high school,informational,yes
binary ionic compounds examples,390,10,,guide,chemical formulas/naming,naming compounds practice,high school,informational,yes
practice problems balancing equations,320,10,,guide,balancing equations,balancing chemical equations practice,high school,informational,yes
balancing equations practice problems,320,10,,guide,balancing equations,balancing chemical equations practice,high school,informational,yes
practice problems for balancing equations,320,10,,guide,balancing equations,balancing chemical equations practice,high school,informational,yes
periodic table of elements game quiz,320,10,,game,periodic table,periodic table game,high school,informational,yes
periodic table game quiz,320,10,,game,periodic table,periodic table game,high school,informational,yes
periodic table quiz game,320,10,,game,periodic table,periodic table game,high school,informational,yes
periodic table quiz games,320,10,,game,periodic table,periodic table game,high school,informational,yes
identify types of chemical reactions,320,10,,guide,reaction types,types of chemical reactions guide,high school,informational,yes
identifying types of chemical reactions,320,10,,guide,reaction types,types of chemical reactions guide,high school,informational,yes
stoichiometry practice problems with answers,320,10,,guide,stoichiometry/moles,stoichiometry practice,high school,informational,yes
stoichiometry practice problems answers,320,10,,guide,stoichiometry/moles,stoichiometry practice,high school,informational,yes
extra stoichiometry practice answers,320,10,,guide,stoichiometry/moles,stoichiometry practice,high school,informational,yes
practice stoichiometry problems with answers,320,10,,guide,stoichiometry/moles,stoichiometry practice,high school,informational,yes
mole-to mole conversion practice,320,10,,guide,stoichiometry/moles,stoichiometry practice,high school,informational,yes
mole to-mole conversion practice,320,10,,guide,stoichiometry/moles,stoichiometry practice,high school,informational,yes
mole to mole conversion practice,320,10,,guide,stoichiometry/moles,stoichiometry practice,high school,informational,yes
how to study for organic chemistry,320,10,3.36,blog,organic,chemistry study tips blog,high school,informational,yes
how to study organic chemistry,320,10,3.36,blog,organic,chemistry study tips blog,high school,informational,yes
titration simulation,320,40,2.87,game,acids & bases,acids and bases games,high school,informational,yes
equilibrium chemistry practice problems,320,10,,guide,stoichiometry/moles,chemistry practice problems,high school,informational,yes
chemistry equilibrium practice problems,320,10,,guide,stoichiometry/moles,chemistry practice problems,high school,informational,yes
periodic table worksheet pdf,320,10,,guide,periodic table,periodic table worksheet,high school,transactional,yes
50 examples of balanced chemical equations with answers,320,30,,guide,balancing equations,balancing chemical equations practice,high school,informational,yes
balancing equations worksheet with answers pdf,320,20,,guide,balancing equations,balancing chemical equations practice,high school,transactional,yes
ap chemistry formulas,320,10,,guide,stoichiometry/moles,chemistry cheat sheet,high school,informational,yes
polyatomic ions list with charges,320,10,,guide,chemical formulas/naming,chemistry cheat sheet,high school,informational,yes
naming covalent compounds quiz,320,10,,game,chemical formulas/naming,naming compounds practice,high school,informational,yes
naming covalent compounds practice,320,10,,game,chemical formulas/naming,naming compounds practice,high school,informational,yes
orgo class,320,10,,guide,organic,organic chemistry guide,college,informational,yes
is chemistry harder than biology,320,20,,blog,general chemistry,chemistry study tips blog,high school,informational,yes
chemistry games app,260,10,,game,general chemistry,chemistry games for high school,high school,informational,yes
periodic table online game,260,10,2.79,game,periodic table,periodic table game,high school,informational,yes
periodic table of elements online game,260,10,2.79,game,periodic table,periodic table game,high school,informational,yes
online periodic table game,260,10,2.79,game,periodic table,periodic table game,high school,informational,yes
periodic table bingo game,260,70,0.17,game,periodic table,periodic table game,teacher,informational,yes
periodic table game online,260,10,2.79,game,periodic table,periodic table game,high school,informational,yes
periodic table quiz app,260,10,,game,periodic table,periodic table game,high school,informational,yes
element symbols quiz,260,10,,game,periodic table,periodic table game,high school,informational,yes
quiz on element symbols,260,10,,game,periodic table,periodic table game,high school,informational,yes
types of chemical reactions pogil answers key,260,0,,guide,reaction types,types of chemical reactions guide,high school,informational,yes
all types of chemical reactions,260,40,,guide,reaction types,types of chemical reactions guide,high school,informational,yes
pogil types of chemical reactions answer key,260,0,,guide,reaction types,types of chemical reactions guide,high school,informational,yes
types of organic chemical reactions,260,30,,guide,organic,types of chemical reactions guide,high school,informational,yes
types of chemical reactions redox,260,30,,guide,reaction types,types of chemical reactions guide,high school,informational,yes
types of chemical reactions pogil answer key,260,0,,guide,reaction types,types of chemical reactions guide,high school,informational,yes
6 types of chemical reactions,260,20,,guide,reaction types,types of chemical reactions guide,high school,informational,yes
six types of chemical reactions,260,20,,guide,reaction types,types of chemical reactions guide,high school,informational,yes
types of chemical reactions answer key pogil,260,0,,guide,reaction types,types of chemical reactions guide,high school,informational,yes
organic chemistry reactions cheat sheet,260,10,0.17,guide,organic,chemistry cheat sheet,college,informational,yes
organic chemistry reaction cheat sheet,260,10,0.17,guide,organic,chemistry cheat sheet,college,informational,yes
how to study ap chemistry,260,10,,blog,general chemistry,chemistry study tips blog,high school,informational,yes
how to study for ap chemistry,260,10,,blog,general chemistry,chemistry study tips blog,high school,informational,yes
lewis structure and intermolecular forces practice,260,10,,guide,bonding,bonding practice,high school,informational,yes
molecule game,260,10,4.18,game,bonding,bonding practice,high school,informational,yes
chemistry flashcards a level,260,10,,game,general chemistry,chemistry flashcards,high school,informational,yes
flashcards for chemistry,260,70,0.67,game,general chemistry,chemistry flashcards,high school,informational,yes
a level chemistry flashcards,260,10,,game,general chemistry,chemistry flashcards,high school,informational,yes
chemistry nomenclature practice problems,260,10,2.97,guide,chemical formulas/naming,naming compounds practice,high school,informational,yes
polyatomic ions worksheet,260,10,,guide,chemical formulas/naming,naming compounds practice,high school,informational,yes
are polyatomic ions covalent or ionic,260,30,,guide,bonding,bonding guide,high school,informational,yes
naming compounds chemistry quiz,210,10,,game,chemical formulas/naming,naming compounds practice,high school,informational,yes
chemistry physical and chemical changes quiz,210,20,,game,reaction types,physical and chemical changes quiz,high school,informational,yes
balancing chemical equations practice online,210,10,3.64,game,balancing equations,balancing chemical equations game,high school,informational,yes
balancing chemical equations online practice,210,10,3.64,game,balancing equations,balancing chemical equations game,high school,informational,yes
balancing chemical equations khan academy practice,210,10,,game,balancing equations,balancing chemical equations game,high school,informational,yes
khan academy balancing chemical equations practice,210,10,,game,balancing equations,balancing chemical equations game,high school,informational,yes
practice balancing chemical equations online,210,10,3.64,game,balancing equations,balancing chemical equations game,high school,informational,yes
online practice balancing chemical equations,210,10,,game,balancing equations,balancing chemical equations game,high school,informational,yes
periodic table learning game,210,20,1.49,game,periodic table,periodic table game,middle school,informational,yes
learning the periodic table game,210,20,2.96,game,periodic table,periodic table game,middle school,informational,yes
learn the periodic table of elements game,210,20,2.96,game,periodic table,periodic table game,middle school,informational,yes
two letter symbol from the periodic table password game,210,30,,game,periodic table,periodic table game,general,informational,yes
learning periodic table game,210,20,1.49,game,periodic table,periodic table game,middle school,informational,yes
learn the periodic table game,210,20,1.49,game,periodic table,periodic table game,middle school,informational,yes
periodic table of elements quiz game,210,10,,game,periodic table,periodic table game,high school,informational,yes
study periodic table game,210,20,1.49,game,periodic table,periodic table game,middle school,informational,yes
periodic table study game,210,20,,game,periodic table,periodic table game,middle school,informational,yes
learn periodic table game,210,20,1.49,game,periodic table,periodic table game,middle school,informational,yes
periodic table of elements study game,210,10,,game,periodic table,periodic table game,middle school,informational,yes
elements of periodic table quiz,210,590,,game,periodic table,periodic table game,middle school,informational,yes
elements and periodic table quiz,210,10,,game,periodic table,periodic table game,middle school,informational,yes
periodic table quiz first 20,210,20,,game,periodic table,periodic table game,middle school,informational,yes
element quiz periodic table,210,590,,game,periodic table,periodic table game,middle school,informational,yes
periodic table first 20 elements quiz,210,20,,game,periodic table,periodic table game,middle school,informational,yes
3 types of chemical reactions,210,10,,guide,reaction types,types of chemical reactions guide,high school,informational,yes
lab types of chemical reactions,210,10,,guide,reaction types,types of chemical reactions practice,high school,informational,yes
types of chemical reactions labs,210,10,,guide,reaction types,types of chemical reactions practice,high school,informational,yes
types of chemical reactions lab,210,10,,guide,reaction types,types of chemical reactions practice,high school,informational,yes
three types of chemical reactions,210,10,,guide,reaction types,types of chemical reactions guide,high school,informational,yes
states of matter game online,210,20,2.93,game,general chemistry,states of matter game,middle school,informational,yes
states of matter online game,210,20,2.93,game,general chemistry,states of matter game,middle school,informational,yes
interactive states of matter game,210,20,2.93,game,general chemistry,states of matter game,middle school,informational,yes
states of matter interactive game,210,20,3,game,general chemistry,states of matter game,middle school,informational,yes
worksheet stoichiometry practice,210,10,,guide,stoichiometry/moles,stoichiometry practice,high school,informational,yes
stoichiometry practice worksheet,210,10,,guide,stoichiometry/moles,stoichiometry practice,high school,informational,yes
practice stoichiometry worksheet,210,10,,guide,stoichiometry/moles,stoichiometry practice,high school,informational,yes
gas stoichiometry practice problems,210,10,,guide,stoichiometry/moles,stoichiometry practice,high school,informational,yes
chemistry how to study,210,40,0.91,blog,general chemistry,chemistry study tips blog,high school,informational,yes
ap chemistry worksheets,210,10,3.39,guide,general chemistry,chemistry worksheets,high school,informational,yes
organic chemistry functional group flashcards,210,10,0.02,game,organic,functional groups flashcards,college,informational,yes
functional groups organic chemistry flashcards,210,10,0.02,game,organic,functional groups flashcards,college,informational,yes
ap chemistry flashcards,210,10,0.23,guide,general chemistry,chemistry flashcards,high school,informational,yes
organic chemistry functional groups flashcards,210,10,0.02,guide,organic,chemistry flashcards,high school,informational,yes
chemistry kinetics practice problems,210,10,,guide,general chemistry,chemistry practice problems,high school,informational,yes
kinetics chemistry practice problems,210,10,,guide,general chemistry,chemistry practice problems,high school,informational,yes
periodic table of elements project ideas,210,10,,blog,periodic table,periodic table project ideas blog,teacher,informational,yes
balancing chemical equations simulation,210,10,,game,balancing equations,balancing chemical equations game,high school,informational,yes
balancing chemical equations worksheet pdf,210,20,,guide,balancing equations,balancing chemical equations practice,high school,informational,yes
polyatomic ions list pdf,210,10,,guide,chemical formulas/naming,chemistry cheat sheet,high school,informational,yes
naming ionic and covalent compounds quiz,210,10,,game,chemical formulas/naming,naming compounds practice,high school,informational,yes
naming compounds quiz,210,10,,game,chemical formulas/naming,naming compounds practice,high school,informational,yes
chemistry games online,170,20,4.07,game,general chemistry,chemistry games for high school,high school,informational,yes
organic chemistry games,170,10,,game,organic,chemistry games for high school,high school,informational,yes
chemistry online games,170,20,4.07,game,general chemistry,chemistry games for high school,high school,informational,yes
online chemistry games,170,20,3.06,game,general chemistry,chemistry games for high school,high school,informational,yes
chemistry bonding quiz,170,10,,game,bonding,bonding practice,high school,informational,yes
chemistry acids and bases quiz,170,20,1.05,game,acids & bases,acids and bases quiz,high school,informational,yes
quiz for organic chemistry,170,40,4,game,organic,organic chemistry quiz,high school,informational,yes
chemistry quiz on chemical bonding,170,10,,game,bonding,bonding practice,high school,informational,yes
chemistry chemical bonding quiz,170,10,,game,bonding,bonding practice,high school,informational,yes
chemistry quiz on bonding,170,10,,game,bonding,bonding practice,high school,informational,yes
balancing equations quiz chemistry,170,20,,game,balancing equations,balancing chemical equations game,high school,informational,yes
chemistry bonds quiz,170,10,,game,bonding,bonding practice,high school,informational,yes
organometallic chemistry quiz,170,40,2.96,game,organic,organic chemistry quiz,college,informational,yes
bonding quiz chemistry,170,10,,game,bonding,bonding practice,high school,informational,yes
chemistry balancing equations quiz,170,20,,game,balancing equations,balancing chemical equations game,high school,informational,yes
quiz on organic chemistry,170,40,2.96,game,organic,organic chemistry quiz,high school,informational,yes
quiz of organic chemistry,170,40,2.96,game,organic,organic chemistry quiz,high school,informational,yes
organic chemistry quiz,170,40,2.96,game,organic,organic chemistry quiz,high school,informational,yes
chemistry quiz balancing equations,170,20,,game,balancing equations,balancing chemical equations game,high school,informational,yes
quiz organic chemistry,170,40,4,game,organic,organic chemistry quiz,high school,informational,yes
acid base chemistry quiz,170,20,2.94,game,acids & bases,acids and bases quiz,high school,informational,yes
how to quickly balance chemical equations,170,30,,guide,balancing equations,how to balance chemical equations guide,high school,informational,yes
how to balance chemical equations quickly,170,30,,guide,balancing equations,how to balance chemical equations guide,high school,informational,yes
how to balance charges in chemical equations,170,10,,guide,balancing equations,how to balance chemical equations guide,high school,informational,yes
how to balance chemical equations fast,170,30,,guide,balancing equations,how to balance chemical equations guide,high school,informational,yes
how to balance chemical equations with charges,170,10,,guide,balancing equations,how to balance chemical equations guide,high school,informational,yes
balancing redox equations practice,170,10,0.57,guide,balancing equations,balancing chemical equations practice,high school,informational,yes
balancing equations practice worksheet,170,10,,guide,balancing equations,balancing chemical equations practice,high school,informational,yes
practice balancing equations worksheet,170,10,,guide,balancing equations,balancing chemical equations practice,high school,informational,yes
periodic table of elements interactive game,170,10,,game,periodic table,periodic table game,high school,informational,yes
interactive periodic table of elements game,170,10,,game,periodic table,periodic table game,high school,informational,yes
periodic table interactive game,170,10,,game,periodic table,periodic table game,high school,informational,yes
interactive periodic table game,170,10,,game,periodic table,periodic table game,high school,informational,yes
periodic table quiz first 20 elements,170,20,,game,periodic table,periodic table game,high school,informational,yes
first 20 elements of the periodic table quiz,170,20,,game,periodic table,periodic table game,high school,informational,yes
4 types of chemical reactions with examples,170,10,,guide,reaction types,types of chemical reactions guide,high school,informational,yes
worksheet on types of chemical reactions,170,10,,guide,reaction types,types of chemical reactions guide,high school,informational,yes
worksheet types of chemical reactions,170,10,,guide,reaction types,types of chemical reactions guide,high school,informational,yes
4 types of chemical reactions examples,170,10,,guide,reaction types,types of chemical reactions guide,high school,informational,yes
nomenclature chemistry cheat sheet,170,10,,guide,chemical formulas/naming,chemistry cheat sheet,high school,informational,yes
chemistry nomenclature cheat sheet,170,10,,guide,chemical formulas/naming,chemistry cheat sheet,high school,informational,yes
cheat sheet chemistry conversion chart,170,10,0.07,guide,stoichiometry/moles,chemistry cheat sheet,high school,informational,yes
solution stoichiometry practice problems,170,10,,game,stoichiometry/moles,stoichiometry practice,high school,informational,yes
stoichiometry practice problems with solutions,170,10,,game,stoichiometry/moles,stoichiometry practice,high school,informational,yes
practice stoichiometry questions,170,20,,game,stoichiometry/moles,stoichiometry practice,high school,informational,yes
stoichiometry practice problems and solutions,170,10,,game,stoichiometry/moles,stoichiometry practice,high school,informational,yes
stoichiometry practice questions,170,20,,game,stoichiometry/moles,stoichiometry practice,high school,informational,yes
practice mole conversion problems,170,10,,game,stoichiometry/moles,stoichiometry practice,high school,informational,yes
chemistry study tips,170,10,5.65,blog,general chemistry,chemistry study tips blog,high school,informational,yes
study tips for chemistry,170,10,4.3,blog,general chemistry,chemistry study tips blog,high school,informational,yes
study tips chemistry,170,10,4.3,blog,general chemistry,chemistry study tips blog,high school,informational,yes
how to study for chemistry exam,170,20,1.6,blog,general chemistry,chemistry study tips blog,high school,informational,yes
how to study for chemistry tests,170,20,1.99,blog,general chemistry,chemistry study tips blog,high school,informational,yes
how to study chemistry for exam,170,20,1.6,blog,general chemistry,chemistry study tips blog,high school,informational,yes
how to study for a chemistry test,170,20,1.6,blog,general chemistry,chemistry study tips blog,high school,informational,yes
how to study for chemistry test,170,20,1.6,blog,general chemistry,chemistry study tips blog,high school,informational,yes
how to study for chemistry exams,170,20,1.99,blog,general chemistry,chemistry study tips blog,high school,informational,yes
how to study for a chemistry exam,170,20,1.6,blog,general chemistry,chemistry study tips blog,high school,informational,yes
organic chemistry worksheets,170,30,0.08,guide,organic,organic chemistry worksheets,high school,informational,yes
general chemistry practice problems,170,10,3.09,game,general chemistry,general chemistry practice,high school,informational,yes
unit conversion practice problems chemistry,170,10,,game,general chemistry,chemistry conversions practice,high school,informational,yes
chemistry unit conversion practice problems,170,10,,game,general chemistry,chemistry conversions practice,high school,informational,yes
conversion factors chemistry practice problems,170,10,,game,general chemistry,chemistry conversions practice,high school,informational,yes
conversion factor practice problems chemistry,170,10,,game,general chemistry,chemistry conversions practice,high school,informational,yes
dimensional analysis chemistry practice problems,170,10,,game,general chemistry,chemistry conversions practice,high school,informational,yes
chemistry dimensional analysis practice problems,170,10,,game,general chemistry,chemistry conversions practice,high school,informational,yes
dimensional analysis practice problems chemistry,170,10,,game,general chemistry,chemistry conversions practice,high school,informational,yes
unit conversion problems chemistry practice,170,10,,game,general chemistry,chemistry conversions practice,high school,informational,yes
balancing chemical equations quiz,170,20,,game,balancing equations,balancing chemical equations game,high school,informational,yes
unbalanced chemical equation examples,170,20,,guide,balancing equations,how to balance chemical equations guide,high school,informational,yes
stoichiometry mass to mass problems,170,10,,game,stoichiometry/moles,stoichiometry practice,high school,informational,yes
memorize polyatomic ions game,170,10,,game,chemical formulas/naming,naming compounds practice,high school,informational,yes
naming molecular compounds worksheet,170,10,,guide,chemical formulas/naming,naming compounds practice,high school,informational,yes
naming polyatomic ions practice,170,10,,game,chemical formulas/naming,naming compounds practice,high school,informational,yes
how to understand chemistry,170,10,9.24,guide,general chemistry,chemistry study tips blog,high school,informational,yes
chemistry mixing games,140,10,3.04,game,general chemistry,chemistry games for high school,high school,informational,yes
questions for chemistry quiz with answers,140,10,,guide,general chemistry,chemistry quiz questions,high school,informational,yes
ms doe chemistry quiz,140,10,,game,general chemistry,chemistry quiz questions,high school,informational,yes
chemistry quiz questions with answers,140,10,,guide,general chemistry,chemistry quiz questions,high school,informational,yes
chemistry reactions quiz,140,20,,game,reaction types,chemical reactions quiz,high school,informational,yes
chemistry reaction quiz,140,20,,game,reaction types,chemical reactions quiz,high school,informational,yes
chemistry quiz questions and answers,140,10,,guide,general chemistry,chemistry quiz questions,high school,informational,yes
quiz questions on chemistry with answers,140,10,,guide,general chemistry,chemistry quiz questions,high school,informational,yes
chemistry questions and answers quiz,140,10,,guide,general chemistry,chemistry quiz questions,high school,informational,yes
dr doe's chemistry quiz mobile,140,10,,game,general chemistry,chemistry quiz questions,high school,informational,yes
balancing chemical equations game answer key level 1,140,0,,guide,balancing equations,balancing chemical equations game,high school,informational,yes
practice balancing chemical equations worksheet,140,10,,guide,balancing equations,how to balance chemical equations guide,high school,informational,yes
chemistry balancing equations practice worksheet,140,10,,guide,balancing equations,how to balance chemical equations guide,high school,informational,yes
balancing chemical equations practice worksheet,140,10,,guide,balancing equations,how to balance chemical equations guide,high school,informational,yes
periodic table board game,140,10,0.17,game,periodic table,periodic table game,middle school,informational,yes
periodic table game board,140,10,0.17,game,periodic table,periodic table game,middle school,informational,yes
periodic table of elements board game,140,10,0.55,game,periodic table,periodic table game,middle school,informational,yes
how to identify types of chemical reactions,140,10,,guide,reaction types,types of chemical reactions guide,high school,informational,yes
types of chemical reactions synthesis,140,10,,guide,reaction types,types of chemical reactions guide,high school,informational,yes
what are 4 types of chemical reactions,140,10,,guide,reaction types,types of chemical reactions guide,high school,informational,yes
what are the four types of chemical reactions,140,10,,guide,reaction types,types of chemical reactions guide,high school,informational,yes
two types of chemical reactions,140,10,,guide,reaction types,types of chemical reactions guide,high school,informational,yes
what are the 4 types of chemical reactions,140,10,,guide,reaction types,types of chemical reactions guide,high school,informational,yes
types of chemical reactions worksheet answers,140,10,,guide,reaction types,types of chemical reactions guide,high school,informational,yes
types of chemical reactions worksheet with answers,140,10,,guide,reaction types,types of chemical reactions guide,high school,informational,yes
types of chemical reactions: synthesis,140,0,,guide,reaction types,types of chemical reactions guide,high school,informational,yes
2 types of chemical reactions,140,10,,guide,reaction types,types of chemical reactions guide,high school,informational,yes
chemistry formulas cheat sheet,140,10,,guide,general chemistry,chemistry cheat sheet,high school,informational,yes
chemistry formula cheat sheet,140,10,,guide,general chemistry,chemistry cheat sheet,high school,informational,yes
chemistry cheat sheet formulas,140,10,,guide,general chemistry,chemistry cheat sheet,high school,informational,yes
general chemistry cheat sheet,140,10,0.04,guide,general chemistry,chemistry cheat sheet,high school,informational,yes
easy stoichiometry practice problems,140,10,,guide,stoichiometry/moles,stoichiometry practice,high school,informational,yes
basic stoichiometry practice problems,140,10,,guide,stoichiometry/moles,stoichiometry practice,high school,informational,yes
how to study for ap chemistry exam,140,0,,blog,general chemistry,chemistry study tips blog,high school,informational,yes
ap chemistry unit 1 practice problems,140,0,,guide,general chemistry,stoichiometry practice,high school,informational,yes
ap chemistry unit 3 practice problems,140,10,,guide,general chemistry,stoichiometry practice,high school,informational,yes
synthesis practice problems organic chemistry,140,10,,guide,organic,organic chemistry practice,high school,informational,yes
synthesis organic chemistry practice problems,140,10,,guide,organic,organic chemistry practice,high school,informational,yes
organic chemistry practice problems with answers pdf,140,10,,guide,organic,organic chemistry practice,high school,informational,yes
periodic table worksheets with answers pdf,140,10,1.23,guide,periodic table,periodic table game,high school,informational,yes
phet balancing chemical equations answer key level 3,140,10,,guide,balancing equations,balancing chemical equations game,high school,informational,yes
chemistry reference table pdf,140,10,,guide,general chemistry,chemistry cheat sheet,high school,informational,yes
stoichiometry problems and answers,140,10,,guide,stoichiometry/moles,stoichiometry practice,high school,informational,yes
polyatomic ion chart with charges,140,10,,guide,chemical formulas/naming,chemistry cheat sheet,high school,informational,yes
is no3 a polyatomic ion,140,10,,guide,chemical formulas/naming,chemistry cheat sheet,high school,informational,yes
naming ionic and covalent compounds worksheet,140,10,,guide,chemical formulas/naming,naming compounds practice,high school,informational,yes
naming ionic compounds practice worksheet,140,10,,guide,chemical formulas/naming,naming compounds practice,high school,informational,yes
3 secret study tips,140,20,,blog,general chemistry,chemistry study tips blog,high school,informational,yes
fun chemistry games,110,10,,game,general chemistry,chemistry games for high school,high school,informational,yes
chemistry fun games,110,10,,game,general chemistry,chemistry games for high school,high school,informational,yes
chemistry simulation games,110,10,3.04,game,general chemistry,chemistry games for high school,high school,informational,yes
chemistry lab games,110,10,2.47,game,general chemistry,chemistry games for high school,high school,informational,yes
lab equipment chemistry quiz,110,10,,game,lab safety,lab equipment quiz,high school,informational,yes
chemistry lab equipment quiz,110,10,,game,lab safety,lab equipment quiz,high school,informational,yes
basics of chemistry quiz,110,10,,game,general chemistry,chemistry basics quiz,high school,informational,yes
chemistry laboratory equipment quiz,110,10,,game,lab safety,lab equipment quiz,high school,informational,yes
lab equipment quiz chemistry,110,10,,game,lab safety,lab equipment quiz,high school,informational,yes
basic chemistry quiz,110,10,,game,general chemistry,chemistry basics quiz,high school,informational,yes
chemistry basic quiz,110,10,,game,general chemistry,chemistry basics quiz,high school,informational,yes
chemistry basics quiz,110,10,1.38,game,general chemistry,chemistry basics quiz,high school,informational,yes
balancing chemical equations game answer key,110,10,,game,balancing equations,balancing chemical equations game,high school,informational,yes
balancing chemical equations game answers level 1,110,10,,game,balancing equations,balancing chemical equations game,high school,informational,yes
how to balance chemical equations step by step pdf,110,10,,guide,balancing equations,how to balance chemical equations guide,high school,informational,yes
periodic table battleship game,110,10,,game,periodic table,periodic table game,middle school,informational,yes
periodic table matching game,110,10,0.52,game,periodic table,periodic table game,middle school,informational,yes
periodic table guessing game,110,10,,game,periodic table,periodic table game,middle school,informational,yes
periodic table groups quiz,110,10,,game,periodic table,periodic table game,high school,informational,yes
what are the six types of chemical reactions,110,10,,guide,reaction types,types of chemical reactions guide,high school,informational,yes
what are 3 types of chemical reactions,110,10,,guide,reaction types,types of chemical reactions guide,high school,informational,yes
what are three types of chemical reactions,110,10,,guide,reaction types,types of chemical reactions guide,high school,informational,yes
how many types of chemical reactions are there,110,10,,guide,reaction types,types of chemical reactions guide,high school,informational,yes
types of chemical reactions class 10,110,10,,guide,reaction types,types of chemical reactions guide,high school,informational,yes
what are the 6 types of chemical reactions,110,10,,guide,reaction types,types of chemical reactions guide,high school,informational,yes
5 types of chemical reactions and examples,110,10,,guide,reaction types,types of chemical reactions guide,high school,informational,yes
quiz types of chemical reactions,110,10,,game,reaction types,types of chemical reactions guide,high school,informational,yes
types of chemical reactions quiz,110,10,,game,reaction types,types of chemical reactions guide,high school,informational,yes
what are the 3 types of chemical reactions,110,10,,guide,reaction types,types of chemical reactions guide,high school,informational,yes
quiz on types of chemical reactions,110,10,,game,reaction types,types of chemical reactions practice,high school,informational,yes
5 types of chemical reactions examples,110,10,,guide,reaction types,types of chemical reactions guide,high school,informational,yes
the five types of chemical reactions,110,10,,guide,reaction types,types of chemical reactions guide,high school,informational,yes
types of chemical reactions for class 10,110,10,,guide,reaction types,types of chemical reactions guide,high school,informational,yes
5 types of chemical reactions with examples,110,10,,guide,reaction types,types of chemical reactions guide,high school,informational,yes
what are the three types of chemical reactions,110,10,,guide,reaction types,types of chemical reactions guide,high school,informational,yes
the 5 types of chemical reactions,110,10,,guide,reaction types,types of chemical reactions guide,high school,informational,yes
types of chemical reactions chemistry,110,10,,guide,reaction types,types of chemical reactions guide,high school,informational,yes
chemistry cheat sheet for final,110,10,,guide,general chemistry,chemistry cheat sheet,high school,informational,yes
chemistry final cheat sheet,110,10,,guide,general chemistry,chemistry cheat sheet,high school,informational,yes
all chemistry formulas list,110,10,,guide,general chemistry,chemistry cheat sheet,high school,informational,yes
how to study for the ap chemistry exam,110,0,,blog,general chemistry,chemistry study tips blog,high school,informational,yes
nuclear chemistry worksheets,110,10,,guide,atomic structure,chemistry practice worksheets,high school,informational,yes
nuclear chemistry practice problems,110,10,,game,atomic structure,chemistry practice problems,high school,informational,yes
ap chemistry kinetics practice problems,110,10,,game,reaction types,chemistry practice problems,high school,informational,yes
ap chemistry: kinetics practice problems,110,0,,game,reaction types,chemistry practice problems,high school,informational,yes
ap chemistry unit 8 practice problems,110,0,,game,general chemistry,chemistry practice problems,high school,informational,yes
chemistry reaction practice problems,110,10,,game,reaction types,types of chemical reactions practice,high school,informational,yes
chemistry reactions practice problems,110,10,,game,reaction types,types of chemical reactions practice,high school,informational,yes
writing and balancing chemical equations worksheet answers pdf,110,10,,guide,balancing equations,how to balance chemical equations guide,high school,informational,yes
100 examples of chemical equations,110,10,,guide,balancing equations,how to balance chemical equations guide,high school,informational,yes
general chemistry formula sheet,110,10,,guide,general chemistry,chemistry cheat sheet,high school,informational,yes
mass to mass stoichiometry formula,110,10,,guide,stoichiometry/moles,stoichiometry practice,high school,informational,yes
stoichiometry worksheet with answers pdf,110,10,,game,stoichiometry/moles,stoichiometry practice,high school,informational,yes
stoichiometry worksheet pdf,110,10,,guide,stoichiometry/moles,stoichiometry practice,high school,informational,yes
stoichiometry worksheet answers pdf,110,10,,guide,stoichiometry/moles,stoichiometry practice,high school,informational,yes
naming ionic compounds worksheet with answers,110,10,,guide,chemical formulas/naming,naming compounds practice,high school,informational,yes
naming compounds worksheet with answers pdf,110,10,,guide,chemical formulas/naming,naming compounds practice,high school,informational,yes
naming molecular compounds practice,110,10,,game,chemical formulas/naming,naming compounds practice,high school,informational,yes
how to name ionic compounds with transition metals,110,10,,guide,chemical formulas/naming,naming compounds guide,high school,informational,yes
name the element quiz,110,10,,game,periodic table,periodic table game,high school,informational,yes
chemistry final exam review,110,0,,guide,general chemistry,chemistry cheat sheet,high school,informational,yes
chemistry reaction games,90,10,,game,reaction types,types of chemical reactions practice,high school,informational,yes
chemistry elements quiz,90,10,,game,periodic table,periodic table game,middle school,informational,yes
chemistry lab safety quiz,90,0,,game,lab safety,lab safety quiz,high school,informational,yes
chemistry laboratory safety quiz,90,0,,game,lab safety,lab safety quiz,high school,informational,yes
lab safety quiz chemistry,90,0,,game,lab safety,lab safety quiz,high school,informational,yes
safety quiz for chemistry lab,90,0,,game,lab safety,lab safety quiz,high school,informational,yes
chemistry element quiz,90,10,,game,periodic table,periodic table game,high school,informational,yes
safety quiz chemistry lab,90,0,,game,lab safety,lab safety quiz,high school,informational,yes
lab safety chemistry quiz,90,0,,game,lab safety,lab safety quiz,high school,informational,yes
how to balance out chemical equations,90,10,,guide,balancing equations,how to balance chemical equations guide,high school,informational,yes
first 20 elements of the periodic table game,90,10,0.17,game,periodic table,periodic table game,high school,informational,yes
periodic table game first 20 elements,90,10,0.17,game,periodic table,periodic table game,high school,informational,yes
periodic table quiz 1-36,90,0,,game,periodic table,periodic table game,high school,informational,yes
periodic table quiz 1 20,90,10,3.87,game,periodic table,periodic table game,high school,informational,yes
periodic table 1-36 quiz,90,0,,game,periodic table,periodic table game,high school,informational,yes
periodic table quiz online,90,10,,game,periodic table,periodic table game,high school,informational,yes
1-36 periodic table quiz,90,0,,game,periodic table,periodic table game,high school,informational,yes
periodic table 1-20 quiz,90,10,3.87,game,periodic table,periodic table game,high school,informational,yes
periodic table quiz 1 36,90,0,,game,periodic table,periodic table game,high school,informational,yes
periodic table of elements quiz 1 36,90,0,,game,periodic table,periodic table game,high school,informational,yes
1 20 periodic table quiz,90,10,,game,periodic table,periodic table game,high school,informational,yes
periodic table of elements quiz 1 20,90,10,,game,periodic table,periodic table game,high school,informational,yes
periodic table quiz 1-20,90,10,,game,periodic table,periodic table game,high school,informational,yes
1-20 periodic table quiz,90,10,,game,periodic table,periodic table game,high school,informational,yes
periodic table 1 36 quiz,90,0,,game,periodic table,periodic table game,high school,informational,yes
periodic table of elements quiz 1-20,90,10,3.87,game,periodic table,periodic table game,high school,informational,yes
periodic table of elements quiz 1-36,90,0,,game,periodic table,periodic table game,high school,informational,yes
periodic table 1 20 quiz,90,10,3.87,game,periodic table,periodic table game,high school,informational,yes
1 36 periodic table quiz,90,0,,game,periodic table,periodic table game,high school,informational,yes
acids and bases practice,90,10,,game,acids & bases,acid base practice,high school,informational,yes
organic chemistry acids and bases practice problems,90,10,,guide,acids & bases,acid base practice,college,informational,yes
writing chemical formulas: practice,90,0,,game,chemical formulas/naming,chemical formulas practice,high school,informational,yes
practice writing chemical formulas,90,10,,game,chemical formulas/naming,chemical formulas practice,high school,informational,yes
writing chemical formulas practice,90,10,,game,chemical formulas/naming,chemical formulas practice,high school,informational,yes
identifying types of chemical reactions worksheet,90,10,,guide,reaction types,types of chemical reactions guide,high school,informational,yes
which list includes three types of chemical reactions,90,10,,guide,reaction types,types of chemical reactions guide,high school,informational,yes
5 main types of chemical reactions,90,10,,guide,reaction types,types of chemical reactions guide,high school,informational,yes
five main types of chemical reactions,90,10,,guide,reaction types,types of chemical reactions guide,high school,informational,yes
types of chemical reactions answer key,90,10,,guide,reaction types,types of chemical reactions guide,high school,informational,yes
identifying the 5 types of chemical reactions,90,10,,guide,reaction types,types of chemical reactions guide,high school,informational,yes
identifying the 5 types of chemical reactions worksheet answers,90,10,,guide,reaction types,types of chemical reactions guide,high school,informational,yes
organic chemistry 2 cheat sheet,90,10,0.08,guide,organic,chemistry cheat sheet,college,informational,yes
chemistry cheat sheet pdf,90,10,0.12,guide,general chemistry,chemistry cheat sheet,high school,informational,yes
organic chemistry 2 reactions cheat sheet,90,10,0.86,guide,organic,chemistry cheat sheet,college,informational,yes
ap chemistry stoichiometry practice problems,90,0,,game,stoichiometry/moles,stoichiometry practice,high school,informational,yes
ap chem stoichiometry practice problems,90,0,1.74,game,stoichiometry/moles,stoichiometry practice,high school,informational,yes
stoichiometry practice #2 answers,90,0,,guide,stoichiometry/moles,stoichiometry practice,high school,informational,yes
chemistry practice problems stoichiometry,90,10,,game,stoichiometry/moles,stoichiometry practice,high school,informational,yes
stoichiometry practice 2 answers,90,10,,guide,stoichiometry/moles,stoichiometry practice,high school,informational,yes
conversion worksheets chemistry,90,10,,guide,stoichiometry/moles,chemistry conversion practice,high school,informational,yes
chemistry conversion worksheets,90,10,,guide,stoichiometry/moles,chemistry conversion practice,high school,informational,yes
acid base titration simulation,90,10,2.83,game,acids & bases,acid base practice,high school,informational,yes
acid-base titration simulation,90,10,,game,acids & bases,acids and bases game,high school,informational,yes
lewis dot structure practice problems with answers,90,10,,guide,bonding,lewis structure practice,high school,informational,yes
lewis structure practice worksheet answers,90,10,,guide,bonding,lewis structure practice,high school,informational,yes
lewis dot structure practice worksheet with answers,90,10,,guide,bonding,lewis structure practice,high school,informational,yes
lewis structure practice worksheet with answers,90,10,,guide,bonding,lewis structure practice,high school,informational,yes
lewis structure practice problems with answers,90,10,,guide,bonding,lewis structure practice,high school,informational,yes
organic chemistry reactions flashcards,90,10,0.4,game,organic,organic chemistry flashcard game,college,informational,yes
organic chemistry flashcards reactions,90,10,,game,organic,organic chemistry flashcard game,college,informational,yes
flashcards for organic chemistry reactions,90,10,0.4,game,organic,organic chemistry flashcard game,college,informational,yes
organic chemistry reaction flashcards,90,10,,game,organic,organic chemistry flashcard game,college,informational,yes
mcat organic chemistry flashcards,90,0,,game,organic,organic chemistry flashcard game,college,informational,yes
organic chemistry acid-base reactions practice problems,90,10,,guide,acids & bases,acid base organic chemistry practice,college,informational,yes
ap chemistry unit 6 practice problems,90,0,,guide,general chemistry,ap chemistry practice,high school,informational,yes
organic chemistry acid base reactions practice problems,90,10,,guide,acids & bases,acid base organic chemistry practice,college,informational,yes
chemistry synthesis practice problems,90,10,,guide,reaction types,reaction types practice,high school,informational,yes
acid base organic chemistry practice problems,90,10,,guide,acids & bases,acid base organic chemistry practice,college,informational,yes
organic chemistry acid-base practice problems,90,10,,guide,acids & bases,acid base organic chemistry practice,college,informational,yes
acid-base practice problems organic chemistry,90,10,,guide,acids & bases,acid base organic chemistry practice,college,informational,yes
ap chemistry unit 5 practice problems,90,0,,guide,general chemistry,ap chemistry practice,high school,informational,yes
khan academy chemistry practice problems,90,10,,guide,general chemistry,chemistry practice,high school,informational,yes
ap chemistry unit 7 practice problems,90,0,,guide,general chemistry,ap chemistry practice,high school,informational,yes
acid base practice problems organic chemistry,90,10,,guide,acids & bases,acid base organic chemistry practice,college,informational,yes
acid-base organic chemistry practice problems,90,10,,guide,acids & bases,acid base organic chemistry practice,college,informational,yes
organic chemistry acid base practice problems,90,10,,guide,acids & bases,acid base organic chemistry practice,college,informational,yes
phet balancing chemical equations worksheet,90,10,,guide,balancing equations,balancing chemical equations practice,high school,informational,yes
balancing chemical equations examples with answers,90,10,,guide,balancing equations,how to balance chemical equations guide,high school,informational,yes
predicting products of chemical reactions calculator,90,10,5.36,guide,reaction types,reaction types practice,high school,informational,yes
questions on balancing chemical equations with answers,90,10,3.11,guide,balancing equations,balancing chemical equations practice,high school,informational,yes
balancing chemical equations activity,90,10,,game,balancing equations,balancing chemical equations game,high school,informational,yes
balancing equations worksheet pdf,90,10,,guide,balancing equations,balancing chemical equations practice,high school,informational,yes
ap chemistry periodic table pdf,90,0,,guide,periodic table,periodic table reference,high school,informational,yes
ap chemistry formula sheet pdf,90,0,,guide,general chemistry,chemistry cheat sheet,high school,informational,yes
ap chemistry formula sheet 2026,90,10,,guide,general chemistry,chemistry cheat sheet,high school,informational,yes
general chemistry formulas,90,10,,guide,general chemistry,chemistry cheat sheet,high school,informational,yes
acs gen chem 2 study guide pdf,90,0,,guide,general chemistry,chemistry cheat sheet,college,informational,yes
stoichiometry questions with solutions pdf,90,10,,guide,stoichiometry/moles,stoichiometry practice,high school,informational,yes
solution stoichiometry worksheet,90,10,,guide,stoichiometry/moles,stoichiometry practice,high school,informational,yes
how to identify polyatomic ions,90,10,,guide,chemical formulas/naming,naming compounds practice,high school,informational,yes
word equations worksheet chemistry,90,20,,guide,reaction types,reaction types practice,high school,informational,yes
writing formulas for ionic compounds worksheet,90,20,,guide,chemical formulas/naming,naming compounds practice,high school,informational,yes
names and formulas for ionic compounds worksheet,90,10,,guide,chemical formulas/naming,naming compounds practice,high school,informational,yes
organic chemistry for dummies pdf,90,10,4.83,guide,organic,organic chemistry cheat sheet,college,informational,yes
how to learn chemistry on your own,90,10,3.48,blog,general chemistry,chemistry study tips blog,general,informational,yes
learn chemistry online free,90,10,3.27,blog,general chemistry,chemistry study tips blog,general,informational,yes
8 week chemistry course online,90,10,9.56,blog,general chemistry,chemistry study tips blog,general,informational,yes
chemistry basics for beginners,90,20,1.05,guide,general chemistry,chemistry cheat sheet,high school,informational,yes
chemistry review games,70,10,,game,general chemistry,chemistry games for high school,high school,informational,yes
review games for chemistry,70,10,,game,general chemistry,chemistry games for high school,high school,informational,yes
chemistry nomenclature games,70,10,,game,chemical formulas/naming,naming compounds practice,high school,informational,yes
periodic table chemistry quiz,70,10,,game,periodic table,periodic table game,high school,informational,yes
chemistry quiz with answers,70,10,0.13,game,general chemistry,chemistry games for high school,high school,informational,yes
periodic table quiz chemistry,70,10,,game,periodic table,periodic table game,high school,informational,yes
chemistry quiz on periodic table,70,10,,game,periodic table,periodic table game,high school,informational,yes
chemistry periodic table quiz,70,10,,game,periodic table,periodic table game,high school,informational,yes
quiz in chemistry with answers,70,10,,game,general chemistry,chemistry games for high school,high school,informational,yes
chemistry quiz answers,70,10,,game,general chemistry,chemistry games for high school,high school,informational,yes
quiz on chemistry with answers,70,10,,game,general chemistry,chemistry games for high school,high school,informational,yes
chemistry quiz and answers,70,10,,game,general chemistry,chemistry games for high school,high school,informational,yes
ap chemistry quiz,70,10,3.71,game,general chemistry,chemistry games for high school,high school,informational,yes
naming quiz chemistry,70,10,,game,chemical formulas/naming,naming compounds practice,high school,informational,yes
chemistry quiz periodic table,70,10,,game,periodic table,periodic table game,high school,informational,yes
how to balance chemical equations examples,70,10,,guide,balancing equations,how to balance chemical equations guide,high school,informational,yes
how to balance chemical equations with parentheses,70,10,,guide,balancing equations,how to balance chemical equations guide,high school,informational,yes
online balancing equations practice,70,10,,game,balancing equations,balancing chemical equations game,high school,informational,yes
balancing chemical equations practice and answers,70,10,,game,balancing equations,balancing chemical equations game,high school,informational,yes
balancing equations practice online,70,10,3.56,game,balancing equations,balancing chemical equations game,high school,informational,yes
balancing chemical equations practice with answers,70,10,,game,balancing equations,balancing chemical equations game,high school,informational,yes
practice balancing chemical equations with answers,70,10,,game,balancing equations,balancing chemical equations game,high school,informational,yes
balancing chemical equations practice answers,70,10,,game,balancing equations,balancing chemical equations game,high school,informational,yes
practice balancing equations 1,70,10,,game,balancing equations,balancing chemical equations game,high school,informational,yes
practice: balancing equations #1,70,0,,game,balancing equations,balancing chemical equations game,high school,informational,yes
balancing equations online practice,70,10,3.56,game,balancing equations,balancing chemical equations game,high school,informational,yes
periodic table password game,70,10,,game,periodic table,periodic table game,middle school,informational,yes
online periodic table quiz,70,10,,game,periodic table,periodic table game,high school,informational,yes
periodic table online quiz,70,10,,game,periodic table,periodic table game,high school,informational,yes
periodic table naming quiz,70,10,,game,periodic table,periodic table game,high school,informational,yes
periodic table name quiz,70,10,,game,periodic table,periodic table game,high school,informational,yes
periodic table first 30 elements quiz,70,10,,game,periodic table,periodic table game,middle school,informational,yes
periodic table trends quiz,70,10,,game,periodic table,periodic table game,high school,informational,yes
first 30 elements of the periodic table quiz,70,10,,game,periodic table,periodic table game,middle school,informational,yes
periodic table names quiz,70,10,,game,periodic table,periodic table game,middle school,informational,yes
trends in periodic table quiz,70,10,,game,periodic table,periodic table game,high school,informational,yes
periodic table of elements online quiz,70,10,,game,periodic table,periodic table game,high school,informational,yes
trends in the periodic table quiz,70,10,,game,periodic table,periodic table game,high school,informational,yes
name periodic table quiz,70,10,,game,periodic table,periodic table game,middle school,informational,yes
five different types of chemical reactions,70,10,,guide,reaction types,chemistry cheat sheet,high school,informational,yes
what types of chemical reactions are there,70,10,,guide,reaction types,chemistry cheat sheet,high school,informational,yes
types of chemical reactions powerpoint presentation,70,10,,blog,reaction types,chemistry cheat sheet,teacher,informational,yes
types of chemical reactions chart,70,10,,guide,reaction types,chemistry cheat sheet,high school,informational,yes
four main types of chemical reactions,70,10,,guide,reaction types,chemistry cheat sheet,high school,informational,yes
types of chemical reactions ppt,70,10,,blog,reaction types,chemistry cheat sheet,teacher,informational,yes
what are two types of chemical reactions,70,10,,guide,reaction types,types of chemical reactions guide,high school,informational,yes
types of chemical reactions pre-lab questions,70,10,,guide,reaction types,types of chemical reactions guide,high school,informational,yes
powerpoint presentation on types of chemical reactions,70,10,,guide,reaction types,types of chemical reactions guide,teacher,informational,yes
types of chemical reactions pre lab questions,70,10,,guide,reaction types,types of chemical reactions guide,high school,informational,yes
types of chemical reactions ppt presentation,70,10,,guide,reaction types,types of chemical reactions guide,teacher,informational,yes
4 main types of chemical reactions,70,10,,guide,reaction types,types of chemical reactions guide,high school,informational,yes
types of chemical reactions worksheet answer key,70,0,,guide,reaction types,types of chemical reactions guide,high school,informational,yes
ppt on types of chemical reactions,70,10,,guide,reaction types,types of chemical reactions guide,teacher,informational,yes
types of chemical reactions powerpoint,70,10,,guide,reaction types,types of chemical reactions guide,teacher,informational,yes
organic chemistry 1 reactions cheat sheet,70,10,,guide,organic,organic chemistry cheat sheet,college,informational,yes
organic chemistry synthesis cheat sheet,70,10,11.12,guide,organic,organic chemistry cheat sheet,college,informational,yes
printable chemistry cheat sheet,70,10,0.05,guide,general chemistry,chemistry cheat sheet,high school,informational,yes
grams to grams stoichiometry practice problems with answers,70,10,,guide,stoichiometry/moles,stoichiometry practice,high school,informational,yes
how to study for a chemistry final,70,10,,blog,general chemistry,chemistry study tips blog,high school,informational,yes
how to study for chemistry finals,70,10,,blog,general chemistry,chemistry study tips blog,high school,informational,yes
how to study for chemistry final,70,10,,blog,general chemistry,chemistry study tips blog,high school,informational,yes
basic chemistry worksheets,70,10,2.05,guide,general chemistry,chemistry worksheets,high school,informational,yes
chemistry worksheets pdf,70,10,0.54,guide,general chemistry,chemistry worksheets,high school,informational,yes
chemistry worksheets with answers pdf,70,10,22.74,guide,general chemistry,chemistry worksheets,high school,informational,yes
easy chemistry worksheets,70,10,18.44,guide,general chemistry,chemistry worksheets,middle school,informational,yes
chemistry density worksheets,70,10,,guide,general chemistry,chemistry worksheets,high school,informational,yes
simple chemistry worksheets,70,10,18.44,guide,general chemistry,chemistry worksheets,middle school,informational,yes
chemistry worksheets free,70,10,,guide,general chemistry,chemistry worksheets,high school,informational,yes
free worksheets for chemistry,70,10,,guide,general chemistry,chemistry worksheets,high school,informational,yes
free chemistry worksheets,70,10,,guide,general chemistry,chemistry worksheets,high school,informational,yes
chemistry graphing worksheets,70,10,,guide,general chemistry,chemistry worksheets,high school,informational,yes
titration curve simulation,70,10,,game,acids & bases,acids & bases game,high school,informational,yes
general chemistry 1 practice problems,70,10,1.13,guide,general chemistry,chemistry practice problems,college,informational,yes
organic chemistry 1 synthesis practice problems,70,0,,guide,organic,organic chemistry practice,college,informational,yes
25-4 practice problems chemistry answer key,70,10,,guide,general chemistry,chemistry practice problems,high school,informational,yes
ap chemistry unit 2 practice problems,70,0,,guide,general chemistry,chemistry practice problems,high school,informational,yes
conversion chemistry practice problems,70,10,,guide,stoichiometry/moles,stoichiometry practice,high school,informational,yes
density practice problems chemistry,70,10,,guide,general chemistry,chemistry practice problems,high school,informational,yes
25 4 practice problems chemistry answer key,70,10,,guide,general chemistry,chemistry practice problems,high school,informational,yes
nuclear chemistry practice problems answers,70,10,,guide,other,chemistry practice problems,high school,informational,yes
ap chemistry unit 4 practice problems,70,0,,guide,general chemistry,chemistry practice problems,high school,informational,yes
synthesis practice problems organic chemistry 1,70,0,,guide,organic,organic chemistry practice,college,informational,yes
chemistry density practice problems,70,10,,guide,general chemistry,chemistry practice problems,high school,informational,yes
conversions chemistry practice problems,70,10,,guide,stoichiometry/moles,stoichiometry practice,high school,informational,yes
practice synthesis problems organic chemistry 1,70,0,,guide,organic,organic chemistry practice,college,informational,yes
science simulation online,70,10,4.98,game,general chemistry,science simulation online,general,informational,yes
first 20 elements with symbols,70,10,0.32,guide,periodic table,first 20 elements guide,high school,informational,yes
1 20 elements of the periodic table,70,10,,guide,periodic table,first 20 elements guide,high school,informational,yes
atomic mass of first 20 elements without decimals,70,10,,guide,periodic table,first 20 elements guide,high school,informational,yes
chemical equation balancer app,70,10,,game,balancing equations,balancing chemical equations game,high school,informational,yes
balancing chemical equations - youtube,70,10,,guide,balancing equations,how to balance chemical equations guide,high school,informational,yes
solution stoichiometry problems,70,10,,guide,stoichiometry/moles,stoichiometry practice,high school,informational,yes
writing and balancing chemical equations worksheet,70,10,,guide,balancing equations,how to balance chemical equations guide,high school,informational,yes
writing chemical equations practice,70,10,,game,balancing equations,balancing chemical equations game,high school,informational,yes
naming ionic compounds examples,70,10,,guide,chemical formulas/naming,naming compounds practice,high school,informational,yes
naming compounds pdf,70,10,,guide,chemical formulas/naming,naming compounds practice,high school,informational,yes
naming ionic compounds worksheet answer key,70,10,,guide,chemical formulas/naming,naming compounds practice,high school,informational,yes
systematic name organic chemistry,70,10,,guide,organic,naming compounds practice,high school,informational,yes
10 examples of ionic compounds,70,10,,guide,chemical formulas/naming,naming compounds practice,high school,informational,yes
how to name ionic compounds with roman numerals,70,10,,guide,chemical formulas/naming,naming compounds practice,high school,informational,yes
naming binary ionic compounds worksheet,70,10,,guide,chemical formulas/naming,naming compounds practice,high school,informational,yes
iupac nomenclature of organic compounds,70,20,,guide,organic,naming compounds practice,high school,informational,yes
when do you use roman numerals in ionic compounds,70,10,,guide,chemical formulas/naming,naming compounds practice,high school,informational,yes
chemistry final exam with answers pdf,70,10,,guide,general chemistry,chemistry cheat sheet,high school,informational,yes
general chemistry 1 final exam with answers pdf,70,10,,guide,general chemistry,chemistry cheat sheet,college,informational,yes
basic chemistry notes,70,10,,guide,general chemistry,chemistry cheat sheet,high school,informational,yes
learning chemistry games,50,10,2.4,game,general chemistry,chemistry games for high school,high school,informational,yes
chemistry learning games,50,10,2.4,game,general chemistry,chemistry games for high school,high school,informational,yes
chemistry study games,50,10,,game,general chemistry,chemistry games for high school,high school,informational,yes
games like dr does chemistry quiz,50,10,,game,general chemistry,chemistry games for high school,high school,informational,yes
chemistry card games,50,10,0.91,game,general chemistry,chemistry games for high school,high school,informational,yes
chemistry element games,50,10,,game,periodic table,periodic table game,middle school,informational,yes
chemistry practice quiz,50,10,,game,general chemistry,chemistry games for high school,high school,informational,yes
dr doe's chemistry quiz game,50,10,,game,general chemistry,chemistry games for high school,high school,navigational,yes
chemistry formula quiz,50,10,,game,chemical formulas/naming,chemistry games for high school,high school,informational,yes
chemistry online quiz,50,10,,game,general chemistry,chemistry games for high school,high school,informational,yes
online chemistry quiz,50,10,1.09,game,general chemistry,chemistry games for high school,high school,informational,yes
chemistry equations quiz,50,10,,game,balancing equations,balancing chemical equations game,high school,informational,yes
practice chemistry quiz,50,10,1.16,game,general chemistry,chemistry games for high school,high school,informational,yes
chemistry quiz online,50,10,1.09,game,general chemistry,chemistry games for high school,high school,informational,yes
online quiz for chemistry,50,10,1.09,game,general chemistry,chemistry games for high school,high school,informational,yes
chemistry formulas quiz,50,10,,game,chemical formulas/naming,chemistry games for high school,high school,informational,yes
online quiz chemistry,50,10,1.09,game,general chemistry,chemistry games for high school,high school,informational,yes
chemistry safety quiz,50,0,,game,lab safety,chemistry games for high school,high school,informational,yes
safety quiz chemistry,50,0,,game,lab safety,chemistry games for high school,high school,informational,yes
newgrounds dr doe's chemistry quiz,50,10,,game,general chemistry,chemistry games for high school,high school,navigational,yes
how to balance chemical equations with polyatomic ions,50,10,,guide,balancing equations,how to balance chemical equations guide,high school,informational,yes
how to balance complex chemical equations,50,10,,guide,balancing equations,how to balance chemical equations guide,high school,informational,yes
balancing equations practice worksheet answer,50,10,,guide,balancing equations,balancing equations practice,high school,informational,yes
balancing chemical equations practice pdf,50,10,,guide,balancing equations,balancing equations practice,high school,informational,yes
practice balancing equations worksheet answers,50,10,,guide,balancing equations,balancing equations practice,high school,informational,yes
balancing equations practice worksheet answers,50,10,,guide,balancing equations,balancing equations practice,high school,informational,yes
balancing equations practice worksheet with answers,50,10,,guide,balancing equations,balancing equations practice,high school,informational,yes
practice balancing equations #1 answer key,50,0,,guide,balancing equations,balancing equations practice,high school,informational,yes
practice balancing equations 1 answer key,50,0,,guide,balancing equations,balancing equations practice,high school,informational,yes
the periodic table of elements game,50,260,,game,periodic table,periodic table game,high school,navigational,yes
the periodic table game,50,260,,game,periodic table,periodic table game,high school,navigational,yes
fill in the periodic table game,50,10,,game,periodic table,periodic table game,high school,informational,yes
periodic table review game,50,10,,game,periodic table,periodic table game,high school,informational,yes
fill in periodic table game,50,10,,game,periodic table,periodic table game,high school,informational,yes
periodic table fill in game,50,10,,game,periodic table,periodic table game,high school,informational,yes
empty periodic table quiz,50,10,,game,periodic table,periodic table game,high school,informational,yes
blank periodic table quiz,50,10,,game,periodic table,periodic table game,high school,informational,yes
blank periodic table of elements quiz,50,10,,game,periodic table,periodic table game,high school,informational,yes
lewis acids and bases practice problems,50,10,,guide,acids & bases,acid base practice,college,informational,yes
conjugate acids and bases practice,50,10,,guide,acids & bases,acid base practice,high school,informational,yes
naming acids and bases practice,50,10,,guide,chemical formulas/naming,naming compounds practice,high school,informational,yes
naming compounds game,50,10,,game,chemical formulas/naming,naming compounds practice,high school,informational,yes
naming chemical compounds game,50,10,,game,chemical formulas/naming,naming compounds practice,high school,informational,yes
types of chemical reactions practical,50,10,,guide,reaction types,types of chemical reactions guide,high school,informational,yes
types of chemical reactions pogil answers,50,0,,guide,reaction types,types of chemical reactions practice,high school,informational,yes
identifying the 5 types of chemical reactions worksheet,50,10,,guide,reaction types,types of chemical reactions practice,high school,informational,yes
describe the four types of chemical reactions and their characteristics,50,10,,guide,reaction types,types of chemical reactions guide,high school,informational,yes
types of chemical reactions in chemistry,50,10,,guide,reaction types,types of chemical reactions guide,high school,informational,yes
types of chemical reactions with examples class 10,50,10,,guide,reaction types,types of chemical reactions guide,high school,informational,yes
types of chemical reactions combustion,50,10,,guide,reaction types,types of chemical reactions guide,high school,informational,yes
types of chemical reactions pdf,50,10,,guide,reaction types,types of chemical reactions guide,high school,informational,yes
types of chemical reactions worksheet pogil,50,0,,guide,reaction types,types of chemical reactions practice,high school,informational,yes
types of chemical reactions worksheet pdf,50,10,,guide,reaction types,types of chemical reactions practice,high school,informational,yes
pogil types of chemical reactions answers,50,0,,guide,reaction types,types of chemical reactions practice,high school,informational,yes
chemistry types of chemical reactions,50,10,,guide,reaction types,types of chemical reactions guide,high school,informational,yes
types of chemical reactions pogil answer,50,0,,guide,reaction types,types of chemical reactions practice,high school,informational,yes
types of chemical reactions practice,50,10,,game,reaction types,types of chemical reactions practice,high school,informational,yes
the types of chemical reactions,50,10,,guide,reaction types,types of chemical reactions guide,high school,informational,yes
types of chemical reactions worksheet answers pogil,50,0,,guide,reaction types,types of chemical reactions practice,high school,informational,yes
ap chemistry unit 8 cheat sheet,50,0,,guide,general chemistry,chemistry cheat sheet,high school,informational,yes
organic chemistry functional groups cheat sheet,50,10,0.02,guide,organic,chemistry cheat sheet,college,informational,yes
organic chemistry nomenclature cheat sheet,50,10,,guide,organic,chemistry cheat sheet,college,informational,yes
ap chemistry unit 3 cheat sheet,50,10,,guide,general chemistry,chemistry cheat sheet,high school,informational,yes
cheat sheet organic chemistry reactions,50,10,0.15,guide,organic,chemistry cheat sheet,college,informational,yes
organic chemistry spectroscopy cheat sheet,50,10,,guide,organic,chemistry cheat sheet,college,informational,yes
salt water pool chemistry cheat sheet,50,10,0.87,guide,general chemistry,chemistry cheat sheet,general,informational,yes
chemistry 1 cheat sheet,50,10,,guide,general chemistry,chemistry cheat sheet,college,informational,yes
organic chemistry 1 cheat sheet,50,10,,guide,organic,chemistry cheat sheet,college,informational,yes
stoichiometry practice problems worksheet,50,10,,guide,stoichiometry/moles,stoichiometry practice,high school,informational,yes
stoichiometry practice quiz,50,10,,game,stoichiometry/moles,stoichiometry practice,high school,informational,yes
stoichiometry practice problems with answers pdf,50,10,,guide,stoichiometry/moles,stoichiometry practice,high school,informational,yes
reaction stoichiometry practice problems,50,10,,guide,stoichiometry/moles,stoichiometry practice,high school,informational,yes
chemistry stoichiometry practice,50,10,,game,stoichiometry/moles,stoichiometry practice,high school,informational,yes
mcat stoichiometry practice problems,50,10,2.96,guide,stoichiometry/moles,stoichiometry practice,college,informational,yes
how to study organic chemistry for neet,50,10,,blog,organic,chemistry study tips blog,high school,informational,yes
how to self study ap chemistry,50,10,,blog,general chemistry,chemistry study tips blog,high school,informational,yes
how to self-study ap chemistry,50,10,12.37,blog,general chemistry,chemistry study tips blog,high school,informational,yes
chemistry of life worksheets,50,0,,guide,general chemistry,chemistry cheat sheet,high school,informational,yes
organic chemistry naming worksheets,50,10,24.43,guide,organic,naming compounds practice,high school,informational,yes
lewis structure practice pdf,50,10,,guide,bonding,lewis structure practice,high school,informational,yes
difficult lewis structure practice,50,10,,guide,bonding,lewis structure practice,high school,informational,yes
lewis dot structure practice with answers,50,10,,guide,bonding,lewis structure practice,high school,informational,yes
lewis dot structure practice pdf,50,10,,guide,bonding,lewis structure practice,high school,informational,yes
lewis structure practice with answers,50,10,,guide,bonding,lewis structure practice,high school,informational,yes
build a molecule game,50,10,,game,bonding,molecule builder game,high school,informational,yes
molecule builder game,50,10,,game,bonding,molecule builder game,high school,informational,yes
molecule building game,50,10,,game,bonding,molecule builder game,high school,informational,yes
resonance structures practice problems organic chemistry,50,0,,guide,organic,resonance structures practice,college,informational,yes
organic chemistry resonance practice problems,50,0,,guide,organic,resonance structures practice,college,informational,yes
resonance practice problems organic chemistry,50,0,,guide,organic,resonance structures practice,college,informational,yes
chemistry solutions practice problems,50,10,,guide,general chemistry,chemistry cheat sheet,high school,informational,yes
analytical chemistry practice problems,50,10,,guide,general chemistry,chemistry cheat sheet,college,informational,yes
resonance organic chemistry practice problems,50,0,3.01,guide,organic,resonance structures practice,college,informational,yes
organic chemistry multi-step synthesis practice problems with answers pdf,50,10,,guide,organic,organic chemistry practice,college,informational,yes
msu organic chemistry practice problems,50,10,,guide,organic,organic chemistry practice,college,informational,yes
solution practice problems chemistry,50,10,,guide,general chemistry,chemistry cheat sheet,high school,informational,yes
ap chemistry equilibrium practice problems,50,0,,guide,general chemistry,chemistry cheat sheet,high school,informational,yes
organic chemistry multi step synthesis practice problems with answers pdf,50,10,,guide,organic,organic chemistry practice,college,informational,yes
organic chemistry practice problems at michigan state university,50,10,,guide,organic,organic chemistry practice,college,informational,yes
11 2 practice problems chemistry,50,10,,guide,general chemistry,chemistry cheat sheet,high school,informational,yes
chemistry 11 2 practice problems,50,10,,guide,general chemistry,chemistry cheat sheet,high school,informational,yes
solution chemistry practice problems,50,10,,guide,general chemistry,chemistry cheat sheet,high school,informational,yes
solutions chemistry practice problems,50,10,,guide,general chemistry,chemistry cheat sheet,high school,informational,yes
virtual chemistry lab online free,50,10,3.99,game,general chemistry,chemistry games for high school,high school,informational,yes
chemistry simulation software,50,10,6.4,game,general chemistry,chemistry games for high school,high school,informational,yes
first 20 elements of the periodic table song,50,40,,game,periodic table,periodic table game,middle school,informational,yes
first 20 elements of the periodic table song lyrics,50,20,,guide,periodic table,periodic table game,middle school,informational,yes
periodic table questions and answers pdf,50,10,,guide,periodic table,chemistry cheat sheet,high school,informational,yes
ap chemistry periodic table and equation sheet,50,0,,guide,periodic table,chemistry cheat sheet,high school,informational,yes
basic stoichiometry worksheet,50,10,,guide,stoichiometry/moles,stoichiometry practice,high school,informational,yes
stoichiometry pdf,50,10,,guide,stoichiometry/moles,stoichiometry practice,high school,informational,yes
is nacl a polyatomic ion,50,10,,guide,chemical formulas/naming,chemistry cheat sheet,high school,informational,yes
naming compounds examples and answers,50,10,,guide,chemical formulas/naming,naming compounds practice,high school,informational,yes
naming covalent compounds worksheet with answers,50,10,,guide,chemical formulas/naming,naming compounds practice,high school,informational,yes
naming chemical compounds worksheet with answers,50,10,,guide,chemical formulas/naming,naming compounds practice,high school,informational,yes
organic chemistry naming practice pdf,50,10,,guide,organic,naming compounds practice,high school,informational,yes
naming covalent compounds worksheet answers,50,10,,guide,chemical formulas/naming,naming compounds practice,high school,informational,yes
ionic and covalent compounds worksheet with answers pdf,50,10,,guide,bonding,bonding practice,high school,informational,yes
10 examples of ionic compounds in everyday life,50,10,,guide,bonding,bonding cheat sheet,high school,informational,yes
binary compounds list,50,10,,guide,chemical formulas/naming,naming compounds guide,high school,informational,yes
naming compounds worksheet with answers,50,10,,guide,chemical formulas/naming,naming compounds practice,high school,informational,yes
why is organic chemistry called orgo,50,10,,guide,organic,organic chemistry guide,college,informational,yes
is gen chem 1 or 2 harder,50,0,,blog,general chemistry,chemistry study tips blog,college,informational,yes
chemistry puzzles and games,40,10,,game,general chemistry,chemistry games for high school,high school,informational,yes
games for chemistry learning,40,10,3.99,game,general chemistry,chemistry games for high school,high school,informational,yes
learn chemistry games,40,10,3.99,game,general chemistry,chemistry games for high school,high school,informational,yes
interactive chemistry games,40,10,2.24,game,general chemistry,chemistry games for high school,high school,informational,yes
chemistry games mixing chemicals,40,10,,game,general chemistry,chemistry games for high school,high school,informational,yes
chemistry interactive games,40,10,2.24,game,general chemistry,chemistry games for high school,high school,informational,yes
chemistry bonding games,40,10,,game,bonding,bonding game,high school,informational,yes
chemistry naming quiz,40,10,,game,chemical formulas/naming,naming compounds practice,high school,informational,yes
chemistry apparatus quiz,40,10,,game,lab safety,lab equipment quiz,high school,informational,yes
chemistry functional groups quiz,40,10,,game,organic,functional groups quiz,college,informational,yes
nomenclature organic chemistry quiz,40,30,,game,organic,organic nomenclature quiz,college,informational,yes
functional groups chemistry quiz,40,10,0.01,game,organic,functional groups quiz,college,informational,yes
general chemistry quiz,40,10,,game,general chemistry,general chemistry quiz,high school,informational,yes
chemistry tools quiz,40,10,,game,lab safety,lab equipment quiz,high school,informational,yes
organic chemistry nomenclature practice quiz,40,10,,game,organic,organic nomenclature quiz,college,informational,yes
chemistry naming compounds quiz,40,10,,game,chemical formulas/naming,naming compounds practice,high school,informational,yes
nomenclature quiz organic chemistry,40,10,,game,organic,organic nomenclature quiz,college,informational,yes
chemistry equipment quiz,40,10,,game,lab safety,lab equipment quiz,high school,informational,yes
how to balance chemical equations simple,40,10,,guide,balancing equations,how to balance chemical equations guide,high school,informational,yes
how to balance chemical equations for dummies,40,10,,guide,balancing equations,how to balance chemical equations guide,high school,informational,yes
how to balance chemical equations stoichiometry,40,10,,guide,balancing equations,how to balance chemical equations guide,high school,informational,yes
how to balance chemical equations with coefficients,40,10,,guide,balancing equations,how to balance chemical equations guide,high school,informational,yes
how to balance hard chemical equations,40,10,,guide,balancing equations,how to balance chemical equations guide,high school,informational,yes
how to balance chemical reaction equations,40,10,,guide,balancing equations,how to balance chemical equations guide,high school,informational,yes
practice questions balancing chemical equations,40,20,,game,balancing equations,balancing chemical equations game,high school,informational,yes
balancing chemical equations practice questions,40,20,,game,balancing equations,balancing chemical equations game,high school,informational,yes
balancing equations practice answer key,40,0,,guide,balancing equations,balancing equations practice,high school,informational,yes
balancing equations practice with answers,40,10,,guide,balancing equations,balancing equations practice,high school,informational,yes
practice questions for balancing chemical equations,40,20,,game,balancing equations,balancing chemical equations game,high school,informational,yes
balancing equations practice answers,40,10,,guide,balancing equations,balancing equations practice,high school,informational,yes
periodic table card game,40,10,,game,periodic table,periodic table game,high school,informational,yes
periodic table of elements memorization game,40,10,,game,periodic table,periodic table game,high school,informational,yes
periodic table abbreviations quiz,40,10,,game,periodic table,periodic table game,high school,informational,yes
elements & periodic table quiz,40,0,,game,periodic table,periodic table game,high school,informational,yes
the periodic table quiz,40,590,,game,periodic table,periodic table game,high school,informational,yes
periodic table quiz with answers pdf,40,10,,guide,periodic table,periodic table game,high school,informational,yes
periodic table practice quiz,40,10,,game,periodic table,periodic table game,high school,informational,yes
the periodic table of elements quiz,40,10,,game,periodic table,periodic table game,high school,informational,yes
periodic table families quiz,40,10,,game,periodic table,periodic table game,high school,informational,yes
identifying the 5 types of chemical reactions answer key,40,10,,guide,reaction types,types of chemical reactions guide,high school,informational,yes
list the five types of chemical reactions,40,10,,guide,reaction types,types of chemical reactions guide,high school,informational,yes
balancing and types of chemical reactions worksheet,40,10,,guide,reaction types,types of chemical reactions guide,high school,informational,yes
types of chemical reactions video,40,10,,guide,reaction types,types of chemical reactions guide,high school,informational,yes
list 5 types of chemical reactions,40,10,,guide,reaction types,types of chemical reactions guide,high school,informational,yes
types of chemical reactions videos,40,10,,guide,reaction types,types of chemical reactions guide,high school,informational,yes
what are the 5 main types of chemical reactions,40,10,,guide,reaction types,types of chemical reactions guide,high school,informational,yes
types of chemical reactions single replacement,40,10,,guide,reaction types,types of chemical reactions guide,high school,informational,yes
list the 5 types of chemical reactions,40,10,,guide,reaction types,types of chemical reactions guide,high school,informational,yes
types of chemical reactions and balancing worksheet,40,10,,guide,reaction types,types of chemical reactions guide,high school,informational,yes
list five types of chemical reactions,40,10,,guide,reaction types,types of chemical reactions guide,high school,informational,yes
types of chemical reactions activity,40,10,0.33,game,reaction types,types of chemical reactions game,high school,informational,yes
types of chemical reactions and balancing equations,40,10,,guide,reaction types,types of chemical reactions guide,high school,informational,yes
5 basic types of chemical reactions,40,10,,guide,reaction types,types of chemical reactions guide,high school,informational,yes
types of chemical reactions activities,40,10,,game,reaction types,types of chemical reactions game,high school,informational,yes
chemistry conversion cheat sheet,40,10,0.02,guide,stoichiometry/moles,chemistry cheat sheet,high school,informational,yes
organic chemistry reaction mechanisms cheat sheet,40,10,,guide,organic,organic chemistry cheat sheet,college,informational,yes
chemistry conversions cheat sheet,40,10,0.02,guide,stoichiometry/moles,chemistry cheat sheet,high school,informational,yes
organic chemistry cheat sheet pdf,40,10,,guide,organic,organic chemistry cheat sheet,college,informational,yes
organic chemistry cheat sheet reddit,40,10,,guide,organic,organic chemistry cheat sheet,college,informational,yes
cheat sheet nomenclature chemistry,40,10,,guide,chemical formulas/naming,chemistry cheat sheet,high school,informational,yes
organic chemistry reagents cheat sheet,40,10,0.04,guide,organic,organic chemistry cheat sheet,college,informational,yes
stoichiometry practice pdf,40,10,,guide,stoichiometry/moles,stoichiometry practice,high school,informational,yes
practice test stoichiometry,40,10,,game,stoichiometry/moles,stoichiometry practice,high school,informational,yes
mixed stoichiometry practice answer key,40,0,,guide,stoichiometry/moles,stoichiometry practice,high school,informational,yes
stoichiometry chemistry practice problems,40,10,,game,stoichiometry/moles,stoichiometry practice,high school,informational,yes
stoichiometry practice test,40,10,,game,stoichiometry/moles,stoichiometry practice,high school,informational,yes
how to study for acs organic chemistry exam,40,0,,blog,organic,chemistry study tips blog,college,informational,yes
how to study for acs chemistry exam,40,0,,blog,general chemistry,chemistry study tips blog,high school,informational,yes
how to study for organic chemistry 2,40,0,6.35,blog,organic,chemistry study tips blog,high school,informational,yes
how to study organic chemistry 2,40,0,,blog,organic,chemistry study tips blog,high school,informational,yes
how to study for the acs organic chemistry exam,40,0,0.56,blog,organic,chemistry study tips blog,high school,informational,yes
how to study for the acs chemistry exam,40,0,,blog,general chemistry,chemistry study tips blog,high school,informational,yes
solutions chemistry worksheets,40,10,,guide,general chemistry,solutions worksheets,high school,informational,yes
chemistry solutions worksheets,40,10,,guide,general chemistry,solutions worksheets,high school,informational,yes
ap chemistry lewis structure practice,40,0,,game,bonding,lewis structure practice,high school,informational,yes
ap chem lewis structure practice,40,0,,game,bonding,lewis structure practice,high school,informational,yes
chemistry lewis structure practice,40,10,,game,bonding,lewis structure practice,high school,informational,yes
chemistry lewis dot structure practice,40,10,,game,bonding,lewis structure practice,high school,informational,yes
chemistry 2 practice problems,40,10,0.66,guide,general chemistry,chemistry practice problems,high school,informational,yes
organic chemistry substitution and elimination reactions practice problems,40,0,,game,organic,organic chemistry practice problems,college,informational,yes
unit conversions chemistry practice problems,40,10,,game,general chemistry,unit conversions practice,high school,informational,yes
chemistry conversion practice problems with answers,40,10,,game,general chemistry,unit conversions practice,high school,informational,yes
chemistry thermodynamics practice problems,40,10,,game,general chemistry,thermodynamics practice problems,high school,informational,yes
organic chemistry 1 practice problems with answers pdf,40,10,,guide,organic,organic chemistry practice problems,college,informational,yes
unit conversion chemistry practice problems,40,10,,game,general chemistry,unit conversions practice,high school,informational,yes
organic chemistry nomenclature practice problems,40,10,0.08,game,organic,organic nomenclature practice,college,informational,yes
thermodynamics practice problems chemistry,40,10,,game,general chemistry,thermodynamics practice problems,high school,informational,yes
half-life chemistry practice problems,40,10,,game,general chemistry,half-life practice problems,high school,informational,yes
skeletal structure organic chemistry practice problems with answers pdf,40,10,4.77,guide,organic,organic chemistry practice problems,college,informational,yes
iupac nomenclature of organic chemistry practice problems,40,10,0.08,game,organic,organic nomenclature practice,college,informational,yes
percent composition chemistry practice problems,40,10,,game,stoichiometry/moles,stoichiometry practice,high school,informational,yes
thermodynamics chemistry practice problems,40,10,,game,general chemistry,thermodynamics practice problems,high school,informational,yes
ap chemistry gas laws practice problems,40,0,,game,general chemistry,gas laws practice problems,high school,informational,yes
chemistry simulation online,40,10,,game,general chemistry,chemistry games for high school,high school,informational,yes
virtual lab simulation free,40,10,4.87,game,general chemistry,chemistry games for high school,high school,informational,yes
first 20 elements song,40,10,,guide,periodic table,periodic table game,middle school,informational,yes
first 20 elements with atomic mass,40,10,,guide,periodic table,periodic table game,middle school,informational,yes
periodic table fun activity worksheet pdf,40,10,,guide,periodic table,periodic table worksheet,teacher,informational,yes
make your own element periodic table,40,10,,guide,periodic table,periodic table game,middle school,informational,yes
balancing chemical equations calculator with steps,40,10,3.13,guide,balancing equations,how to balance chemical equations guide,high school,informational,yes
20 balanced chemical equations with answers,40,10,,guide,balancing equations,balancing chemical equations practice,high school,informational,yes
50 examples of balanced chemical equations with answers pdf,40,10,,guide,balancing equations,balancing chemical equations practice,high school,informational,yes
4 steps to balance a chemical equation,40,10,,guide,balancing equations,how to balance chemical equations guide,high school,informational,yes
1000 chemistry questions and answers pdf,40,10,,guide,general chemistry,chemistry cheat sheet,high school,informational,yes
ap chemistry periodic table 2025,40,0,,guide,periodic table,periodic table guide,high school,informational,yes
mass to mass stoichiometry worksheet pdf with answers,40,10,,guide,stoichiometry/moles,stoichiometry practice,high school,informational,yes
solution stoichiometry examples,40,10,,guide,stoichiometry/moles,stoichiometry practice,high school,informational,yes
solution stoichiometry formula,40,10,,guide,stoichiometry/moles,stoichiometry practice,high school,informational,yes
naming ionic compounds worksheet pdf,40,10,,guide,chemical formulas/naming,naming compounds practice,high school,informational,yes
naming compounds practice worksheet,40,10,,game,chemical formulas/naming,naming compounds practice,high school,informational,yes
naming and writing ionic compounds worksheet,40,10,,guide,chemical formulas/naming,naming compounds practice,high school,informational,yes
naming and writing chemical formulas worksheet with answers,40,10,,guide,chemical formulas/naming,naming compounds practice,high school,informational,yes
naming ionic compounds practice worksheet answer key,40,10,,guide,chemical formulas/naming,naming compounds practice,high school,informational,yes
naming binary compounds worksheet,40,10,,guide,chemical formulas/naming,naming compounds practice,high school,informational,yes
organic chemistry prefixes and suffixes,40,10,,guide,organic,organic nomenclature practice,high school,informational,yes
naming ionic compounds with transition metals worksheet,40,10,,guide,chemical formulas/naming,naming compounds practice,high school,informational,yes
writing ionic formulas worksheet with answers,40,10,,guide,chemical formulas/naming,how to balance chemical equations guide,high school,informational,yes
binary formulas chemistry,40,0,,guide,chemical formulas/naming,naming compounds practice,high school,informational,yes
physical and chemical properties worksheet with answers,40,10,,guide,general chemistry,naming compounds practice,high school,informational,yes
orgo or ochem,40,10,,guide,organic,organic chemistry naming quiz,college,informational,yes
honors chemistry final exam pdf,40,0,,guide,general chemistry,chemistry cheat sheet,high school,informational,yes
chemistry for beginners pdf,40,10,,guide,general chemistry,chemistry cheat sheet,high school,informational,yes
science chemistry games,30,10,,game,general chemistry,chemistry games for high school,high school,informational,yes
chemistry science games,30,10,,game,general chemistry,chemistry games for high school,high school,informational,yes
science games chemistry,30,10,,game,general chemistry,chemistry games for high school,high school,informational,yes
chemistry equation games,30,10,,game,balancing equations,balancing chemical equations game,high school,informational,yes
fun chemistry games online,30,10,,game,general chemistry,chemistry games for high school,high school,informational,yes
chemistry quiz games,30,10,,game,general chemistry,chemistry games for high school,high school,informational,yes
chemistry puzzle games,30,10,,game,general chemistry,chemistry games for high school,high school,informational,yes
unit 1 chemistry quiz,30,10,,game,general chemistry,chemistry quiz games,high school,informational,yes
nomenclature quiz chemistry,30,10,,game,chemical formulas/naming,naming compounds practice,high school,informational,yes
organic chemistry naming quiz,30,10,,game,organic,organic chemistry naming quiz,college,informational,yes
equilibrium chemistry quiz,30,10,,game,general chemistry,chemistry quiz games,high school,informational,yes
international chemistry quiz,30,260,,game,general chemistry,chemistry quiz games,high school,informational,yes
chemistry unit 1 quiz,30,10,,game,general chemistry,chemistry quiz games,high school,informational,yes
chemistry nomenclature practice quiz,30,0,,game,chemical formulas/naming,naming compounds practice,high school,informational,yes
chemistry equilibrium quiz,30,10,,game,general chemistry,chemistry quiz games,high school,informational,yes
chemistry of life quiz,30,10,,game,general chemistry,chemistry quiz games,high school,informational,yes
chemistry quiz game,30,10,,game,general chemistry,chemistry games for high school,high school,informational,yes
organic chemistry practice quiz,30,10,,game,organic,organic chemistry naming quiz,college,informational,yes
step by step how to balance chemical equations,30,10,,guide,balancing equations,how to balance chemical equations guide,high school,informational,yes
chemical equations how to balance,30,10,,guide,balancing equations,how to balance chemical equations guide,high school,informational,yes
how to balance chemical equations algebraically,30,10,,guide,balancing equations,how to balance chemical equations guide,high school,informational,yes
how to balance chemical equations with fractions,30,10,,guide,balancing equations,how to balance chemical equations guide,high school,informational,yes
how to balance and predict chemical equations,30,10,,guide,balancing equations,how to balance chemical equations guide,high school,informational,yes
how to predict and balance chemical equations,30,10,,guide,balancing equations,how to balance chemical equations guide,high school,informational,yes
how to complete and balance chemical equations,30,10,,guide,balancing equations,how to balance chemical equations guide,high school,informational,yes
balancing equations chemistry practice problems,30,10,,game,balancing equations,balancing chemical equations game,high school,informational,yes
balancing equations practice pdf,30,10,,guide,balancing equations,how to balance chemical equations guide,high school,informational,yes
practice balancing equations 2,30,0,,game,balancing equations,balancing chemical equations game,high school,informational,yes
practice problems for balancing chemical equations with answers,30,10,,guide,balancing equations,how to balance chemical equations guide,high school,informational,yes
balancing chemical equations practice problems with answers,30,10,,guide,balancing equations,how to balance chemical equations guide,high school,informational,yes
chemistry balancing equations practice problems with answers,30,10,,guide,balancing equations,how to balance chemical equations guide,high school,informational,yes
video game controller periodic table,30,10,0.02,game,periodic table,periodic table game,high school,informational,yes
periodic table of game controllers,30,10,0.21,game,periodic table,periodic table game,high school,informational,yes
periodic table challenge game,30,10,,game,periodic table,periodic table game,high school,informational,yes
periodic table practice game,30,10,,game,periodic table,periodic table game,high school,informational,yes
video game periodic table,30,10,,game,periodic table,periodic table game,high school,informational,yes
first 54 elements of the periodic table quiz,30,0,,game,periodic table,periodic table game,high school,informational,yes
periodic table name and symbol quiz,30,10,,game,periodic table,periodic table game,high school,informational,yes
periodic table names and symbols quiz,30,10,,game,periodic table,periodic table game,high school,informational,yes
periodic table element names and symbols quiz,30,10,,game,periodic table,periodic table game,high school,informational,yes
periodic table quiz names and symbols,30,10,,game,periodic table,periodic table game,high school,informational,yes
first 36 elements of the periodic table quiz,30,10,,game,periodic table,periodic table game,high school,informational,yes
periodic table quiz questions,30,10,,game,periodic table,periodic table game,high school,informational,yes
quiz questions about periodic table,30,10,,game,periodic table,periodic table game,high school,informational,yes
periodic table symbols and names quiz,30,10,,game,periodic table,periodic table game,high school,informational,yes
element names and symbols quiz,30,10,,game,periodic table,periodic table game,high school,informational,yes
acid base game,30,10,,game,acids & bases,acids and bases game,high school,informational,yes
acid and base game,30,10,,game,acids & bases,acids and bases game,high school,informational,yes
ap chemistry acids and bases practice test,30,0,3.58,guide,acids & bases,acids and bases cheat sheet,high school,informational,yes
types of chemical reactions do atoms rearrange in predictable patterns,30,0,,guide,reaction types,types of chemical reactions guide,high school,informational,yes
five major types of chemical reactions,30,10,,guide,reaction types,types of chemical reactions guide,high school,informational,yes
types of chemical reactions and how to identify them,30,10,,guide,reaction types,types of chemical reactions guide,high school,informational,yes
5 types of chemical reactions worksheet,30,10,,guide,reaction types,types of chemical reactions guide,high school,informational,yes
what are the main types of chemical reactions,30,10,,guide,reaction types,types of chemical reactions guide,high school,informational,yes
types of chemical reactions lab answer key,30,10,,guide,reaction types,types of chemical reactions guide,teacher,informational,yes
different types of chemical reactions with examples,30,10,,guide,reaction types,types of chemical reactions guide,high school,informational,yes
types of chemical reactions color by number answer key,30,10,,guide,reaction types,types of chemical reactions guide,teacher,informational,yes
table 9 types of chemical reactions answer key,30,10,,guide,reaction types,types of chemical reactions guide,high school,informational,yes
types of chemical reactions calculator,30,10,,game,reaction types,types of chemical reactions guide,high school,informational,yes
seven types of chemical reactions,30,10,,guide,reaction types,types of chemical reactions guide,high school,informational,yes
7 types of chemical reactions,30,10,,guide,reaction types,types of chemical reactions guide,high school,informational,yes
types of chemical reactions and equations,30,10,,guide,reaction types,types of chemical reactions guide,high school,informational,yes
main types of chemical reactions,30,10,,guide,reaction types,types of chemical reactions guide,high school,informational,yes
states of matter jeopardy game,30,10,,game,general chemistry,chemistry games for high school,high school,informational,yes
summary organic chemistry cheat sheet,30,10,0.06,guide,organic,chemistry cheat sheet,college,informational,yes
chemistry periodic table cheat sheet,30,10,,guide,periodic table,chemistry cheat sheet,high school,informational,yes
general chemistry 1 cheat sheet,30,10,,guide,general chemistry,chemistry cheat sheet,college,informational,yes
organic chemistry 1 mechanisms cheat sheet,30,0,,guide,organic,chemistry cheat sheet,college,informational,yes
organic chemistry 1 cheat sheet pdf,30,10,,guide,organic,chemistry cheat sheet,college,informational,yes
chemistry regents cheat sheet,30,0,,guide,general chemistry,chemistry cheat sheet,high school,informational,yes
chemistry final exam cheat sheet,30,10,,guide,general chemistry,cheat sheet,high school,informational,yes
mcat organic chemistry cheat sheet,30,10,,guide,organic,organic cheat sheet,college,informational,yes
chemistry 2 cheat sheet,30,10,,guide,general chemistry,cheat sheet,high school,informational,yes
ap chemistry cheat sheet pdf,30,10,,guide,general chemistry,cheat sheet,high school,informational,yes
conversion cheat sheet chemistry,30,10,,guide,stoichiometry/moles,cheat sheet,high school,informational,yes
organic chemistry 2 final exam cheat sheet,30,0,,guide,organic,organic cheat sheet,college,informational,yes
general chemistry cheat sheet pdf,30,10,,guide,general chemistry,cheat sheet,high school,informational,yes
cheat sheet organic chemistry reaction map,30,10,,guide,organic,organic cheat sheet,college,informational,yes
organic chemistry 2 reagents cheat sheet,30,0,,guide,organic,organic cheat sheet,college,informational,yes
ap chemistry exam cheat sheet,30,10,,guide,general chemistry,cheat sheet,high school,informational,yes
stoichiometry practice online,30,10,,game,stoichiometry/moles,stoichiometry practice,high school,informational,yes
molarity stoichiometry practice problems,30,10,,guide,stoichiometry/moles,stoichiometry practice,high school,informational,yes
stoichiometry practice worksheet answers,30,10,,guide,stoichiometry/moles,stoichiometry practice,high school,informational,yes
stoichiometry online practice,30,10,,game,stoichiometry/moles,stoichiometry practice,high school,informational,yes
stoichiometry practice worksheets,30,10,,guide,stoichiometry/moles,stoichiometry practice,high school,informational,yes
mole to mole stoichiometry practice,30,10,,game,stoichiometry/moles,stoichiometry practice,high school,informational,yes
online stoichiometry practice,30,10,,game,stoichiometry/moles,stoichiometry practice,high school,informational,yes
gas law stoichiometry practice problems,30,10,,guide,stoichiometry/moles,stoichiometry practice,high school,informational,yes
stoichiometry practice problems worksheet answers,30,10,,guide,stoichiometry/moles,stoichiometry practice,high school,informational,yes
stoichiometry practice worksheet with answers,30,10,,guide,stoichiometry/moles,stoichiometry practice,high school,informational,yes
stoichiometry practice problems worksheet with answers,30,10,,guide,stoichiometry/moles,stoichiometry practice,high school,informational,yes
study tips for organic chemistry,30,10,,blog,organic,chemistry study tips blog,college,informational,yes
how to study for general chemistry,30,0,,blog,general chemistry,chemistry study tips blog,high school,informational,yes
how to study general chemistry,30,0,,blog,general chemistry,chemistry study tips blog,high school,informational,yes
how to study for the acs general chemistry exam,30,0,,blog,general chemistry,chemistry study tips blog,college,informational,yes
how to study for acs general chemistry exam,30,0,,blog,general chemistry,chemistry study tips blog,college,informational,yes
chemistry fun worksheets,30,10,,guide,general chemistry,chemistry worksheets,high school,informational,yes
honors chemistry worksheets,30,0,,guide,general chemistry,chemistry worksheets,high school,informational,yes
christmas chemistry worksheets,30,10,,guide,general chemistry,chemistry worksheets,middle school,informational,yes
chemistry review worksheets,30,10,,guide,general chemistry,chemistry worksheets,high school,informational,yes
chemistry study of matter worksheets,30,10,,guide,general chemistry,chemistry worksheets,high school,informational,yes
integrated physics and chemistry worksheets,30,10,,guide,general chemistry,chemistry worksheets,high school,informational,yes
organic chemistry worksheets with answers,30,10,,guide,organic,chemistry worksheets,college,informational,yes
worksheets for organic chemistry answers,30,10,,guide,organic,chemistry worksheets,college,informational,yes
chemistry honors worksheets,30,0,,guide,general chemistry,chemistry worksheets,high school,informational,yes
chemistry periodic table worksheets,30,10,,guide,periodic table,chemistry worksheets,high school,informational,yes
fun chemistry worksheets,30,10,,guide,general chemistry,chemistry worksheets,middle school,informational,yes
chemistry practice worksheets,30,10,,guide,general chemistry,chemistry worksheets,high school,informational,yes
intro to chemistry worksheets,30,10,,guide,general chemistry,chemistry worksheets,high school,informational,yes
lewis structure practice online,30,10,,game,bonding,lewis structure practice,high school,informational,yes
lewis structure practice questions,30,10,,guide,bonding,lewis structure practice,high school,informational,yes
hard lewis structure practice,30,10,,game,bonding,lewis structure practice,high school,informational,yes
easy lewis structure practice,30,10,,game,bonding,lewis structure practice,high school,informational,yes
ionic lewis structure practice,30,10,,game,bonding,lewis structure practice,high school,informational,yes
lewis dot structure practice online,30,10,,game,bonding,lewis structure practice,high school,informational,yes
lewis structure practice worksheet answer key,30,10,,guide,bonding,lewis structure practice,high school,informational,yes
chemistry practice problems moles,30,10,,game,stoichiometry/moles,stoichiometry practice,high school,informational,yes
general chemistry 2 practice problems,30,0,,game,general chemistry,chemistry practice problems,college,informational,yes
unit conversion practice problems with answers pdf chemistry,30,10,,guide,stoichiometry/moles,chemistry practice problems,high school,informational,yes
chemistry gas laws practice problems,30,10,,game,general chemistry,chemistry practice problems,high school,informational,yes
chemistry 1 practice problems,30,10,,game,general chemistry,chemistry practice problems,high school,informational,yes
dilution chemistry practice problems,30,10,,game,stoichiometry/moles,chemistry practice problems,high school,informational,yes
mole practice problems chemistry,30,10,,game,stoichiometry/moles,stoichiometry practice,high school,informational,yes
ap chemistry titration practice problems,30,0,,game,acids & bases,chemistry practice problems,high school,informational,yes
chemistry dilution practice problems,30,10,,game,stoichiometry/moles,chemistry practice problems,high school,informational,yes
20 questions periodic table with answers,30,10,,game,periodic table,periodic table game,middle school,informational,yes
periodic table fun activities,30,10,,blog,periodic table,periodic table games for students,teacher,informational,yes
balancing chemical equations worksheet with answers pdf,30,10,,guide,balancing equations,how to balance chemical equations guide,high school,informational,yes
unbalanced chemical equations examples with answers,30,10,,guide,balancing equations,how to balance chemical equations guide,high school,informational,yes
ap chemistry periodic table and equation sheet 2025,30,0,,guide,periodic table,chemistry cheat sheet,high school,informational,yes
general chemistry formula sheet pdf,30,10,,guide,general chemistry,chemistry cheat sheet,high school,informational,yes
general chemistry 2 formula sheet,30,0,,guide,general chemistry,chemistry cheat sheet,high school,informational,yes
stoichiometry mass-mass problems worksheet answers,30,10,,guide,stoichiometry/moles,stoichiometry practice,high school,informational,yes
ap chemistry stoichiometry problems pdf,30,10,,guide,stoichiometry/moles,stoichiometry practice,high school,informational,yes
stoichiometry mass mass problems worksheet answers,30,10,,guide,stoichiometry/moles,stoichiometry practice,high school,informational,yes
stoichiometry problems and solutions pdf,30,10,,guide,stoichiometry/moles,stoichiometry practice,high school,informational,yes
polyatomic ions list with formulas,30,10,,guide,chemical formulas/naming,chemistry cheat sheet,high school,informational,yes
is nitride a polyatomic ion,30,10,,guide,chemical formulas/naming,naming compounds practice,high school,informational,yes
naming covalent compounds worksheet with answers pdf,30,10,,guide,chemical formulas/naming,naming compounds practice,high school,informational,yes
naming compounds practice problems with answers,30,10,,game,chemical formulas/naming,naming compounds practice,high school,informational,yes
naming ionic compounds worksheet with answers pdf,30,10,,guide,chemical formulas/naming,naming compounds practice,high school,informational,yes
naming compounds quiz with answers,30,10,,game,chemical formulas/naming,naming compounds practice,high school,informational,yes
naming molecular compounds worksheet with answers pdf,30,0,,guide,chemical formulas/naming,naming compounds practice,high school,informational,yes
binary ionic compounds worksheet with answers pdf,30,10,,guide,chemical formulas/naming,naming compounds practice,high school,informational,yes
list of elements that need roman numerals,30,10,,guide,chemical formulas/naming,naming compounds practice,high school,informational,yes
writing binary formulas worksheet,30,10,,guide,chemical formulas/naming,naming compounds practice,high school,informational,yes
naming ionic compounds worksheet pdf with answers,30,10,,guide,chemical formulas/naming,naming compounds practice,high school,informational,yes
ionic compounds worksheet with answers,30,10,,guide,chemical formulas/naming,naming compounds practice,high school,informational,yes
writing formulas for ionic compounds practice,30,10,,guide,chemical formulas/naming,naming compounds practice,high school,informational,yes
simple binary ionic compounds worksheet,30,10,,guide,chemical formulas/naming,naming compounds practice,high school,informational,yes
naming ionic compounds pdf,30,10,,guide,chemical formulas/naming,naming compounds practice,high school,informational,yes
ionic compounds worksheet pdf,30,10,,guide,chemical formulas/naming,naming compounds practice,high school,informational,yes
naming binary compounds worksheet with answers,30,10,,guide,chemical formulas/naming,naming compounds practice,high school,informational,yes
writing chemical formulas worksheet with answers pdf,30,10,,guide,chemical formulas/naming,naming compounds practice,high school,informational,yes
mixed ionic and covalent naming practice,30,10,,guide,chemical formulas/naming,naming compounds practice,high school,informational,yes
orgo ai solver,30,10,3.75,game,organic,organic chemistry practice,college,informational,yes
how to learn chemistry for beginners,30,10,7.99,blog,general chemistry,chemistry study tips blog,high school,informational,yes
best website to learn chemistry for free,30,10,2.77,blog,general chemistry,chemistry study tips blog,high school,commercial,yes
chemistry final exam pdf,30,10,,guide,general chemistry,chemistry cheat sheet,high school,informational,yes
survey of chemistry vs principles of chemistry,30,0,,blog,general chemistry,chemistry study tips blog,college,informational,yes
basic chemistry notes pdf,30,10,,guide,general chemistry,chemistry cheat sheet,high school,informational,yes
is chemistry 1 hard,30,10,,blog,general chemistry,chemistry study tips blog,college,informational,yes
ap chemistry games,20,0,,game,general chemistry,chemistry games for high school,high school,informational,yes
free online chemistry games,20,10,,game,general chemistry,chemistry games for high school,high school,informational,yes
chemistry games mixing chemicals online,20,10,,game,general chemistry,chemistry games for high school,high school,informational,yes
free chemistry games online,20,10,2.95,game,general chemistry,chemistry games for high school,high school,informational,yes
chemistry games for free,20,10,,game,general chemistry,chemistry games for high school,high school,informational,yes
chemistry games for students,20,10,,game,general chemistry,chemistry games for high school,high school,informational,yes
free chemistry games,20,10,,game,general chemistry,chemistry games for high school,high school,informational,yes
organic chemistry games functional groups,20,10,,game,organic,organic chemistry practice,college,informational,yes
chemistry games online free,20,10,2.95,game,general chemistry,chemistry games for high school,high school,informational,yes
chemistry games free online,20,10,,game,general chemistry,chemistry games for high school,high school,informational,yes
chemistry games free,20,10,1.99,game,general chemistry,chemistry games for high school,high school,informational,yes
games about chemistry,20,10,,game,general chemistry,chemistry games for high school,high school,informational,yes
solutions chemistry quiz,20,0,,game,stoichiometry/moles,solutions chemistry quiz,high school,informational,yes
solution chemistry quiz,20,0,,game,stoichiometry/moles,solutions chemistry quiz,high school,informational,yes
gcse chemistry quiz,20,10,,game,general chemistry,chemistry quiz,high school,informational,yes
chemistry ions quiz,20,10,,game,chemical formulas/naming,ions quiz,high school,informational,yes
mole chemistry quiz,20,10,,game,stoichiometry/moles,moles quiz,high school,informational,yes
chemistry quiz solutions,20,0,,game,general chemistry,solutions quiz,high school,informational,yes
chemistry ion quiz,20,10,,game,chemical formulas/naming,ions quiz,high school,informational,yes
moles quiz chemistry,20,10,,game,stoichiometry/moles,moles quiz,high school,informational,yes
chemistry quiz gcse,20,10,,game,general chemistry,chemistry quiz,high school,informational,yes
solution quiz chemistry,20,0,,game,general chemistry,solutions quiz,high school,informational,yes
chemistry matter quiz,20,0,,game,general chemistry,matter quiz,middle school,informational,yes
chemistry solutions quiz,20,0,,game,general chemistry,solutions quiz,high school,informational,yes
mole quiz chemistry,20,10,,game,stoichiometry/moles,moles quiz,high school,informational,yes
solutions quiz chemistry,20,0,,game,general chemistry,solutions quiz,high school,informational,yes
chemistry lab quiz,20,10,,game,lab safety,chemistry quiz,high school,informational,yes
chemistry quiz on atoms,20,10,,game,atomic structure,atomic structure quiz,high school,informational,yes
chemistry gas laws quiz,20,10,,game,general chemistry,chemistry quiz,high school,informational,yes
chemistry quiz atomic structure,20,10,,game,atomic structure,atomic structure quiz,high school,informational,yes
chemistry moles quiz,20,10,,game,stoichiometry/moles,moles quiz,high school,informational,yes
chemistry quiz moles,20,10,,game,stoichiometry/moles,moles quiz,high school,informational,yes
chemistry quiz on matter,20,0,,game,general chemistry,matter quiz,middle school,informational,yes
ap chemistry unit 2 quiz,20,0,,game,general chemistry,chemistry quiz,high school,informational,yes
chemistry solution quiz,20,0,,game,general chemistry,solutions quiz,high school,informational,yes
chemistry compound quiz,20,10,,game,chemical formulas/naming,naming compounds practice,high school,informational,yes
chemistry gcse quiz,20,10,,game,general chemistry,chemistry quiz,high school,informational,yes
medicinal chemistry quiz,20,10,,game,organic,chemistry quiz,college,informational,yes
atomic chemistry quiz,20,10,,game,atomic structure,atomic structure quiz,high school,informational,yes
chemistry 1 quiz,20,10,,game,general chemistry,chemistry quiz,high school,informational,yes
matter chemistry quiz,20,0,,game,general chemistry,matter quiz,middle school,informational,yes
organic chemistry reactions quiz,20,10,,game,organic,organic chemistry quiz,college,informational,yes
chemistry quiz gas laws,20,10,,game,general chemistry,chemistry quiz,high school,informational,yes
chemistry elements and compounds quiz,20,10,,game,chemical formulas/naming,naming compounds practice,high school,informational,yes
ion quiz chemistry,20,10,,game,chemical formulas/naming,naming compounds practice,high school,informational,yes
ions quiz chemistry,20,10,,game,chemical formulas/naming,naming compounds practice,high school,informational,yes
chemistry quiz on atomic structure,20,10,,game,atomic structure,atomic structure quiz,high school,informational,yes
atomic structure chemistry quiz,20,10,,game,atomic structure,atomic structure quiz,high school,informational,yes
lab quiz chemistry,20,10,,game,lab safety,chemistry games for high school,high school,informational,yes
chemistry glassware quiz,20,10,,game,lab safety,chemistry games for high school,high school,informational,yes
chemistry atomic structure quiz,20,10,,game,atomic structure,atomic structure quiz,high school,informational,yes
chemistry mole quiz,20,10,,game,stoichiometry/moles,stoichiometry practice,high school,informational,yes
gas laws chemistry quiz,20,10,,game,general chemistry,chemistry games for high school,high school,informational,yes
matter quiz chemistry,20,0,,game,general chemistry,chemistry games for high school,high school,informational,yes
atomic structure quiz chemistry,20,10,,game,atomic structure,atomic structure quiz,high school,informational,yes
balancing chemical equations online game,20,10,,game,balancing equations,balancing chemical equations game,high school,informational,yes
balancing chemical equations practice game,20,10,,game,balancing equations,balancing chemical equations game,high school,informational,yes
how to balance simple chemical equations,20,10,,guide,balancing equations,how to balance chemical equations guide,high school,informational,yes
how to balance chemical equations using matrices,20,10,,guide,balancing equations,how to balance chemical equations guide,high school,informational,yes
how to balance chemical word equations,20,10,,guide,balancing equations,how to balance chemical equations guide,high school,informational,yes
how to balance chemical equations calculator,20,10,,guide,balancing equations,how to balance chemical equations guide,high school,informational,yes
how to balance and classify chemical equations,20,0,,guide,balancing equations,how to balance chemical equations guide,high school,informational,yes
teach me how to balance chemical equations,20,10,,guide,balancing equations,how to balance chemical equations guide,high school,informational,yes
how to balance word chemical equations,20,10,,guide,balancing equations,how to balance chemical equations guide,high school,informational,yes
how to balance chemical equations worksheet,20,10,,guide,balancing equations,how to balance chemical equations guide,high school,informational,yes
how to balance chemical equations double replacement,20,10,,guide,balancing equations,how to balance chemical equations guide,high school,informational,yes
how to balance chemical equations with odd numbers,20,10,,guide,balancing equations,how to balance chemical equations guide,high school,informational,yes
practice writing and balancing chemical equations,20,10,,game,balancing equations,balancing chemical equations game,high school,informational,yes
balancing equations practice worksheet answers key,20,10,,guide,balancing equations,balancing equations practice,high school,informational,yes
balancing nuclear equations practice,20,0,,game,balancing equations,balancing equations practice,high school,informational,yes
practice: balancing equations #3,20,0,,game,balancing equations,balancing chemical equations game,high school,informational,yes
practice balancing chemical equations worksheet with answers,20,10,,guide,balancing equations,balancing equations practice,high school,informational,yes
balancing equations independent practice,20,10,,game,balancing equations,balancing chemical equations game,high school,informational,yes
balancing chemical equations practice worksheet with answers,20,10,,guide,balancing equations,balancing equations practice,high school,informational,yes
balancing ionic equations practice,20,10,,game,balancing equations,balancing chemical equations game,high school,informational,yes
balancing equations practice worksheet answer key,20,10,,guide,balancing equations,balancing equations practice,high school,informational,yes
balancing chemical equations practice worksheet answers,20,10,,guide,balancing equations,balancing equations practice,high school,informational,yes
writing and balancing chemical equations practice,20,10,,game,balancing equations,balancing chemical equations game,high school,informational,yes
balancing equations practice sheet,20,10,,game,balancing equations,balancing chemical equations game,high school,informational,yes
balancing equations practice questions,20,10,,game,balancing equations,balancing chemical equations game,high school,informational,yes
practice balancing equations 3,20,0,,game,balancing equations,balancing chemical equations game,high school,informational,yes
practice balancing equations #3,20,0,,game,balancing equations,balancing chemical equations game,high school,informational,yes
practice questions for balancing equations,20,10,,game,balancing equations,balancing chemical equations game,high school,informational,yes
mix elements of the periodic table game,20,10,,game,periodic table,periodic table game,high school,informational,yes
periodic table memorization game 1 36,20,10,,game,periodic table,periodic table game,high school,informational,yes
periodic table memorization game 1-36,20,10,,game,periodic table,periodic table game,high school,informational,yes
combine elements periodic table game,20,10,,game,periodic table,periodic table game,high school,informational,yes
periodic table app game,20,10,,game,periodic table,periodic table game,high school,informational,yes
periodic table puzzle game,20,10,,game,periodic table,periodic table game,high school,informational,yes
periodic table of elements memory game,20,10,,game,periodic table,periodic table game,high school,informational,yes
periodic table game app,20,10,,game,periodic table,periodic table game,high school,informational,yes
first 50 elements of the periodic table quiz,20,10,,game,periodic table,periodic table game,high school,informational,yes
periodic table quiz multiple choice,20,10,,game,periodic table,periodic table game,high school,informational,yes
periodic table quiz printable,20,10,,guide,periodic table,periodic table game,teacher,commercial,yes
periodic table quiz with symbols,20,10,,game,periodic table,periodic table game,high school,informational,yes
periodic table printable quiz,20,10,,guide,periodic table,periodic table game,teacher,commercial,yes
periodic table symbol quiz 1-36,20,10,,game,periodic table,periodic table game,high school,informational,yes
periodic table memorization quiz,20,10,,game,periodic table,periodic table game,high school,informational,yes
periodic table quiz pdf,20,10,,guide,periodic table,periodic table game,teacher,commercial,yes
periodic table of elements quiz answers,20,10,0.02,guide,periodic table,periodic table game,high school,informational,yes
memorize periodic table quiz,20,10,,game,periodic table,periodic table game,high school,informational,yes
periodic table of elements quiz with answers,20,10,0.02,guide,periodic table,periodic table game,high school,informational,yes
first 10 elements on the periodic table quiz,20,10,,game,periodic table,periodic table game,high school,informational,yes
periodic table spelling quiz,20,10,,game,periodic table,periodic table game,high school,informational,yes
periodic table symbol quiz 1 36,20,10,,game,periodic table,periodic table game,high school,informational,yes
periodic table quiz answers,20,10,,guide,periodic table,periodic table game,high school,informational,yes
periodic table of elements quiz 1-30,20,10,,game,periodic table,periodic table game,high school,informational,yes
periodic table study quiz,20,0,,game,periodic table,periodic table game,high school,informational,yes
printable periodic table quiz,20,10,,guide,periodic table,periodic table game,teacher,commercial,yes
periodic table labeling quiz,20,10,,game,periodic table,periodic table game,high school,informational,yes
periodic table of elements quiz printable,20,10,,guide,periodic table,periodic table game,teacher,commercial,yes
periodic table of elements quiz pdf,20,10,,guide,periodic table,periodic table game,teacher,commercial,yes
periodic table 1-30 quiz,20,10,,game,periodic table,periodic table game,high school,informational,yes
interactive periodic table quiz,20,10,,game,periodic table,periodic table game,high school,informational,yes
periodic table interactive quiz,20,10,,game,periodic table,periodic table game,high school,informational,yes
first 18 elements of periodic table quiz,20,10,,game,periodic table,periodic table game,high school,informational,yes
periodic table quiz and answers,20,10,0.02,guide,periodic table,periodic table game,high school,informational,yes
periodic table 1 30 quiz,20,10,,game,periodic table,periodic table game,high school,informational,yes
periodic table first 36 elements quiz,20,0,,game,periodic table,periodic table game,high school,informational,yes
quiz the periodic table answers,20,10,,guide,periodic table,periodic table game,high school,informational,yes
acids and bases practice problems with answers,20,10,,guide,acids & bases,acid base practice,high school,informational,yes
acids and bases practice test,20,10,,game,acids & bases,acid base practice,high school,informational,yes
ranking acids and bases organic chemistry practice,20,0,,guide,organic,acid base practice,college,informational,yes
acids and bases organic chemistry practice problems,20,0,,guide,organic,acid base practice,college,informational,yes
ph scale game,20,10,,game,acids & bases,acid base practice,high school,informational,yes
naming ionic compounds game,20,10,,game,chemical formulas/naming,naming compounds practice,high school,informational,yes
chemical formula game,20,10,2.78,game,chemical formulas/naming,naming compounds practice,high school,informational,yes
naming and writing chemical formulas practice,20,10,,guide,chemical formulas/naming,naming compounds practice,high school,informational,yes
name five general types of chemical reactions,20,10,,guide,reaction types,chemistry cheat sheet,high school,informational,yes
types of chemical reactions simulation,20,10,,game,reaction types,reaction types game,high school,informational,yes
5 general types of chemical reactions,20,0,,guide,reaction types,types of chemical reactions guide,high school,informational,yes
what are the 4 main types of chemical reactions,20,10,,guide,reaction types,types of chemical reactions guide,high school,informational,yes
types of chemical reactions webquest,20,10,,game,reaction types,reaction types game,high school,informational,yes
what are some types of chemical reactions,20,10,,guide,reaction types,types of chemical reactions guide,high school,informational,yes
what are the general types of chemical reactions,20,0,,guide,reaction types,types of chemical reactions guide,high school,informational,yes
types of chemical reactions notes,20,10,,guide,reaction types,types of chemical reactions guide,high school,informational,yes
classifying types of chemical reactions,20,10,,guide,reaction types,types of chemical reactions guide,high school,informational,yes
six types of chemical reactions worksheet,20,10,,game,reaction types,reaction types game,high school,transactional,yes
6 types of chemical reactions worksheet,20,10,,game,reaction types,reaction types game,high school,transactional,yes
virtual lab types of chemical reactions,20,10,,game,reaction types,reaction types game,high school,informational,yes
types of chemical reactions test,20,10,,game,reaction types,reaction types game,high school,informational,yes
types of chemical reactions virtual lab,20,10,,game,reaction types,reaction types game,high school,informational,yes
types of chemical reactions precipitation,20,10,,guide,reaction types,types of chemical reactions guide,high school,informational,yes
different types of chemical reactions in chemistry,20,10,,guide,reaction types,types of chemical reactions guide,high school,informational,yes
types of chemical reactions poster,20,10,,guide,reaction types,types of chemical reactions guide,high school,informational,yes
virtual lab :types of chemical reactions,20,0,,game,reaction types,reaction types game,high school,informational,yes
describe three types of chemical reactions,20,0,,guide,reaction types,types of chemical reactions guide,high school,informational,yes
what are the five general types of chemical reactions,20,0,,guide,reaction types,types of chemical reactions guide,high school,informational,yes
shall we dance classifying types of chemical reactions,20,0,,game,reaction types,reaction types game,high school,informational,yes
types of chemical reactions cartoon,20,10,,guide,reaction types,types of chemical reactions guide,middle school,informational,yes
common types of chemical reactions,20,10,,guide,reaction types,types of chemical reactions guide,high school,informational,yes
the six types of chemical reactions,20,10,,guide,reaction types,types of chemical reactions guide,high school,informational,yes
identify the 5 types of chemical reactions worksheet,20,10,,game,reaction types,reaction types game,high school,transactional,yes
types of chemical reactions packet,20,0,,game,reaction types,reaction types game,high school,informational,yes
three major types of chemical reactions,20,0,,guide,reaction types,types of chemical reactions guide,high school,informational,yes
types of chemical reactions practice worksheet,20,0,,game,reaction types,reaction types game,high school,transactional,yes
identifying types of chemical reactions and balancing worksheet answers,20,10,,game,balancing equations,balancing chemical equations game,high school,transactional,yes
types of chemical reactions class 10 ppt,20,10,,guide,reaction types,types of chemical reactions guide,high school,informational,yes
types of chemical reactions cut and paste,20,10,,game,reaction types,reaction types game,middle school,informational,yes
states of matter review game,20,0,,game,atomic structure,states of matter game,middle school,informational,yes
organic chemistry alkene reactions cheat sheet,20,10,,guide,organic,organic chemistry cheat sheet,college,informational,yes
organic chemistry mcat cheat sheet,20,0,8.1,guide,organic,organic chemistry cheat sheet,college,informational,yes
alcohol reactions organic chemistry cheat sheet,20,10,,guide,organic,organic chemistry cheat sheet,college,informational,yes
ap chemistry acids and bases cheat sheet,20,0,,guide,acids & bases,chemistry cheat sheet,high school,informational,yes
nuclear chemistry cheat sheet,20,10,,guide,atomic structure,chemistry cheat sheet,high school,informational,yes
honors chemistry final exam cheat sheet,20,0,,guide,general chemistry,chemistry cheat sheet,high school,informational,yes
synthesis organic chemistry cheat sheet,20,10,,guide,organic,organic chemistry cheat sheet,college,informational,yes
organic chemistry 2 cheat sheet pdf,20,10,,guide,organic,organic chemistry cheat sheet,college,informational,yes
basic chemistry cheat sheet,20,10,,guide,general chemistry,chemistry cheat sheet,high school,informational,yes
cheat sheet chemistry formula sheet,20,10,0.08,guide,general chemistry,chemistry cheat sheet,high school,informational,yes
organic chemistry alcohol reactions cheat sheet,20,0,,guide,organic,organic chemistry cheat sheet,college,informational,yes
organic chemistry naming cheat sheet,20,10,,guide,organic,organic chemistry cheat sheet,college,informational,yes
mcat chemistry cheat sheet,20,10,,guide,general chemistry,chemistry cheat sheet,college,informational,yes
chemistry midterm cheat sheet,20,10,,guide,general chemistry,chemistry cheat sheet,high school,informational,yes
chemistry stoichiometry cheat sheet,20,10,,guide,stoichiometry/moles,stoichiometry cheat sheet,high school,informational,yes
chemistry gas laws cheat sheet,20,10,,guide,general chemistry,chemistry cheat sheet,high school,informational,yes
organic chemistry final exam cheat sheet,20,10,,guide,organic,organic chemistry cheat sheet,college,informational,yes
organic chemistry 2 mechanisms cheat sheet,20,0,,guide,organic,organic chemistry cheat sheet,college,informational,yes
organic chemistry 1 final exam cheat sheet,20,0,,guide,organic,organic chemistry cheat sheet,college,informational,yes
honors chemistry cheat sheet,20,0,,guide,general chemistry,chemistry cheat sheet,high school,informational,yes
organic chemistry synthesis reactions cheat sheet,20,10,,guide,organic,organic chemistry cheat sheet,college,informational,yes
chemistry exam cheat sheet,20,10,,guide,general chemistry,chemistry cheat sheet,high school,informational,yes
physical chemistry cheat sheet,20,10,,guide,general chemistry,chemistry cheat sheet,college,informational,yes
chemistry equilibrium cheat sheet,20,10,,guide,general chemistry,chemistry cheat sheet,high school,informational,yes
organic chemistry reactions cheat sheet pdf,20,10,,guide,organic,organic chemistry cheat sheet,college,informational,yes
chemistry conversion chart cheat sheet,20,10,,guide,stoichiometry/moles,stoichiometry cheat sheet,high school,informational,yes
stoichiometry practice test answer key,20,0,,guide,stoichiometry/moles,stoichiometry practice,high school,informational,yes
stoichiometry percent yield practice problems,20,10,,game,stoichiometry/moles,stoichiometry practice,high school,informational,yes
stoichiometry practice problems and solutions pdf,20,10,,guide,stoichiometry/moles,stoichiometry practice,high school,informational,yes
stoichiometry ap chem practice,20,0,,game,stoichiometry/moles,stoichiometry practice,high school,informational,yes
mixed stoichiometry practice,20,10,,game,stoichiometry/moles,stoichiometry practice,high school,informational,yes
enthalpy stoichiometry practice problems,20,0,,game,stoichiometry/moles,stoichiometry practice,college,informational,yes
stoichiometry mcat practice,20,10,,game,stoichiometry/moles,stoichiometry practice,college,informational,yes
ap chemistry stoichiometry practice,20,0,,game,stoichiometry/moles,stoichiometry practice,high school,informational,yes
mixed stoichiometry practice worksheet answers,20,0,,guide,stoichiometry/moles,stoichiometry practice,high school,informational,yes
mass to mass stoichiometry practice problems,20,10,,game,stoichiometry/moles,stoichiometry practice,high school,informational,yes
step by step stoichiometry practice problems,20,0,,guide,stoichiometry/moles,stoichiometry practice,high school,informational,yes
solution stoichiometry practice,20,10,,game,stoichiometry/moles,stoichiometry practice,high school,informational,yes
stoichiometry calculation practice worksheet,20,10,,guide,stoichiometry/moles,stoichiometry practice,high school,informational,yes
ap chem stoichiometry practice,20,0,,game,stoichiometry/moles,stoichiometry practice,high school,informational,yes
gas stoichiometry practice,20,10,,game,stoichiometry/moles,stoichiometry practice,high school,informational,yes
chemistry mole conversion practice problems,20,0,,game,stoichiometry/moles,stoichiometry practice,high school,informational,yes
mole-to-mole conversion practice problems,20,0,,game,stoichiometry/moles,stoichiometry practice,high school,informational,yes
mole-to mole conversion practice problems,20,0,,game,stoichiometry/moles,stoichiometry practice,high school,informational,yes
mole to mole conversion practice problems,20,0,,game,stoichiometry/moles,stoichiometry practice,high school,informational,yes
organic chemistry study tips,20,10,,blog,organic,chemistry study tips blog,college,informational,yes
how to study organic chemistry effectively,20,10,,blog,organic,chemistry study tips blog,college,informational,yes
how to study for chemistry regents,20,0,,blog,general chemistry,chemistry study tips blog,high school,informational,yes
how to study for organic chemistry 1,20,0,,blog,organic,chemistry study tips blog,college,informational,yes
how to self-study organic chemistry,20,10,,blog,organic,chemistry study tips blog,college,informational,yes
how to self-study chemistry,20,10,,blog,general chemistry,chemistry study tips blog,general,informational,yes
how to study for ap chemistry test,20,0,,blog,general chemistry,chemistry study tips blog,high school,informational,yes
how to study for chemistry exam in one night,20,10,,blog,general chemistry,chemistry study tips blog,high school,informational,yes
how to study for organic chemistry final,20,10,,blog,organic,chemistry study tips blog,college,informational,yes
how to study chemistry effectively,20,10,,blog,general chemistry,chemistry study tips blog,high school,informational,yes
how to self study chemistry,20,10,2.78,blog,general chemistry,chemistry study tips blog,general,informational,yes
how to self study organic chemistry,20,10,,blog,organic,chemistry study tips blog,college,informational,yes
how to study effectively for chemistry,20,10,,blog,general chemistry,chemistry study tips blog,high school,informational,yes
chemistry worksheets gcse,20,10,,guide,general chemistry,chemistry worksheets,high school,informational,yes
introduction to chemistry worksheets,20,10,,guide,general chemistry,chemistry worksheets,high school,informational,yes
basic chemistry worksheets pdf,20,10,7.9,guide,general chemistry,chemistry worksheets,high school,informational,yes
ap chemistry worksheets pdf,20,0,,guide,general chemistry,chemistry worksheets,high school,informational,yes
general chemistry worksheets,20,10,,guide,general chemistry,chemistry worksheets,high school,informational,yes
chemistry gcse worksheets,20,10,,guide,general chemistry,chemistry worksheets,high school,informational,yes
science worksheets chemistry,20,10,,guide,general chemistry,chemistry worksheets,high school,informational,yes
gcse worksheets chemistry,20,10,,guide,general chemistry,chemistry worksheets,high school,informational,yes
gcse chemistry worksheets,20,10,,guide,general chemistry,chemistry worksheets,high school,informational,yes
chemistry printable worksheets,20,10,,guide,general chemistry,chemistry worksheets,high school,informational,yes
chemistry matter worksheets,20,10,,guide,general chemistry,chemistry worksheets,high school,informational,yes
organic chemistry worksheets pdf,20,10,,guide,organic,chemistry worksheets,college,informational,yes
science chemistry worksheets,20,10,,guide,general chemistry,chemistry worksheets,high school,informational,yes
crash course chemistry worksheets,20,10,,guide,general chemistry,chemistry worksheets,high school,informational,yes
chemistry criss cross method worksheets,20,10,,guide,chemical formulas/naming,chemistry worksheets,high school,informational,yes
titration lab simulation,20,10,2.93,game,acids & bases,acid-base titration simulation,high school,informational,yes
online titration simulation,20,10,,game,acids & bases,acid-base titration simulation,high school,informational,yes
titration simulation online,20,10,,game,acids & bases,acid-base titration simulation,high school,informational,yes
titration online simulation,20,10,,game,acids & bases,acid-base titration simulation,high school,informational,yes
titration simulation lab,20,10,,game,acids & bases,acid-base titration simulation,high school,informational,yes
complex lewis structure practice,20,10,,guide,bonding,lewis structure practice,high school,informational,yes
resonance lewis structure practice,20,10,,guide,bonding,lewis structure practice,high school,informational,yes
organic chemistry lewis structure practice,20,0,,guide,bonding,lewis structure practice,college,informational,yes
lewis structure generator practice problems,20,0,,guide,bonding,lewis structure practice,high school,informational,yes
lewis structure practice problems with answers pdf,20,10,,guide,bonding,lewis structure practice,high school,informational,yes
organic chemistry lewis structure practice problems,20,10,,guide,bonding,lewis structure practice,college,informational,yes
covalent bond lewis structure practice,20,10,,guide,bonding,lewis structure practice,high school,informational,yes
lewis dot structure covalent bonds practice,20,10,,guide,bonding,lewis structure practice,high school,informational,yes
hard lewis dot structure practice,20,10,,guide,bonding,lewis structure practice,high school,informational,yes
covalent lewis structure practice,20,10,,guide,bonding,lewis structure practice,high school,informational,yes
molecule maker game,20,10,,game,bonding,molecule building game,middle school,informational,yes
a level chemistry anki flashcards,20,10,,game,general chemistry,chemistry flashcards,high school,informational,yes
organic chemistry mechanisms flashcards,20,0,,game,organic,chemistry flashcards,college,informational,yes
basic chemistry flashcards,20,10,,game,general chemistry,chemistry flashcards,high school,informational,yes
organic chemistry mechanism flashcards,20,0,,game,organic,chemistry flashcards,college,informational,yes
organic chemistry 1 reaction flashcards,20,0,,game,organic,chemistry flashcards,college,informational,yes
organic chemistry 1 reactions flashcards,20,0,0.92,game,organic,chemistry flashcards,college,informational,yes
general chemistry flashcards,20,10,,game,general chemistry,chemistry flashcards,college,informational,yes
organic chemistry 2 flashcards,20,0,0.12,game,organic,chemistry flashcards,college,informational,yes
organic chemistry 1 flashcards,20,0,,game,organic,chemistry flashcards,college,informational,yes
chemistry elements flashcards,20,10,,game,periodic table,chemistry flashcards,high school,informational,yes
hesi a2 chemistry flashcards,20,0,,game,general chemistry,chemistry flashcards,college,informational,yes
chemistry revision flashcards,20,10,,game,general chemistry,chemistry flashcards,high school,informational,yes
ap chemistry composition of mixtures practice problems,20,0,,guide,stoichiometry/moles,stoichiometry practice,high school,informational,yes
organic chemistry resonance structures practice problems pdf with answers,20,0,,guide,bonding,lewis structure practice,college,informational,yes
equilibrium practice problems chemistry,20,10,,guide,general chemistry,chemistry worksheets,high school,informational,yes
chemistry molarity practice problems,20,10,,game,stoichiometry/moles,stoichiometry practice,high school,informational,yes
spectroscopy organic chemistry practice problems,20,10,,guide,organic,organic chemistry practice,college,informational,yes
ap chemistry buffer practice problems,20,0,,game,acids & bases,acid base practice,high school,informational,yes
acid-base reaction organic chemistry practice problems,20,10,,guide,organic,organic chemistry practice,college,informational,yes
precipitation chemistry practice problems,20,10,,game,reaction types,reaction types practice,high school,informational,yes
organic chemistry alcohol reactions practice problems and answers pdf,20,10,5.99,guide,organic,organic chemistry practice,college,informational,yes
ice table chemistry practice problems with answers,20,10,,game,stoichiometry/moles,stoichiometry practice,high school,informational,yes
hybridization chemistry practice problems,20,10,,game,atomic structure,bonding practice,high school,informational,yes
ap chemistry ice table practice problems,20,0,,game,stoichiometry/moles,stoichiometry practice,high school,informational,yes
organic chemistry reaction practice problems,20,10,,guide,organic,organic chemistry practice,college,informational,yes
organic chemistry sn1 sn2 e1 e2 practice problems,20,0,,guide,organic,organic chemistry practice,college,informational,yes
resonance structures practice problems general chemistry,20,0,,game,bonding,bonding practice,high school,informational,yes
organic chemistry stereochemistry practice problems,20,10,,guide,organic,organic chemistry practice,college,informational,yes
organic chemistry reaction mechanisms practice problems,20,10,,guide,organic,organic chemistry practice,college,informational,yes
ap chemistry exam practice problems,20,10,,game,general chemistry,chemistry practice problems,high school,informational,yes
organic chemistry nomenclature practice problems with answers pdf,20,10,,guide,organic,naming compounds practice,college,informational,yes
chemistry limiting reagent practice problems,20,10,,game,stoichiometry/moles,stoichiometry practice,high school,informational,yes
organic chemistry reaction mechanism practice problems,20,10,,guide,organic,organic chemistry practice,college,informational,yes
ap chemistry gases practice problems,20,10,,game,general chemistry,chemistry practice problems,high school,informational,yes
ice table: chemistry practice problems with answers,20,0,,game,stoichiometry/moles,stoichiometry practice,high school,informational,yes
free organic chemistry practice problems,20,10,,guide,organic,organic chemistry practice,college,informational,yes
organic chemistry practice problems pdf,20,10,,guide,organic,organic chemistry practice,college,informational,yes
organic chemistry ii practice problems,20,0,,guide,organic,organic chemistry practice,college,informational,yes
ice table chemistry practice problems,20,10,,game,stoichiometry/moles,stoichiometry practice,high school,informational,yes
organic chemistry resonance practice problems with answers pdf,20,0,,guide,organic,organic chemistry practice,college,informational,yes
ap chemistry titration practice problems pdf,20,10,,game,acids & bases,acid base practice,high school,informational,yes
density chemistry practice problems,20,0,,game,general chemistry,chemistry practice problems,high school,informational,yes
acid base reaction organic chemistry practice problems,20,10,,guide,organic,organic chemistry practice,college,informational,yes
organic chemistry spectroscopy practice problems,20,10,,guide,organic,organic chemistry practice,college,informational,yes
ap chemistry unit 9 practice problems,20,0,,game,general chemistry,chemistry practice problems,high school,informational,yes
first 20 elements of the periodic table flash cards,20,10,,game,periodic table,periodic table game,middle school,informational,yes
periodic table games and activities,20,10,,game,periodic table,periodic table game,middle school,informational,yes
first 20 elements quiz atomic number,20,10,,game,periodic table,periodic table game,middle school,informational,yes
first 20 elements with atomic number,20,10,,guide,periodic table,periodic table guide,middle school,informational,yes
fill in periodic table worksheet,20,10,,guide,periodic table,periodic table guide,high school,informational,yes
create your own element project examples,20,0,,guide,periodic table,periodic table guide,middle school,informational,yes
making your own periodic table activity,20,10,,blog,periodic table,periodic table game,teacher,informational,yes
periodic trends test pdf,20,10,,guide,periodic table,periodic table guide,high school,informational,yes
writing and balancing chemical equations worksheet with answers,20,10,,guide,balancing equations,how to balance chemical equations guide,high school,informational,yes
balancing chemical equations worksheet answers pdf,20,10,,guide,balancing equations,how to balance chemical equations guide,high school,informational,yes
gcse chemistry balancing equations worksheet and answers,20,10,,guide,balancing equations,how to balance chemical equations guide,high school,informational,yes
guess the element quiz,20,10,,game,periodic table,periodic table game,middle school,informational,yes
general chemistry 1 formula sheet,20,0,,guide,general chemistry,chemistry cheat sheet,high school,informational,yes
organic chemistry reactions summary pdf,20,10,,guide,organic,chemistry cheat sheet,high school,informational,yes
chemistry equations pdf,20,10,,guide,general chemistry,chemistry cheat sheet,high school,informational,yes
stoichiometry worksheet 1,20,10,,guide,stoichiometry/moles,stoichiometry practice,high school,informational,yes
stoichiometry review worksheet with answers,20,0,,guide,stoichiometry/moles,stoichiometry practice,high school,informational,yes
mass to mole stoichiometry worksheet,20,10,,guide,stoichiometry/moles,stoichiometry practice,high school,informational,yes
solution stoichiometry problems and answers pdf,20,10,,guide,stoichiometry/moles,stoichiometry practice,high school,informational,yes
stoichiometry test with answers pdf,20,10,,guide,stoichiometry/moles,stoichiometry practice,high school,informational,yes
stoichiometry worksheet and key answers,20,0,,guide,stoichiometry/moles,stoichiometry practice,high school,informational,yes
stoichiometry mixed problems answer key,20,0,,guide,stoichiometry/moles,stoichiometry practice,high school,informational,yes
molarity stoichiometry worksheet,20,10,,guide,stoichiometry/moles,stoichiometry practice,high school,informational,yes
polyatomic ions list to memorize,20,10,,guide,chemical formulas/naming,polyatomic ions cheat sheet,high school,informational,yes
most common polyatomic ions list,20,10,,guide,chemical formulas/naming,polyatomic ions cheat sheet,high school,informational,yes
polyatomic ions notes,20,10,,guide,chemical formulas/naming,polyatomic ions cheat sheet,high school,informational,yes
how to memorize polyatomic ions song,20,10,,guide,chemical formulas/naming,polyatomic ions cheat sheet,high school,informational,yes
writing chemical equations from word equations worksheet,20,10,,guide,chemical formulas/naming,naming compounds practice,high school,informational,yes
writing chemical equations from words worksheet,20,10,,guide,chemical formulas/naming,naming compounds practice,high school,informational,yes
naming covalent compounds in chemistry,20,10,,guide,chemical formulas/naming,naming compounds practice,high school,informational,yes
naming ionic and covalent compounds worksheet with answers,20,10,,guide,chemical formulas/naming,naming compounds practice,high school,informational,yes
naming covalent compounds worksheet pdf,20,10,,guide,chemical formulas/naming,naming compounds practice,high school,informational,yes
naming covalent compounds practice worksheet,20,10,,guide,chemical formulas/naming,naming compounds practice,high school,informational,yes
naming molecular compounds worksheet answer key,20,0,,guide,chemical formulas/naming,naming compounds practice,high school,informational,yes
naming ionic and covalent compounds worksheet answers,20,10,,guide,chemical formulas/naming,naming compounds practice,high school,informational,yes
naming binary compounds worksheet with answers pdf,20,10,,guide,chemical formulas/naming,naming compounds practice,high school,informational,yes
naming binary ionic compounds worksheet with answers,20,10,,guide,chemical formulas/naming,naming compounds practice,high school,informational,yes
naming compounds worksheet pdf,20,10,,guide,chemical formulas/naming,naming compounds practice,high school,informational,yes
organic chemistry prefixes 1 20,20,10,,guide,organic,chemistry cheat sheet,high school,informational,yes
5 examples of ionic compounds,20,10,,guide,chemical formulas/naming,naming compounds practice,high school,informational,yes
naming ionic compounds with roman numerals practice,20,10,,guide,chemical formulas/naming,naming compounds practice,high school,informational,yes
do you use roman numerals for covalent compounds,20,10,,guide,chemical formulas/naming,naming compounds practice,high school,informational,yes
ionic and covalent bonds worksheet with answers,20,10,,guide,bonding,bonding practice,high school,informational,yes
binary ionic compounds practice,20,0,,game,chemical formulas/naming,naming compounds practice,high school,informational,yes
nomenclature worksheet 3,20,10,,guide,chemical formulas/naming,naming compounds practice,high school,informational,yes
names and formulas for ionic compounds worksheet answers,20,10,,guide,chemical formulas/naming,naming compounds practice,high school,informational,yes
covalent compound naming practice worksheet,20,10,,guide,chemical formulas/naming,naming compounds practice,high school,informational,yes
chemistry for dummies youtube,20,10,,guide,general chemistry,general chemistry guide,high school,informational,yes
is chemistry harder than math,20,10,,blog,general chemistry,chemistry study tips blog,high school,informational,yes
chemistry tips and tricks,20,10,3.32,blog,general chemistry,chemistry study tips blog,high school,informational,yes
chemistry for beginners pdf notes,20,10,,guide,general chemistry,general chemistry guide,high school,informational,yes
everything you need to know about chemistry pdf,20,10,,guide,general chemistry,general chemistry guide,high school,informational,yes
chemistry final exam answers,20,0,,guide,general chemistry,chemistry study tips blog,high school,informational,yes
chemistry is so hard,20,10,,blog,general chemistry,chemistry study tips blog,high school,informational,yes
is fundamentals of chemistry hard,20,10,,blog,general chemistry,chemistry study tips blog,high school,informational,yes
how to pass a chemistry test without studying,20,10,,blog,general chemistry,chemistry study tips blog,high school,informational,yes
how to pass exams easily,20,10,,blog,general chemistry,chemistry study tips blog,high school,informational,yes
10 secret study tips to score highest in exam,20,10,,blog,general chemistry,chemistry study tips blog,high school,informational,yes
how to pass an exam in one night,20,10,,blog,general chemistry,chemistry study tips blog,high school,informational,yes
chemistry puzzles and games chemical arithmetic answers,10,0,,game,stoichiometry/moles,stoichiometry practice,high school,informational,yes
study chemistry org games,10,0,,game,general chemistry,chemistry games for high school,high school,informational,yes
games related to chemistry,10,10,,game,general chemistry,chemistry games for high school,high school,informational,yes
chemistry puzzles and games answers,10,0,,game,general chemistry,chemistry games for high school,high school,informational,yes
chemistry pc games,10,0,,game,general chemistry,chemistry games for high school,high school,informational,yes
chemistry review games jeopardy,10,0,,game,general chemistry,chemistry review games,teacher,informational,yes
chemistry study games online,10,0,,game,general chemistry,chemistry games for high school,high school,informational,yes
chemistry games unblocked,10,10,,game,general chemistry,chemistry games for high school,high school,informational,yes
ion games chemistry,10,10,,game,chemical formulas/naming,naming compounds practice,high school,informational,yes
chemistry classroom games,10,10,,blog,general chemistry,chemistry review games,teacher,informational,yes
chemical arithmetic chemistry puzzles and games,10,0,,game,stoichiometry/moles,stoichiometry practice,high school,informational,yes
classroom chemistry games,10,10,,blog,general chemistry,chemistry review games,teacher,informational,yes
mole games chemistry,10,10,,game,stoichiometry/moles,stoichiometry practice,high school,informational,yes
fun chemistry review games,10,0,,game,general chemistry,chemistry review games,high school,informational,yes
chemistry games to play in class,10,10,,blog,general chemistry,chemistry review games,teacher,informational,yes
chemistry games offline,10,0,,game,general chemistry,chemistry games for high school,high school,informational,yes
online interactive chemistry games,10,10,,game,general chemistry,chemistry games for high school,high school,informational,yes
chemistry board games ideas,10,10,,blog,general chemistry,chemistry review games,teacher,informational,yes
chemistry word games,10,10,,game,general chemistry,chemistry games for high school,high school,informational,yes
chemistry flash games,10,10,,game,general chemistry,chemistry games for high school,high school,informational,yes
chemistry games pc,10,10,,game,general chemistry,chemistry games for high school,high school,informational,yes
chemistry regents review games,10,0,,game,general chemistry,chemistry review games,high school,informational,yes
organic chemistry reaction games,10,10,,game,organic,chemistry games for high school,high school,informational,yes
science chemistry games online,10,10,,game,general chemistry,chemistry games for high school,high school,informational,yes
chemistry games a level,10,0,,game,general chemistry,chemistry games for high school,high school,informational,yes
physics and chemistry games,10,10,,game,general chemistry,chemistry games for high school,high school,informational,yes
study chemistry games,10,0,,game,general chemistry,chemistry games for high school,high school,informational,yes
chemistry computer games,10,10,,game,general chemistry,chemistry games for high school,high school,informational,yes
creative chemistry board games,10,0,,blog,general chemistry,chemistry games ideas blog,teacher,informational,yes
chemistry mole games,10,10,,game,stoichiometry/moles,chemistry games for high school,high school,informational,yes
chemistry revision games,10,10,,game,general chemistry,chemistry games for high school,high school,informational,yes
chemistry games printable,10,10,,guide,general chemistry,chemistry games ideas blog,teacher,informational,yes
chemistry experiments games,10,10,,game,general chemistry,chemistry games for high school,high school,informational,yes
games for chemistry class,10,0,,blog,general chemistry,chemistry games for high school,teacher,informational,yes
chemistry games in classroom,10,10,,blog,general chemistry,chemistry games ideas blog,teacher,informational,yes
chemistry conversion games,10,0,,game,stoichiometry/moles,chemistry games for high school,high school,informational,yes
ap chemistry review games,10,0,,game,general chemistry,chemistry review games online,high school,informational,yes
chemistry games gcse,10,10,,game,general chemistry,chemistry games for high school,high school,informational,yes
chemistry naming games,10,10,,game,chemical formulas/naming,naming compounds practice,high school,informational,yes
brain games chemistry,10,10,,game,general chemistry,chemistry games for high school,general,informational,yes
chemistry final exam review games,10,0,,game,general chemistry,chemistry review games online,high school,informational,yes
chemistry games to help study,10,0,,game,general chemistry,chemistry games for high school,high school,informational,yes
chemistry games periodic table,10,10,,game,periodic table,periodic table game,high school,informational,yes
chemistry practice games,10,10,,game,general chemistry,chemistry games for high school,high school,informational,yes
chemistry puzzles and games chemical arithmetic,10,0,,game,stoichiometry/moles,chemistry games for high school,high school,informational,yes
organic chemistry learning games,10,0,,game,organic,organic chemistry games online,college,informational,yes
chemistry based games,10,10,,game,general chemistry,chemistry games for high school,general,informational,yes
chemistry games for adults,10,10,,game,general chemistry,chemistry games for high school,general,informational,yes
download chemistry games,10,10,,game,general chemistry,chemistry games for high school,general,transactional,yes
educational chemistry games,10,10,9.02,game,general chemistry,chemistry games for high school,general,informational,yes
educational games chemistry,10,10,9.02,game,general chemistry,chemistry games for high school,general,informational,yes
chemistry games to play,10,10,,game,general chemistry,chemistry games for high school,general,informational,yes
best chemistry games,10,10,,blog,general chemistry,best chemistry games blog,general,commercial,yes
chemistry games android,10,0,,game,general chemistry,chemistry games for high school,general,informational,yes
fun organic chemistry games,10,0,,game,organic,organic chemistry games online,college,informational,yes
chemistry lab games online,10,0,,game,general chemistry,chemistry games for high school,general,informational,yes
basic chemistry games,10,10,,game,general chemistry,chemistry games for beginners,middle school,informational,yes
gcse chemistry games,10,10,,game,general chemistry,chemistry games for high school,high school,informational,yes
chemistry games download,10,10,,game,general chemistry,chemistry games for high school,general,transactional,yes
chemistry games on steam,10,10,,game,general chemistry,chemistry games for high school,general,informational,yes
chemistry games for beginners,10,10,,game,general chemistry,chemistry games for beginners,middle school,informational,yes
chemistry review games online,10,0,1.1,game,general chemistry,chemistry review games online,high school,informational,yes
virtual chemistry games,10,0,,game,general chemistry,chemistry games for high school,general,informational,yes
chemistry games reddit,10,10,,blog,general chemistry,best chemistry games blog,general,commercial,yes
chemistry related games,10,10,,game,general chemistry,chemistry games for high school,general,informational,yes
games to learn chemistry,10,10,,game,general chemistry,chemistry games for high school,general,informational,yes
general chemistry games,10,0,,game,general chemistry,chemistry games for high school,college,informational,yes
organic chemistry naming games,10,0,,game,organic,organic chemistry games online,college,informational,yes
simple chemistry games,10,10,,game,general chemistry,chemistry games for beginners,middle school,informational,yes
organic chemistry games online,10,10,4.2,game,organic,organic chemistry games online,college,informational,yes
chemistry games for elementary students,10,0,,game,general chemistry,chemistry games for beginners,middle school,informational,yes
printable chemistry games,10,10,,guide,general chemistry,chemistry games ideas blog,teacher,informational,yes
chemistry games ideas,10,10,,blog,general chemistry,chemistry games ideas blog,teacher,informational,yes
chemistry related games for students,10,10,,game,general chemistry,chemistry games for high school,high school,informational,yes
ions quiz chemistry answers,10,0,,game,chemical formulas/naming,ions quiz,high school,informational,yes
the chemistry quiz,10,10,,game,general chemistry,chemistry quiz,high school,informational,yes
density quiz chemistry,10,0,,game,general chemistry,chemistry quiz,high school,informational,yes
some basic concepts of chemistry quiz,10,0,,game,general chemistry,chemistry quiz,high school,informational,yes
ap chemistry nomenclature quiz,10,0,,game,chemical formulas/naming,naming compounds practice,high school,informational,yes
chemistry quiz year 7,10,10,,game,general chemistry,chemistry quiz,middle school,informational,yes
nomenclature chemistry practice quiz,10,0,,game,chemical formulas/naming,naming compounds practice,high school,informational,yes
chemistry chapter 6 quiz,10,0,,game,general chemistry,chemistry quiz,high school,informational,yes
year 7 chemistry quiz,10,10,,game,general chemistry,chemistry quiz,middle school,informational,yes
intro chemistry quiz,10,10,,game,general chemistry,chemistry quiz,high school,informational,yes
inorganic chemistry quiz questions,10,0,,game,general chemistry,chemistry quiz,college,informational,yes
green chemistry quiz,10,10,,game,general chemistry,chemistry quiz,high school,informational,yes
chemistry lab safety and equipment quiz,10,0,,game,lab safety,lab safety quiz,high school,informational,yes
class 11 chemistry quiz,10,0,,game,general chemistry,chemistry quiz,high school,informational,yes
free online chemistry quiz,10,10,28.76,game,general chemistry,chemistry quiz,high school,informational,yes
nuclear chemistry quiz questions,10,0,,game,atomic structure,chemistry quiz,high school,informational,yes
chemistry redox reactions quiz,10,0,,game,reaction types,chemistry quiz,high school,informational,yes
chemistry quiz multiple choice,10,10,,game,general chemistry,chemistry quiz,high school,informational,yes
basic chemistry quiz questions and answers,10,10,,game,general chemistry,chemistry quiz,high school,informational,yes
chemistry regents practice quiz,10,0,,game,general chemistry,chemistry quiz,high school,informational,yes
chapter 5 chemistry quiz,10,0,,game,general chemistry,chemistry quiz,high school,informational,yes
chemistry quiz bee,10,0,,game,general chemistry,chemistry quiz,high school,informational,yes
chemistry isotopes quiz,10,10,,game,atomic structure,chemistry quiz,high school,informational,yes
chemistry predicting products quiz,10,10,,game,reaction types,chemistry quiz,high school,informational,yes
chemistry significant figures quiz,10,10,,game,general chemistry,chemistry quiz,high school,informational,yes
chemistry quiz test,10,10,,game,general chemistry,chemistry quiz,high school,informational,yes
chemistry quiz 4,10,10,,game,general chemistry,chemistry quiz,high school,informational,yes
organic chemistry safety quiz,10,10,,game,lab safety,lab safety quiz,college,informational,yes
states of matter chemistry quiz,10,0,,game,general chemistry,chemistry quiz,high school,informational,yes
general chemistry safety quiz,10,0,,game,lab safety,lab safety quiz,high school,informational,yes
chemistry valency quiz,10,10,,game,chemical formulas/naming,chemistry quiz,high school,informational,yes
interactive chemistry quiz,10,10,,game,general chemistry,chemistry quiz,high school,informational,yes
ap chemistry safety quiz,10,0,,game,lab safety,lab safety quiz,high school,informational,yes
chemistry dimensional analysis quiz,10,0,,game,stoichiometry/moles,chemistry quizzes,high school,informational,yes
google chemistry quiz,10,10,,game,general chemistry,chemistry quizzes,general,informational,yes
easy chemistry quiz with answers,10,10,,game,general chemistry,chemistry quizzes,middle school,informational,yes
chemistry matter and energy quiz,10,0,,game,general chemistry,chemistry quizzes,high school,informational,yes
chemistry class 10 chapter 1 quiz,10,0,,game,general chemistry,chemistry quizzes,high school,informational,yes
chemistry lab equipment quiz worksheet,10,0,,game,lab safety,lab safety quiz,high school,informational,yes
chemistry unit 5 quiz,10,0,,game,general chemistry,chemistry quizzes,high school,informational,yes
chemistry gas laws quiz answers,10,0,,game,general chemistry,chemistry quizzes,high school,informational,yes
introduction to chemistry quiz for chapter 1,10,0,,game,general chemistry,chemistry quizzes,high school,informational,yes
chemistry quiz for class 11,10,0,,game,general chemistry,chemistry quizzes,high school,informational,yes
chemistry safety symbols quiz,10,0,,game,lab safety,lab safety quiz,high school,informational,yes
ap chemistry thermodynamics quiz 1,10,0,,game,general chemistry,chemistry quizzes,college,informational,yes
chemistry quiz 3,10,0,,game,general chemistry,chemistry quizzes,high school,informational,yes
ultimate chemistry quiz,10,0,,game,general chemistry,chemistry quizzes,general,informational,yes
chemistry lab equipment quiz pdf,10,0,,game,lab safety,lab safety quiz,high school,informational,yes
chemistry metric conversion quiz,10,0,,game,stoichiometry/moles,chemistry quizzes,high school,informational,yes
ir quiz organic chemistry,10,0,,game,organic,organic chemistry quizzes,college,informational,yes
intro to chemistry quiz,10,10,,game,general chemistry,chemistry quizzes,high school,informational,yes
functional groups in organic chemistry quiz,10,0,,game,organic,organic chemistry quizzes,college,informational,yes
general chemistry quiz with answers pdf,10,0,,guide,general chemistry,general chemistry quiz,high school,informational,yes
1.13 quiz chemistry of life,10,0,,game,general chemistry,chemistry quizzes,high school,informational,yes
what is chemistry quiz,10,10,,game,general chemistry,chemistry quizzes,middle school,informational,yes
chemistry matter and change quiz,10,0,,game,general chemistry,chemistry quizzes,high school,informational,yes
general chemistry lab safety quiz,10,0,,game,lab safety,lab safety quiz,high school,informational,yes
mcat chemistry quiz,10,0,1.15,game,general chemistry,chemistry quizzes,college,informational,yes
chemistry hydrocarbons quiz,10,10,,game,organic,organic chemistry quizzes,high school,informational,yes
organic chemistry quiz with answers pdf,10,10,,guide,organic,organic chemistry quizzes,college,informational,yes
1.02 quiz chemistry and society,10,0,,game,general chemistry,chemistry quizzes,high school,informational,yes
everyday chemistry quiz,10,0,,game,general chemistry,chemistry quizzes,general,informational,yes
chemistry quiz year 11,10,10,,game,general chemistry,chemistry quizzes,high school,informational,yes
ap biology chemistry quiz,10,0,3.56,game,general chemistry,chemistry quizzes,high school,informational,yes
quantum chemistry quiz,10,0,,game,general chemistry,chemistry quizzes,college,informational,yes
chemistry the central science chapter 1 quiz,10,0,,game,general chemistry,chemistry quizzes,college,informational,yes
physical chemistry quiz questions and answers pdf,10,0,,guide,general chemistry,general chemistry quiz,college,informational,yes
chemistry chapter 11 quiz,10,0,,game,general chemistry,chemistry quizzes,high school,informational,yes
chemistry quiz online free,10,10,28.76,game,general chemistry,chemistry quiz online,high school,informational,yes
chemistry quiz for class 10,10,10,,game,general chemistry,chemistry quiz online,high school,informational,yes
general chemistry quiz questions and answers,10,0,,game,general chemistry,chemistry quiz online,high school,informational,yes
chapter 5 quiz chemistry,10,0,,game,general chemistry,chemistry quiz online,high school,informational,yes
class 10 chemistry quiz,10,10,,game,general chemistry,chemistry quiz online,high school,informational,yes
nuclear chemistry quiz with answers,10,0,,game,atomic structure,chemistry quiz online,high school,informational,yes
organic chemistry quiz online,10,10,,game,organic,chemistry quiz online,college,informational,yes
organic chemistry quiz with answers,10,10,,game,organic,chemistry quiz online,college,informational,yes
chemistry quiz questions for class 8,10,0,,game,general chemistry,chemistry quiz online,middle school,informational,yes
national 5 chemistry quiz,10,0,,game,general chemistry,chemistry quiz online,high school,informational,yes
equilibrium quiz ap chemistry,10,0,,game,general chemistry,chemistry quiz online,high school,informational,yes
acids and bases chemistry quiz,10,10,,game,acids & bases,acids and bases game,high school,informational,yes
nuclear chemistry practice quiz,10,0,,game,atomic structure,chemistry quiz online,high school,informational,yes
chemistry molecular geometry quiz,10,0,,game,bonding,chemistry quiz online,high school,informational,yes
gcse chemistry paper 1 quiz,10,0,,game,general chemistry,chemistry quiz online,high school,informational,yes
chemistry measurement quiz,10,0,,game,general chemistry,chemistry quiz online,high school,informational,yes
chemistry pub quiz,10,10,,game,general chemistry,chemistry quiz online,general,informational,yes
australia chemistry quiz,10,10,,game,general chemistry,chemistry quiz online,high school,informational,yes
analytical chemistry quiz pdf,10,0,,guide,general chemistry,chemistry cheat sheet,college,informational,yes
introduction to chemistry quiz,10,10,,game,general chemistry,chemistry quiz online,high school,informational,yes
chemistry quiz for class 12,10,10,,game,general chemistry,chemistry quiz online,high school,informational,yes
chemistry christmas quiz,10,10,,game,general chemistry,chemistry quiz online,general,informational,yes
significant figures chemistry quiz,10,0,,game,general chemistry,chemistry quiz online,high school,informational,yes
chemistry quiz questions and answers for class 12,10,10,,game,general chemistry,chemistry quiz online,high school,informational,yes
chemistry quiz questions for class 11 and 12,10,0,,game,general chemistry,chemistry quiz online,high school,informational,yes
chemistry quiz questions and answers for class 11,10,0,,game,general chemistry,chemistry quiz online,high school,informational,yes
chemistry 12 quiz,10,0,,game,general chemistry,chemistry quiz online,high school,informational,yes
quiz on analytical chemistry,10,10,,game,general chemistry,chemistry quiz,college,informational,yes
easy chemistry quiz questions,10,10,,game,general chemistry,chemistry quiz,high school,informational,yes
chemistry paper 2 quiz,10,0,,game,general chemistry,chemistry quiz,high school,informational,yes
chemistry gases quiz,10,10,,game,general chemistry,chemistry quiz,high school,informational,yes
chemistry quiz stoichiometry,10,10,,game,stoichiometry/moles,stoichiometry practice,high school,informational,yes
chapter 1 chemistry quiz,10,0,,game,general chemistry,chemistry quiz,high school,informational,yes
chemistry lab safety quiz answers,10,0,,game,lab safety,chemistry quiz,high school,informational,yes
organic chemistry quiz questions and answers,10,0,,game,organic,chemistry quiz,high school,informational,yes
organic chemistry quiz game,10,10,,game,organic,chemistry quiz,high school,informational,yes
physical chemistry quiz questions and answers,10,0,,game,general chemistry,chemistry quiz,college,informational,yes
chemistry class 11 quiz,10,0,,game,general chemistry,chemistry quiz,high school,informational,yes
balancing chemical equations interactive game,10,10,,game,balancing equations,balancing chemical equations game,high school,informational,yes
balancing chemical equations game answers,10,10,,game,balancing equations,balancing chemical equations game,high school,informational,yes
how to balance chemical equations with oxidation numbers,10,0,,guide,balancing equations,how to balance chemical equations guide,high school,informational,yes
how to balance big chemical equations,10,10,,guide,balancing equations,how to balance chemical equations guide,high school,informational,yes
how to complete and balance chemical equations step by step,10,0,,guide,balancing equations,how to balance chemical equations guide,high school,informational,yes
how to balance unbalanced chemical equations,10,10,,guide,balancing equations,how to balance chemical equations guide,high school,informational,yes
how to balance chemical equations with interfering coefficients,10,0,,guide,balancing equations,how to balance chemical equations guide,high school,informational,yes
how to balance chemical equations tricks,10,0,,guide,balancing equations,how to balance chemical equations guide,high school,informational,yes
tips on how to balance chemical equations,10,10,,guide,balancing equations,how to balance chemical equations guide,high school,informational,yes
how to balance chemical equations acids and bases,10,10,,guide,balancing equations,how to balance chemical equations guide,high school,informational,yes
how to balance chemical equations pdf,10,10,,guide,balancing equations,how to balance chemical equations guide,high school,informational,yes
how to balance chemical equations with moles,10,10,,guide,balancing equations,how to balance chemical equations guide,high school,informational,yes
how to balance chemical equations in 5 easy steps,10,10,,guide,balancing equations,how to balance chemical equations guide,high school,informational,yes
how to balance chemical equations using half reaction method,10,0,,guide,balancing equations,how to balance chemical equations guide,high school,informational,yes
how to do you balance chemical equations,10,10,,guide,balancing equations,how to balance chemical equations guide,high school,informational,yes
how to balance chemical equations faster,10,10,,guide,balancing equations,how to balance chemical equations guide,high school,informational,yes
how to balance chemical equations without products,10,10,,guide,balancing equations,how to balance chemical equations guide,high school,informational,yes
how to identify and balance chemical equations,10,10,,guide,balancing equations,how to balance chemical equations guide,high school,informational,yes
how to balance chemical equations practice,10,10,,guide,balancing equations,how to balance chemical equations guide,high school,informational,yes
how to balance chemical equations with brackets,10,10,,guide,balancing equations,how to balance chemical equations guide,high school,informational,yes
how to balance chemical equations for beginners,10,10,,guide,balancing equations,how to balance chemical equations guide,high school,informational,yes
how to balance chemical equations using algebra,10,10,,guide,balancing equations,how to balance chemical equations guide,high school,informational,yes
how to balance tough chemical equations,10,0,,guide,balancing equations,how to balance chemical equations guide,high school,informational,yes
how to balance chemical equations mathematically,10,10,,guide,balancing equations,how to balance chemical equations guide,high school,informational,yes
how to balance advanced chemical equations,10,10,,guide,balancing equations,how to balance chemical equations guide,high school,informational,yes
how to balance chemical equations using fractions,10,10,,guide,balancing equations,how to balance chemical equations guide,high school,informational,yes
how to balance chemical equations with only one side,10,10,,guide,balancing equations,how to balance chemical equations guide,high school,informational,yes
how to balance complex chemical equations fast,10,10,,guide,balancing equations,how to balance chemical equations guide,high school,informational,yes
how to balance polyatomic chemical equations,10,10,,guide,balancing equations,how to balance chemical equations guide,high school,informational,yes
how to balance chemical equations class 10,10,10,,guide,balancing equations,how to balance chemical equations guide,high school,informational,yes
how to balance chemical equations by algebraic method,10,10,,guide,balancing equations,how to balance chemical equations guide,high school,informational,yes
how to balance chemical equations with ions,10,10,,guide,balancing equations,how to balance chemical equations guide,high school,informational,yes
how to balance chemical equations using algebraic method,10,10,,guide,balancing equations,how to balance chemical equations guide,high school,informational,yes
how to balance the following chemical equations,10,10,,guide,balancing equations,how to balance chemical equations guide,high school,informational,yes
how to balance chemical equations combustion,10,10,,guide,balancing equations,how to balance chemical equations guide,high school,informational,yes
how to balance and write chemical equations,10,10,,guide,balancing equations,how to balance chemical equations guide,high school,informational,yes
how to balance redox chemical equations,10,10,,guide,balancing equations,how to balance chemical equations guide,high school,informational,yes
how to balance chemical equations in acidic solution,10,10,,guide,balancing equations,how to balance chemical equations guide,high school,informational,yes
how to balance chemical equations abc method,10,0,,guide,balancing equations,how to balance chemical equations guide,high school,informational,yes
how to find balance chemical equations,10,0,,guide,balancing equations,how to balance chemical equations guide,high school,informational,yes
how to balance chemical equations word problems,10,10,,guide,balancing equations,how to balance chemical equations guide,high school,informational,yes
how to balance out chemical equations easily,10,0,,guide,balancing equations,how to balance chemical equations guide,high school,informational,yes
how to balance chemical equations easy method,10,10,,guide,balancing equations,how to balance chemical equations guide,high school,informational,yes
simple how to balance chemical equations,10,10,,guide,balancing equations,how to balance chemical equations guide,high school,informational,yes
how to balance chemical equations worksheet answers,10,10,,guide,balancing equations,how to balance chemical equations guide,high school,informational,yes
how are coefficients used to balance chemical equations,10,10,,guide,balancing equations,how to balance chemical equations guide,high school,informational,yes
how to balance chemical equations brackets,10,10,,guide,balancing equations,how to balance chemical equations guide,high school,informational,yes
how to balance chemical equations easiest way,10,10,,guide,balancing equations,how to balance chemical equations guide,high school,informational,yes
how to balance chemical equations using linear algebra,10,10,,guide,balancing equations,how to balance chemical equations guide,high school,informational,yes
how to balance chemical equations with different elements,10,10,,guide,balancing equations,how to balance chemical equations guide,high school,informational,yes
how to balance compound chemical equations,10,10,,guide,balancing equations,how to balance chemical equations guide,high school,informational,yes
how to balance chemical equations by inspection,10,10,,guide,balancing equations,how to balance chemical equations guide,high school,informational,yes
how to balance chemical equations easy tricks,10,10,,guide,balancing equations,how to balance chemical equations guide,high school,informational,yes
how to balance chemical equations with parenthesis,10,0,,guide,balancing equations,how to balance chemical equations guide,high school,informational,yes
how to balance chemical equations hard,10,10,,guide,balancing equations,how to balance chemical equations guide,high school,informational,yes
easy way to learn how to balance chemical equations,10,10,,guide,balancing equations,how to balance chemical equations guide,high school,informational,yes
how to write and balance chemical equations step by step,10,10,,guide,balancing equations,how to balance chemical equations guide,high school,informational,yes
how to balance chemical equations from words,10,10,,guide,balancing equations,how to balance chemical equations guide,high school,informational,yes
how to balance chemical equations polyatomic ions,10,10,,guide,balancing equations,how to balance chemical equations guide,high school,informational,yes
how to balance chemical equations melissa maribel,10,0,,guide,balancing equations,how to balance chemical equations guide,high school,informational,yes
how to easily balance complex chemical equations,10,10,,guide,balancing equations,how to balance chemical equations guide,high school,informational,yes
how to balance long chemical equations,10,10,,guide,balancing equations,how to balance chemical equations guide,high school,informational,yes
how to balance chemical equations using oxidation number method,10,10,,guide,balancing equations,how to balance chemical equations guide,high school,informational,yes
how to balance chemical equations redox,10,10,,guide,balancing equations,how to balance chemical equations guide,high school,informational,yes
how to balance organic chemical equations,10,10,,guide,balancing equations,how to balance chemical equations guide,high school,informational,yes
how to balance chemical equations video,10,10,,guide,balancing equations,how to balance chemical equations guide,high school,informational,yes
examples on how to balance chemical equations,10,10,,guide,balancing equations,how to balance chemical equations guide,high school,informational,yes
how to balance complicated chemical equations,10,10,,guide,balancing equations,how to balance chemical equations guide,high school,informational,yes
how to write chemical equations and balance them,10,10,,guide,balancing equations,how to balance chemical equations guide,high school,informational,yes
how to balance large chemical equations,10,10,,guide,balancing equations,how to balance chemical equations guide,high school,informational,yes
how to make balance chemical equations,10,10,,guide,balancing equations,how to balance chemical equations guide,high school,informational,yes
how to balance chemical equations with examples,10,10,,guide,balancing equations,how to balance chemical equations guide,high school,informational,yes
how to balance chemical equations easy steps,10,10,,guide,balancing equations,how to balance chemical equations guide,high school,informational,yes
steps how to balance chemical equations,10,10,,guide,balancing equations,how to balance chemical equations guide,high school,informational,yes
how to balance chemical equations step by step worksheet,10,10,,guide,balancing equations,how to balance chemical equations guide,high school,informational,yes
how to balance chemical equations in basic solutions,10,0,,guide,balancing equations,how to balance chemical equations guide,high school,informational,yes
difficult balancing chemical equations practice,10,10,,game,balancing equations,balancing chemical equations game,high school,informational,yes
practice with balancing equations,10,0,,game,balancing equations,balancing chemical equations game,high school,informational,yes
balancing equations practice 2 answer key,10,10,,guide,balancing equations,how to balance chemical equations guide,high school,informational,yes
balancing chemical equations practice answer key,10,0,,guide,balancing equations,how to balance chemical equations guide,high school,informational,yes
balancing chemical equations practice worksheet answer key,10,0,,guide,balancing equations,how to balance chemical equations guide,high school,informational,yes
balancing chemical equations practice 2,10,0,,game,balancing equations,balancing chemical equations game,high school,informational,yes
balancing chemical equations practice worksheet doc,10,0,,guide,balancing equations,how to balance chemical equations guide,high school,informational,yes
balancing chemical equations practice problems answer key,10,0,,guide,balancing equations,how to balance chemical equations guide,high school,informational,yes
balancing equations practice 2 worksheet answers,10,0,,guide,balancing equations,how to balance chemical equations guide,high school,informational,yes
worksheet more practice balancing equations,10,0,,guide,balancing equations,how to balance chemical equations guide,high school,informational,yes
more practice balancing equations worksheet answers,10,0,,guide,balancing equations,how to balance chemical equations guide,high school,informational,yes
balancing chemical equations practice problems pdf,10,10,,guide,balancing equations,how to balance chemical equations guide,high school,informational,yes
balancing equations practice problems answers,10,10,,guide,balancing equations,how to balance chemical equations guide,high school,informational,yes
balancing equations practice problems worksheet answers,10,0,,guide,balancing equations,how to balance chemical equations guide,high school,informational,yes
balancing equations practice problems worksheet,10,0,,guide,balancing equations,how to balance chemical equations guide,high school,informational,yes
balancing chemical equations practice problems worksheet with answers,10,0,,guide,balancing equations,how to balance chemical equations guide,high school,informational,yes
practice balancing equations 1 answers,10,0,,guide,balancing equations,how to balance chemical equations guide,high school,informational,yes
balancing chemical equations practice worksheet class 10,10,0,,guide,balancing equations,how to balance chemical equations guide,high school,informational,yes
balancing equations practice problems worksheet answer key,10,0,,guide,balancing equations,how to balance chemical equations guide,high school,informational,yes
practice questions for balancing equations class 10,10,10,,game,balancing equations,balancing chemical equations game,high school,informational,yes
balancing chemical equations practice problems worksheet,10,10,,guide,balancing equations,how to balance chemical equations guide,high school,informational,yes
balancing equations practice worksheet answer key part d,10,0,,guide,balancing equations,how to balance chemical equations guide,high school,informational,yes
practice questions for balancing chemical equations class 10,10,10,,game,balancing equations,balancing chemical equations game,high school,informational,yes
balancing simple chemical equations practice,10,10,,game,balancing equations,balancing chemical equations game,high school,informational,yes
stoichiometry practice worksheet balancing equations and simple stoichiometry,10,10,,guide,stoichiometry/moles,stoichiometry practice,high school,informational,yes
balancing equations practice part d,10,0,,game,balancing equations,balancing chemical equations game,high school,informational,yes
hard balancing equations practice,10,10,,game,balancing equations,balancing chemical equations game,high school,informational,yes
practice problems writing and balancing chemical equations,10,10,,game,balancing equations,balancing chemical equations game,high school,informational,yes
more practice balancing equations worksheet,10,0,,guide,balancing equations,how to balance chemical equations guide,high school,informational,yes
balancing chemical equations class 10 practice questions,10,0,,game,balancing equations,balancing chemical equations game,high school,informational,yes
balancing equations practice #2,10,0,,game,balancing equations,balancing chemical equations game,high school,informational,yes
balancing net ionic equations practice,10,10,,game,balancing equations,balancing chemical equations game,college,informational,yes
balancing chemical equations practice test,10,10,,game,balancing equations,balancing chemical equations game,high school,informational,yes
balancing chemical equations practice problems with answers class 10,10,0,,guide,balancing equations,how to balance chemical equations guide,high school,informational,yes
practice balancing equations #1 answers,10,0,,guide,balancing equations,how to balance chemical equations guide,high school,informational,yes
balancing equations practice 1 worksheet answers,10,0,,guide,balancing equations,how to balance chemical equations guide,high school,informational,yes
balancing complex chemical equations practice,10,10,,game,balancing equations,balancing chemical equations game,high school,informational,yes
unit 5e balancing equations practice problems i,10,0,,game,balancing equations,balancing chemical equations game,high school,informational,yes
balancing equations practice 2,10,0,,game,balancing equations,balancing chemical equations game,high school,informational,yes
chemistry balancing chemical equations practice,10,10,,game,balancing equations,balancing chemical equations game,high school,informational,yes
balancing equations practice #2 answer key,10,0,,guide,balancing equations,how to balance chemical equations guide,high school,informational,yes
practice questions on balancing chemical equations,10,10,,game,balancing equations,balancing chemical equations game,high school,informational,yes
ap chem balancing equations practice,10,0,,game,balancing equations,balancing chemical equations game,high school,informational,yes
balancing chemical equations practice balance the following chemical equations,10,10,,game,balancing equations,balancing chemical equations game,high school,informational,yes
balancing chemical equations practice class 10,10,0,,guide,balancing equations,how to balance chemical equations guide,high school,informational,yes
balancing equations practice problems answer key,10,0,,guide,balancing equations,how to balance chemical equations guide,high school,informational,yes
practice problems of balancing chemical equations,10,0,,game,balancing equations,balancing chemical equations game,high school,informational,yes
balancing chemical equations practice quiz,10,10,,game,balancing equations,balancing chemical equations game,high school,informational,yes
easy balancing equations practice,10,10,,game,balancing equations,balancing chemical equations game,high school,informational,yes
simple balancing equations practice,10,10,,game,balancing equations,balancing chemical equations game,high school,informational,yes
balancing equations practice worksheet answer key part c,10,0,,guide,balancing equations,how to balance chemical equations guide,high school,informational,yes
balancing equations practice problems chem,10,0,,game,balancing equations,balancing chemical equations game,high school,informational,yes
balancing chemical equations practice hard,10,10,,game,balancing equations,balancing chemical equations game,high school,informational,yes
balancing chemical equations interactive practice,10,0,,game,balancing equations,balancing chemical equations game,high school,informational,yes
unit 5e balancing equations practice problems answer key,10,0,,guide,balancing equations,how to balance chemical equations guide,high school,informational,yes
balancing equations practice game,10,10,,game,balancing equations,balancing chemical equations game,high school,informational,yes
balancing equations practice sheet answers,10,0,,guide,balancing equations,how to balance chemical equations guide,high school,informational,yes
chemistry unit 8 more practice in writing and balancing equations,10,0,,game,balancing equations,balancing chemical equations game,high school,informational,yes
answer key balancing equations practice worksheet answers,10,0,,guide,balancing equations,how to balance chemical equations guide,high school,informational,yes
worksheet: more practice balancing equations,10,0,,game,balancing equations,balancing chemical equations game,high school,informational,yes
balancing equations practice worksheet answers pdf,10,0,,guide,balancing equations,how to balance chemical equations guide,high school,informational,yes
balancing equations practice problems with answers,10,10,,guide,balancing equations,how to balance chemical equations guide,high school,informational,yes
stoichiometry balancing equations practice,10,10,,game,stoichiometry/moles,stoichiometry practice,high school,informational,yes
balancing chemical equations practice worksheet with answers pdf,10,0,,guide,balancing equations,how to balance chemical equations guide,high school,informational,yes
practice writing and balancing equations,10,0,,game,balancing equations,balancing chemical equations game,high school,informational,yes
balancing equations practice 1,10,0,,game,balancing equations,balancing chemical equations game,high school,informational,yes
chemistry unit 7 more practice in writing and balancing equations,10,0,,game,balancing equations,balancing chemical equations game,high school,informational,yes
balancing equations practice part a,10,10,,game,balancing equations,balancing chemical equations game,high school,informational,yes
balancing equations practice worksheet answers part d,10,0,,guide,balancing equations,how to balance chemical equations guide,high school,informational,yes
balancing equations practice quiz,10,10,,game,balancing equations,balancing chemical equations game,high school,informational,yes
practice test balancing chemical equations,10,0,,game,balancing equations,balancing chemical equations game,high school,informational,yes
balancing chemical equations and types of reactions practice 1,10,0,,game,reaction types,balancing chemical equations game,high school,informational,yes
balancing chemical equations practice problems with answers pdf,10,0,,guide,balancing equations,how to balance chemical equations guide,high school,informational,yes
balancing chemical equations practice sheet,10,10,,game,balancing equations,balancing chemical equations game,high school,informational,yes
chemical equations for balancing practice class 10,10,0,,game,balancing equations,balancing chemical equations game,high school,informational,yes
balancing equations practice 3,10,0,,game,balancing equations,balancing chemical equations game,high school,informational,yes
balancing equations practice worksheet key,10,0,,guide,balancing equations,how to balance chemical equations guide,high school,informational,yes
periodic table name game,10,10,1.03,game,periodic table,periodic table game,middle school,informational,yes
periodic table jeopardy game,10,10,,game,periodic table,periodic table game,middle school,informational,yes
periodic table elements memorization game,10,10,,game,periodic table,periodic table game,middle school,informational,yes
periodic table word game,10,10,,game,periodic table,periodic table game,middle school,informational,yes
periodic table game worksheet,10,10,,guide,periodic table,periodic table game,high school,informational,yes
guess the periodic table game,10,10,,game,periodic table,periodic table game,middle school,informational,yes
periodic table matching game printable,10,10,,guide,periodic table,periodic table game,teacher,informational,yes
periodic table flash card game,10,10,,game,periodic table,periodic table game,middle school,informational,yes
chemistry jeopardy game periodic table,10,0,,game,periodic table,periodic table game,teacher,informational,yes
learn the elements of the periodic table game,10,10,,game,periodic table,periodic table game,middle school,informational,yes
periodic table game ideas,10,10,,blog,periodic table,periodic table game ideas blog,teacher,informational,yes
periodic table mixing game,10,10,,game,periodic table,periodic table game,middle school,informational,yes
periodic table board game ideas,10,10,,blog,periodic table,periodic table game ideas blog,teacher,informational,yes
periodic table of elements bingo game,10,10,0.13,game,periodic table,periodic table game,teacher,informational,yes
periodic table flash cards game,10,10,,game,periodic table,periodic table game,middle school,informational,yes
how to make a periodic table board game,10,0,,blog,periodic table,periodic table game ideas blog,teacher,informational,yes
google periodic table game,10,10,,game,periodic table,periodic table game,middle school,informational,yes
periodic table of elements flashcards game,10,0,,game,periodic table,periodic table game,middle school,informational,yes
periodic table of elements practice game,10,10,,game,periodic table,periodic table game,high school,informational,yes
periodic table battleship online game,10,10,,game,periodic table,periodic table game,middle school,informational,yes
board game periodic table,10,10,,game,periodic table,periodic table game,middle school,informational,yes
periodic table board game project,10,10,,blog,periodic table,periodic table game ideas blog,teacher,informational,yes
periodic table breakout game,10,0,,game,periodic table,periodic table game,teacher,informational,yes
mixing periodic table elements game,10,10,,game,periodic table,periodic table game,middle school,informational,yes
periodic table of elements game online,10,10,,game,periodic table,periodic table game,middle school,informational,yes
blank periodic table game,10,10,,game,periodic table,periodic table game,high school,informational,yes
periodic table groups game,10,10,,game,periodic table,periodic table game,high school,informational,yes
periodic table labeling game,10,10,,game,periodic table,periodic table game,high school,informational,yes
labeling the periodic table game,10,0,,game,periodic table,periodic table game,high school,informational,yes
periodic table of elements with names and symbols game,10,0,,game,periodic table,periodic table game,middle school,informational,yes
chemistry periodic table game,10,10,,game,periodic table,periodic table game,middle school,informational,yes
periodic table of elements card game,10,10,0.18,game,periodic table,periodic table game,middle school,informational,yes
periodic table wordle game,10,10,,game,periodic table,periodic table game,middle school,informational,yes
5.03 quiz periodic table 2,10,0,,guide,periodic table,periodic table game,high school,informational,yes
science quiz periodic table,10,10,,game,periodic table,periodic table game,high school,informational,yes
periodic table atomic number quiz,10,10,,game,periodic table,periodic table game,high school,informational,yes
fill in the blank periodic table quiz,10,0,,game,periodic table,periodic table game,high school,informational,yes
periodic table classification quiz,10,0,,game,periodic table,periodic table game,high school,informational,yes
quiz on atomic structure and periodic table,10,10,,game,periodic table,periodic table game,high school,informational,yes
periodic table quiz in order,10,10,,game,periodic table,periodic table game,high school,informational,yes
first 20 periodic table elements quiz,10,10,,game,periodic table,periodic table game,high school,informational,yes
the periodic table quiz answers,10,0,,guide,periodic table,periodic table game,high school,informational,yes
periodic table placement quiz,10,10,,game,periodic table,periodic table game,high school,informational,yes
first 15 elements of the periodic table quiz,10,10,,game,periodic table,periodic table game,high school,informational,yes
periodic table flash cards quiz,10,10,,game,periodic table,periodic table game,high school,informational,yes
modern periodic table quiz,10,0,,game,periodic table,periodic table game,high school,informational,yes
3.02 quiz the periodic table,10,0,,guide,periodic table,periodic table game,high school,informational,yes
periodic table in order quiz,10,10,,game,periodic table,periodic table game,high school,informational,yes
quiz on periodic table with answers,10,10,,game,periodic table,periodic table game,high school,informational,yes
periodic table quiz worksheet pdf,10,10,,guide,periodic table,periodic table game,teacher,informational,yes
periodic table elements 1-36 quiz,10,0,,game,periodic table,periodic table game,high school,informational,yes
periodic table quiz 1-40,10,0,,game,periodic table,periodic table game,high school,informational,yes
the periodic law section quiz history of the periodic table,10,0,,guide,periodic table,periodic table game,high school,informational,yes
table periodic quiz,10,10,,game,periodic table,periodic table game,high school,informational,yes
periodic table quiz doc,10,0,,guide,periodic table,periodic table game,teacher,informational,yes
parts of the periodic table quiz,10,10,,game,periodic table,periodic table game,high school,informational,yes
atoms and periodic table quiz,10,10,,game,atomic structure,periodic table game,high school,informational,yes
3.02 quiz: the periodic table,10,0,,guide,periodic table,periodic table game,high school,informational,yes
periodic table matching quiz,10,0,,game,periodic table,periodic table game,high school,informational,yes
1 40 periodic table quiz,10,10,,game,periodic table,periodic table game,high school,informational,yes
periodic table elements 1 36 quiz,10,0,,game,periodic table,periodic table game,high school,informational,yes
3.03 quiz trends within the periodic table,10,0,,guide,periodic table,periodic table game,high school,informational,yes
quiz 2 golden years to periodic table,10,0,,guide,periodic table,periodic table game,high school,informational,yes
1-40 periodic table quiz,10,10,,game,periodic table,periodic table game,high school,informational,yes
periodic table quiz with answers,10,10,,game,periodic table,periodic table game,high school,informational,yes
2.08 quiz: design of the periodic table,10,0,,guide,periodic table,periodic table game,high school,informational,yes
periodic table first 20 quiz,10,10,,game,periodic table,periodic table game,high school,informational,yes
periodic table trends quiz and answers,10,0,,guide,periodic table,periodic table game,high school,informational,yes
quiz 2: golden years to periodic table,10,0,,guide,periodic table,periodic table game,high school,informational,yes
atoms and the periodic table quiz,10,10,,game,atomic structure,periodic table game,high school,informational,yes
the first 20 elements of the periodic table quiz,10,10,,game,periodic table,periodic table game,high school,informational,yes
quiz questions on periodic table,10,10,,game,periodic table,periodic table game,high school,informational,yes
periodic table quiz 1-30,10,10,,game,periodic table,periodic table game,high school,informational,yes
science quiz on periodic table,10,10,,game,periodic table,periodic table game,high school,informational,yes
periodic table questions and answers quiz,10,10,,game,periodic table,periodic table game,high school,informational,yes
periodic table quiz worksheet,10,10,,guide,periodic table,periodic table game,teacher,informational,yes
first 18 elements of the periodic table quiz,10,0,,game,periodic table,periodic table game,high school,informational,yes
first 10 elements of the periodic table quiz,10,0,,game,periodic table,periodic table game,high school,informational,yes
history of the periodic table quiz,10,0,,game,periodic table,periodic table game,high school,informational,yes
first 40 elements of the periodic table quiz,10,10,,game,periodic table,periodic table game,high school,informational,yes
periodic table quiz worksheet answers,10,0,,guide,periodic table,periodic table game,teacher,informational,yes
periodic table without names quiz,10,0,,game,periodic table,periodic table game,high school,informational,yes
periodic table fill in quiz,10,10,,game,periodic table,periodic table game,high school,informational,yes
learn the periodic table quiz,10,10,,game,periodic table,periodic table game,high school,informational,yes
atoms and periodic table quiz answers,10,0,,game,periodic table,periodic table game,high school,informational,yes
periodic table quiz questions and answers pdf,10,0,,guide,periodic table,periodic table game,teacher,informational,yes
periodic table organization quiz,10,10,,game,periodic table,periodic table game,high school,informational,yes
first 20 elements of periodic table quiz,10,10,,game,periodic table,periodic table game,high school,informational,yes
periodic table fill in the blank quiz,10,0,,game,periodic table,periodic table game,high school,informational,yes
periodic table of elements quiz 1-40,10,0,,game,periodic table,periodic table game,high school,informational,yes
periodic table quiz flashcards,10,10,,game,periodic table,periodic table game,high school,informational,yes
periodic table quiz answer key,10,0,,guide,periodic table,periodic table game,teacher,informational,yes
periodic table quiz 1 30,10,10,,game,periodic table,periodic table game,high school,informational,yes
quiz of periodic table,10,10,,game,periodic table,periodic table game,high school,informational,yes
periodic table quiz review answer key,10,0,,guide,periodic table,periodic table game,teacher,informational,yes
history of periodic table quiz,10,0,,game,periodic table,periodic table game,high school,informational,yes
chemistry quiz questions on periodic table,10,0,,game,periodic table,periodic table game,high school,informational,yes
periodic table of elements quiz 1 60,10,0,,game,periodic table,periodic table game,high school,informational,yes
periodic table pub quiz questions,10,10,,game,periodic table,periodic table game,general,informational,yes
periodic table quiz symbols with names,10,10,,game,periodic table,periodic table game,high school,informational,yes
atomic structure and periodic table quiz,10,10,,game,atomic structure,periodic table game,high school,informational,yes
periodic table quiz review sheet answers,10,0,,guide,periodic table,periodic table game,teacher,informational,yes
periodic table charges quiz,10,10,,game,periodic table,periodic table game,high school,informational,yes
periodic table of elements quiz 1 40,10,0,,game,periodic table,periodic table game,high school,informational,yes
name the periodic table quiz,10,10,,game,periodic table,periodic table game,high school,informational,yes
periodic table of elements with names and symbols quiz,10,10,,game,periodic table,periodic table game,high school,informational,yes
periodic table group names quiz,10,10,,game,periodic table,periodic table game,high school,informational,yes
atomic structure and the periodic table quiz for chapter 5,10,0,,game,atomic structure,periodic table game,high school,informational,yes
atomic structure and the periodic table quiz,10,10,,game,atomic structure,periodic table game,high school,informational,yes
name the periodic table of elements quiz,10,10,,game,periodic table,periodic table game,high school,informational,yes
periodic table quiz questions and answers,10,10,,game,periodic table,periodic table game,high school,informational,yes
periodic table quiz 1 40,10,0,,game,periodic table,periodic table game,high school,informational,yes
periodic table quiz atomic number,10,10,,game,periodic table,periodic table game,high school,informational,yes
google periodic table quiz,10,10,,game,periodic table,periodic table game,high school,informational,yes
periodic table trivia quiz,10,10,,game,periodic table,periodic table game,high school,informational,yes
quiz on atoms and periodic table,10,10,,game,atomic structure,periodic table game,high school,informational,yes
periodic table quiz review,10,0,,game,periodic table,periodic table game,high school,informational,yes
acids and bases practice problems worksheet,10,0,,guide,acids & bases,acid base practice,high school,informational,yes
naming acids and bases practice worksheet,10,0,,guide,acids & bases,naming acids and bases practice,high school,informational,yes
identify bronsted lowry acids and bases practice,10,0,,game,acids & bases,acid base practice,high school,informational,yes
conjugate acids and bases practice problems,10,0,,game,acids & bases,acid base practice,high school,informational,yes
acids and bases calculations practice worksheet answer key,10,0,,guide,acids & bases,acid base practice,high school,informational,yes
acids and bases practice worksheet,10,10,,guide,acids & bases,acid base practice,high school,informational,yes
practice packet unit 12: acids and bases answers,10,0,,guide,acids & bases,acid base practice,high school,informational,yes
practice packet unit 12 acids and bases answer key,10,0,,guide,acids & bases,acid base practice,high school,informational,yes
acids and bases chemistry practice problems,10,10,,game,acids & bases,acid base practice,high school,informational,yes
acids and bases practice worksheet answers,10,0,,guide,acids & bases,acid base practice,high school,informational,yes
identifying acids and bases practice,10,10,,game,acids & bases,acid base practice,high school,informational,yes
solutions acids and bases online practice,10,0,,game,acids & bases,acid base practice,high school,informational,yes
ap chemistry acids and bases practice problems,10,0,,game,acids & bases,acid base practice,high school,informational,yes
acids and bases practice test answers,10,0,,guide,acids & bases,acid base practice,high school,informational,yes
ranking acids and bases practice,10,0,,game,acids & bases,acid base practice,high school,informational,yes
acids and bases calculations practice worksheet answers,10,0,,guide,acids & bases,acid base practice,high school,informational,yes
identify bronsted-lowry acids and bases practice,10,0,,game,acids & bases,acid base practice,high school,informational,yes
lewis acids and bases practice,10,0,,game,acids & bases,acid base practice,high school,informational,yes
arrhenius acids and bases practice problems,10,0,,game,acids & bases,acid base practice,high school,informational,yes
acids bases and salts practice questions,10,0,,game,acids & bases,acid base practice,high school,informational,yes
acids and bases practice quiz,10,10,,game,acids & bases,acid base practice,high school,informational,yes
identifying lewis acids and bases practice,10,10,,game,acids & bases,acid base practice,high school,informational,yes
common acids and bases formula writing practice,10,0,,guide,acids & bases,acid base practice,high school,informational,yes
chemistry acids and bases practice test,10,10,,game,acids & bases,acid base practice,high school,informational,yes
acids and bases calculations practice worksheet,10,10,,guide,acids & bases,acid base practice,high school,informational,yes
chapter 19 acids bases and salts practice problems,10,0,,game,acids & bases,acid base practice,high school,informational,yes
ap chemistry practice test ch 14 acids and bases,10,0,,guide,acids & bases,acid base practice,high school,informational,yes
chemistry 12 acids and bases practice test,10,10,,game,acids & bases,acid base practice,high school,informational,yes
chemistry 20 acids and bases practice test,10,0,,game,acids & bases,acid base practice,high school,informational,yes
chapter 19 acids bases and salts practice problems answer key,10,0,,guide,acids & bases,acid base practice,high school,informational,yes
practice packet unit 12: acids and bases answer key,10,0,,guide,acids & bases,acid base practice,high school,informational,yes
ap chem acids and bases practice questions,10,0,,game,acids & bases,acid base practice,high school,informational,yes
naming organic compounds game,10,10,,game,organic,naming organic compounds practice,high school,informational,yes
naming covalent compounds game,10,10,,game,chemical formulas/naming,naming compounds practice,high school,informational,yes
naming ionic and molecular compounds game,10,10,,game,chemical formulas/naming,naming compounds practice,high school,informational,yes
chapter 9 practice test naming and writing chemical formulas answers,10,0,,guide,chemical formulas/naming,writing chemical formulas practice,high school,informational,yes
writing chemical formulas practice problems level 2,10,0,,guide,chemical formulas/naming,writing chemical formulas practice,high school,informational,yes
writing chemical formulas practice worksheet class 9,10,0,,guide,chemical formulas/naming,writing chemical formulas practice,middle school,informational,yes
writing chemical formulas practice problems,10,0,,guide,chemical formulas/naming,writing chemical formulas practice,high school,informational,yes
writing chemical formulas mixed practice,10,0,,guide,chemical formulas/naming,writing chemical formulas practice,high school,informational,yes
writing chemical formulas practice problems level 1,10,0,,guide,chemical formulas/naming,writing chemical formulas practice,high school,informational,yes
writing chemical formulas practice worksheet,10,10,,guide,chemical formulas/naming,writing chemical formulas practice,high school,informational,yes
practice writing chemical formulas worksheet,10,10,,guide,chemical formulas/naming,writing chemical formulas practice,high school,informational,yes
writing chemical formulas practice worksheet answers,10,0,,guide,chemical formulas/naming,writing chemical formulas practice,high school,informational,yes
chemistry practice writing chemical formulas,10,0,,guide,chemical formulas/naming,writing chemical formulas practice,high school,informational,yes
writing chemical formulas practice worksheet with answers,10,10,,guide,chemical formulas/naming,writing chemical formulas practice,high school,informational,yes
chapter 9 practice test naming and writing chemical formulas,10,0,,guide,chemical formulas/naming,writing chemical formulas practice,high school,informational,yes
5 types of chemical reactions lab with worksheet answers,10,10,,guide,reaction types,types of chemical reactions guide,high school,informational,yes
21 types of chemical reactions,10,0,,guide,reaction types,types of chemical reactions guide,high school,informational,yes
types of chemical reactions matching worksheet answers,10,10,,guide,reaction types,types of chemical reactions guide,high school,informational,yes
chemistry webquest: major types of chemical reactions answer key,10,0,,guide,reaction types,types of chemical reactions guide,high school,informational,yes
chemical reactions types of reactions and balancing practice answer key,10,0,,guide,reaction types,types of chemical reactions guide,high school,informational,yes
types of chemical reactions lab answers,10,0,,guide,reaction types,types of chemical reactions guide,high school,informational,yes
types of chemical reactions worksheet answers model 1,10,0,,guide,reaction types,types of chemical reactions guide,high school,informational,yes
types of chemical reactions lesson 2 answer key,10,0,,guide,reaction types,types of chemical reactions guide,high school,informational,yes
types of chemical reactions in daily life,10,0,,blog,reaction types,types of chemical reactions guide,high school,informational,yes
types of chemical reactions pogil answer key pdf,10,0,,guide,reaction types,types of chemical reactions guide,high school,informational,yes
types of chemical reactions equations,10,10,,guide,reaction types,types of chemical reactions guide,high school,informational,yes
5 types of chemical reactions definitions,10,10,,guide,reaction types,types of chemical reactions guide,high school,informational,yes
name the various types of chemical reactions,10,10,,guide,reaction types,types of chemical reactions guide,high school,informational,yes
types of chemical reactions lab pdf,10,0,,guide,reaction types,types of chemical reactions guide,high school,informational,yes
sample lesson plan on types of chemical reactions,10,0,,blog,reaction types,types of chemical reactions guide,teacher,informational,yes
9 types of chemical reactions,10,10,,guide,reaction types,types of chemical reactions guide,high school,informational,yes
virtual lab types of chemical reactions answers,10,0,,guide,reaction types,types of chemical reactions guide,high school,informational,yes
types of chemical reactions and predicting products worksheet answer key,10,0,,guide,reaction types,types of chemical reactions guide,high school,informational,yes
types of chemical reactions pogil answers pdf,10,10,,guide,reaction types,types of chemical reactions guide,high school,informational,yes
types of chemical reactions worksheet ch 7,10,0,,guide,reaction types,types of chemical reactions guide,high school,informational,yes
types of chemical reactions flow chart,10,10,,guide,reaction types,types of chemical reactions guide,high school,informational,yes
types of chemical reactions and predicting products worksheet,10,10,,guide,reaction types,types of chemical reactions guide,high school,informational,yes
naming types of chemical reactions worksheet,10,0,,guide,reaction types,types of chemical reactions guide,high school,informational,yes
types of chemical reactions in the body,10,10,,guide,reaction types,types of chemical reactions guide,high school,informational,yes
6 types of chemical reactions with examples,10,10,,guide,reaction types,types of chemical reactions guide,high school,informational,yes
types of chemical reactions lab worksheet,10,10,,guide,reaction types,types of chemical reactions guide,high school,informational,yes
types of chemical reactions class 9,10,0,,guide,reaction types,types of chemical reactions guide,high school,informational,yes
types of chemical reactions acid-base,10,10,,guide,reaction types,types of chemical reactions guide,high school,informational,yes
types of chemical reactions class 10 worksheet,10,10,,guide,reaction types,types of chemical reactions guide,high school,informational,yes
types of chemical reactions gcse,10,10,,guide,reaction types,types of chemical reactions guide,high school,informational,yes
section 11.2 types of chemical reactions,10,0,,guide,reaction types,types of chemical reactions guide,high school,informational,yes
types of chemical reactions worksheet writing formulas answer key,10,0,,guide,reaction types,types of chemical reactions guide,high school,informational,yes
types of chemical reactions 6.1,10,0,,guide,reaction types,types of chemical reactions guide,high school,informational,yes
ap chemistry types of chemical reactions and solution stoichiometry answers,10,0,,guide,reaction types,types of chemical reactions guide,high school,informational,yes
virtual lab 5 types of chemical reactions answers,10,0,,guide,reaction types,types of chemical reactions guide,high school,informational,yes
6 types of chemical reactions worksheet answers,10,0,,guide,reaction types,types of chemical reactions guide,high school,informational,yes
various types of chemical reactions,10,0,,guide,reaction types,types of chemical reactions guide,high school,informational,yes
types of chemical reactions project,10,0,,blog,reaction types,types of chemical reactions guide,high school,informational,yes
types of chemical reactions packet answer key,10,0,,guide,reaction types,types of chemical reactions guide,high school,informational,yes
types of chemical reactions worksheet ch.7 answers,10,0,,guide,reaction types,types of chemical reactions guide,high school,informational,yes
types of chemical reactions multiple choice questions,10,10,,game,reaction types,types of chemical reactions guide,high school,informational,yes
types of chemical reactions lab report,10,0,,guide,reaction types,types of chemical reactions guide,high school,informational,yes
list 4 types of chemical reactions,10,10,,guide,reaction types,types of chemical reactions guide,high school,informational,yes
4 types of chemical reactions worksheet,10,10,,guide,reaction types,types of chemical reactions guide,high school,informational,yes
chart on types of chemical reactions class 10,10,0,,guide,reaction types,types of chemical reactions guide,high school,informational,yes
types of chemical reactions lab data table answers,10,0,,guide,reaction types,types of chemical reactions guide,high school,informational,yes
types of chemical reactions summary,10,10,,guide,reaction types,types of chemical reactions guide,high school,informational,yes
types of chemical reactions worksheet 2,10,0,,guide,reaction types,types of chemical reactions guide,high school,informational,yes
5 types of chemical reactions lab with worksheet and answers,10,0,,guide,reaction types,types of chemical reactions guide,high school,informational,yes
mind map of types of chemical reactions,10,0,,guide,reaction types,types of chemical reactions guide,high school,informational,yes
balancing chemical equations types of reactions,10,0,,guide,reaction types,types of chemical reactions guide,high school,informational,yes
types of chemical reactions 6.1 answers,10,0,,guide,reaction types,types of chemical reactions guide,high school,informational,yes
what are the 5 general types of chemical reactions,10,0,,guide,reaction types,types of chemical reactions guide,high school,informational,yes
video types of chemical reactions,10,10,,guide,reaction types,types of chemical reactions guide,high school,informational,yes
types of chemical reactions tutorial,10,0,,guide,reaction types,types of chemical reactions guide,high school,informational,yes
there are blank general types of chemical reactions,10,0,,guide,reaction types,types of chemical reactions guide,high school,informational,yes
types of chemical reactions pre lab answers,10,0,,guide,reaction types,types of chemical reactions guide,high school,informational,yes
cartoon chemistry types of chemical reactions,10,10,,guide,reaction types,types of chemical reactions guide,high school,informational,yes
lab 5 types of chemical reactions answer key,10,0,,guide,reaction types,types of chemical reactions guide,high school,informational,yes
types of chemical reactions questions,10,10,,game,reaction types,types of chemical reactions game,high school,informational,yes
5 types of chemical reactions lab,10,0,,guide,reaction types,types of chemical reactions guide,high school,informational,yes
types of chemical reactions exothermic endothermic,10,10,,guide,reaction types,types of chemical reactions guide,high school,informational,yes
types of chemical reactions worksheet 2 answer key,10,0,,guide,reaction types,types of chemical reactions guide,high school,informational,yes
6 types of chemical reactions pdf,10,10,,guide,reaction types,types of chemical reactions guide,high school,informational,yes
list of types of chemical reactions,10,10,,guide,reaction types,types of chemical reactions guide,high school,informational,yes
types of chemical reactions worksheet writing formulas answers,10,0,,guide,reaction types,types of chemical reactions guide,high school,informational,yes
types of chemical reactions worksheet key,10,0,,guide,reaction types,types of chemical reactions guide,high school,informational,yes
three basic types of chemical reactions,10,10,,guide,reaction types,types of chemical reactions guide,high school,informational,yes
what types of chemical reactions are not in this experiment,10,0,,guide,reaction types,types of chemical reactions guide,high school,informational,yes
how many types of chemical reactions,10,10,,guide,reaction types,types of chemical reactions guide,high school,informational,yes
balancing chemical equations and types of reactions worksheet,10,10,,guide,reaction types,types of chemical reactions guide,high school,informational,yes
types of chemical reactions experiment,10,10,,guide,reaction types,types of chemical reactions guide,high school,informational,yes
how to classify types of chemical reactions,10,10,,guide,reaction types,types of chemical reactions guide,high school,informational,yes
chemical reactions types of reactions worksheet answers,10,0,,guide,reaction types,types of chemical reactions guide,high school,informational,yes
types of chemical reactions worksheet chemistry,10,0,,guide,reaction types,types of chemical reactions guide,high school,informational,yes
five types of chemical reactions worksheet answers,10,0,,guide,reaction types,types of chemical reactions guide,high school,informational,yes
types of chemical reactions with examples pdf,10,10,,guide,reaction types,types of chemical reactions guide,high school,informational,yes
types of chemical reactions decomposition,10,10,,guide,reaction types,types of chemical reactions guide,high school,informational,yes
virtual lab types of chemical reactions worksheet,10,0,,guide,reaction types,types of chemical reactions guide,high school,informational,yes
what are the 7 types of chemical reactions,10,10,,guide,reaction types,types of chemical reactions guide,high school,informational,yes
types of chemical reactions and predicting products worksheet answers,10,0,,guide,reaction types,types of chemical reactions guide,high school,informational,yes
types of chemical reactions lab worksheet answers pdf,10,0,,guide,reaction types,types of chemical reactions guide,high school,informational,yes
types of chemical reactions and balancing equations worksheet,10,10,,guide,reaction types,types of chemical reactions guide,high school,informational,yes
which terms identify types of chemical reactions,10,0,,guide,reaction types,types of chemical reactions guide,high school,informational,yes
shall we dance types of chemical reactions answers,10,0,,guide,reaction types,types of chemical reactions guide,high school,informational,yes
types of chemical reactions pogil dance answer key,10,0,,guide,reaction types,types of chemical reactions guide,high school,informational,yes
types of energy changes in chemical reactions,10,10,,guide,reaction types,types of chemical reactions guide,high school,informational,yes
balancing and types of chemical reactions,10,10,,guide,reaction types,types of chemical reactions guide,high school,informational,yes
lesson outline types of chemical reactions,10,0,,guide,reaction types,types of chemical reactions guide,teacher,informational,yes
types of chemical reactions pdf answers,10,0,,guide,reaction types,types of chemical reactions guide,high school,informational,yes
types of chemical reactions drawing,10,0,,guide,reaction types,types of chemical reactions guide,high school,informational,yes
types of chemical reactions online practice,10,10,,game,reaction types,types of chemical reactions game,high school,informational,yes
types of chemical reactions lab worksheet answers,10,0,,guide,reaction types,types of chemical reactions guide,high school,informational,yes
10 types of chemical reactions,10,10,,guide,reaction types,types of chemical reactions guide,high school,informational,yes
types of chemical reactions games,10,10,,game,reaction types,types of chemical reactions game,high school,informational,yes
types of chemical reactions notes pdf,10,10,,guide,reaction types,types of chemical reactions guide,high school,informational,yes
cartoon chemistry types of chemical reactions worksheet answers,10,10,,guide,reaction types,types of chemical reactions guide,high school,informational,yes
11.2 types of chemical reactions worksheet answers,10,0,,guide,reaction types,types of chemical reactions guide,high school,informational,yes
chemical reactions types of reactions worksheet,10,0,,guide,reaction types,types of chemical reactions guide,high school,informational,yes
two major types of chemical reactions are called,10,0,,guide,reaction types,types of chemical reactions guide,high school,informational,yes
flow chart of types of chemical reactions,10,0,,guide,reaction types,types of chemical reactions guide,high school,informational,yes
four types of chemical reactions with examples,10,10,,guide,reaction types,types of chemical reactions guide,high school,informational,yes
types of chemical reactions formulas,10,10,,guide,reaction types,types of chemical reactions guide,high school,informational,yes
teaching types of chemical reactions,10,0,,blog,reaction types,types of chemical reactions guide,teacher,informational,yes
types of chemical reactions worksheet do atoms rearrange answers,10,0,,guide,reaction types,types of chemical reactions guide,high school,informational,yes
identifying types of chemical reactions and balancing worksheet,10,0,,guide,reaction types,types of chemical reactions guide,high school,informational,yes
chapter 4 types of chemical reactions and solution stoichiometry answers,10,0,,guide,reaction types,types of chemical reactions guide,high school,informational,yes
types of chemical reactions worksheet answers pdf,10,10,,guide,reaction types,types of chemical reactions guide,high school,informational,yes
chemistry 11 word equations and types of chemical reactions worksheet,10,0,,guide,reaction types,types of chemical reactions guide,high school,informational,yes
types of chemical reactions model 1,10,0,,guide,reaction types,types of chemical reactions guide,high school,informational,yes
types of chemical reactions pogil dance,10,0,,guide,reaction types,types of chemical reactions guide,high school,informational,yes
types of chemical reactions test answers,10,0,,guide,reaction types,types of chemical reactions guide,high school,informational,yes
11.2 types of chemical reactions section review answers,10,0,,guide,reaction types,types of chemical reactions guide,high school,informational,yes
virtual lab types of chemical reactions worksheet answers,10,0,,guide,reaction types,types of chemical reactions guide,high school,informational,yes
types of chemical reactions and balancing,10,0,,guide,reaction types,types of chemical reactions guide,high school,informational,yes
types of chemical reactions worksheet model 1,10,0,,guide,reaction types,types of chemical reactions guide,high school,informational,yes
types of chemical reactions pogil pdf,10,0,,guide,reaction types,types of chemical reactions guide,high school,informational,yes
identifying types of chemical reactions practice,10,0,,game,reaction types,types of chemical reactions game,high school,informational,yes
key concept builder lesson 2 types of chemical reactions answers,10,0,,guide,reaction types,types of chemical reactions guide,high school,informational,yes
balancing chemical equations and types of reactions worksheet answers,10,0,,guide,reaction types,types of chemical reactions guide,high school,informational,yes
11.2 types of chemical reactions section review,10,0,,guide,reaction types,types of chemical reactions guide,high school,informational,yes
unit 4 types of chemical reactions worksheet,10,0,,guide,reaction types,types of chemical reactions guide,high school,informational,yes
8.2 types of chemical reactions section review answer key,10,0,,guide,reaction types,types of chemical reactions guide,high school,informational,yes
5.08 lab types of chemical reactions,10,0,,guide,reaction types,types of chemical reactions guide,high school,informational,yes
types of chemical reactions 2,10,10,,guide,reaction types,types of chemical reactions guide,high school,informational,yes
types of chemical reactions worksheet chapter 7,10,0,,guide,reaction types,types of chemical reactions guide,high school,informational,yes
virtual lab: 5 types of chemical reactions answer key,10,0,,guide,reaction types,types of chemical reactions guide,high school,informational,yes
lab activity types of chemical reactions,10,10,,guide,reaction types,types of chemical reactions guide,high school,informational,yes
lab types of chemical reactions answer key,10,0,,guide,reaction types,types of chemical reactions guide,high school,informational,yes
types of chemical reactions slideshare,10,0,,guide,reaction types,types of chemical reactions guide,high school,informational,yes
all types of chemical reactions with examples,10,10,,guide,reaction types,types of chemical reactions guide,high school,informational,yes
three major types of chemical reactions are,10,0,,guide,reaction types,types of chemical reactions guide,high school,informational,yes
what are the types of chemical reactions with examples,10,10,,guide,reaction types,types of chemical reactions guide,high school,informational,yes
chemical reactions types of reactions,10,10,,guide,reaction types,types of chemical reactions guide,high school,informational,yes
types of chemical reactions class 10 pdf,10,0,,guide,reaction types,types of chemical reactions guide,high school,informational,yes
types of chemical reactions packet answers,10,0,,guide,reaction types,types of chemical reactions guide,high school,informational,yes
types of chemical reactions neutralization,10,10,,guide,reaction types,types of chemical reactions guide,high school,informational,yes
types of chemical reactions coloring page,10,10,,game,reaction types,types of chemical reactions game,middle school,informational,yes
lab: types of chemical reactions answers,10,0,,guide,reaction types,types of chemical reactions guide,high school,informational,yes
types of chemical reactions key,10,0,,guide,reaction types,types of chemical reactions guide,high school,informational,yes
classifying types of chemical reactions worksheet,10,10,,guide,reaction types,types of chemical reactions guide,high school,informational,yes
types of chemical reactions pogil doc answers,10,0,,guide,reaction types,types of chemical reactions guide,high school,informational,yes
types of chemical reactions project thermal energy and chemical reactions,10,0,,guide,reaction types,types of chemical reactions guide,high school,informational,yes
whodunnit types of chemical reactions answer key,10,0,,guide,reaction types,types of chemical reactions guide,high school,informational,yes
types of chemical reactions lab 14,10,0,,guide,reaction types,types of chemical reactions guide,high school,informational,yes
types of chemical reactions interactive,10,10,,game,reaction types,types of chemical reactions game,high school,informational,yes
3 general types of chemical reactions,10,0,,guide,reaction types,types of chemical reactions guide,high school,informational,yes
types of chemical reactions 2 worksheet answers,10,0,,guide,reaction types,types of chemical reactions guide,high school,informational,yes
types of chemical reactions answer sheet,10,0,,guide,reaction types,types of chemical reactions guide,high school,informational,yes
types of chemical reactions in the human body,10,10,,guide,reaction types,types of chemical reactions guide,high school,informational,yes
types of chemical reactions ppt free download,10,10,,guide,reaction types,types of chemical reactions guide,teacher,informational,yes
five basic types of chemical reactions,10,10,,guide,reaction types,types of chemical reactions guide,high school,informational,yes
which are the four basic types of chemical reactions,10,0,,guide,reaction types,types of chemical reactions guide,high school,informational,yes
five types of chemical reactions worksheet,10,0,,guide,reaction types,types of chemical reactions practice,high school,informational,yes
types of chemical reactions practice worksheet answers,10,0,,guide,reaction types,types of chemical reactions practice,high school,informational,yes
types of chemical reactions practice problems,10,10,,guide,reaction types,types of chemical reactions practice,high school,informational,yes
types of chemical reactions class 7,10,0,,guide,reaction types,types of chemical reactions guide,middle school,informational,yes
chemical equations and reactions section quiz types of chemical reactions,10,0,,game,reaction types,types of chemical reactions quiz,high school,informational,yes
what are the 8 types of chemical reactions,10,10,,guide,reaction types,types of chemical reactions guide,high school,informational,yes
types of chemical reactions class 10 notes,10,10,,guide,reaction types,types of chemical reactions guide,high school,informational,yes
types of chemical reactions demonstrations,10,0,,guide,reaction types,types of chemical reactions guide,teacher,informational,yes
types of chemical reactions practice answer key,10,0,,guide,reaction types,types of chemical reactions practice,high school,informational,yes
types of chemical reactions igcse,10,0,,guide,reaction types,types of chemical reactions guide,high school,informational,yes
which of the following are common types of chemical reactions,10,0,,guide,reaction types,types of chemical reactions guide,high school,informational,yes
types of chemical reactions worksheet writing formulas,10,0,,guide,reaction types,types of chemical reactions practice,high school,informational,yes
types of chemical reactions lesson,10,10,,guide,reaction types,types of chemical reactions guide,high school,informational,yes
3 main types of chemical reactions,10,10,,guide,reaction types,types of chemical reactions guide,high school,informational,yes
types of chemical reactions experiments,10,10,,guide,reaction types,types of chemical reactions guide,teacher,informational,yes
what are the types of chemical reactions class 10,10,0,,guide,reaction types,types of chemical reactions guide,high school,informational,yes
what are the 10 types of chemical reactions,10,10,,guide,reaction types,types of chemical reactions guide,high school,informational,yes
types of chemical reactions explained,10,10,,guide,reaction types,types of chemical reactions guide,high school,informational,yes
examples for types of chemical reactions,10,10,,guide,reaction types,types of chemical reactions guide,high school,informational,yes
name 5 types of chemical reactions,10,10,,guide,reaction types,types of chemical reactions guide,high school,informational,yes
3 major types of chemical reactions,10,0,,guide,reaction types,types of chemical reactions guide,high school,informational,yes
5 common types of chemical reactions,10,10,,guide,reaction types,types of chemical reactions guide,high school,informational,yes
types of chemical reactions quiz with answers,10,0,,game,reaction types,types of chemical reactions quiz,high school,informational,yes
types of chemical reactions answer,10,10,,guide,reaction types,types of chemical reactions guide,high school,informational,yes
how to determine types of chemical reactions,10,10,,guide,reaction types,types of chemical reactions guide,high school,informational,yes
types of chemical reactions do atoms rearrange,10,0,,guide,reaction types,types of chemical reactions guide,high school,informational,yes
review types of chemical reactions worksheet,10,0,,guide,reaction types,types of chemical reactions practice,high school,informational,yes
two main types of chemical reactions,10,10,,guide,reaction types,types of chemical reactions guide,high school,informational,yes
the 5 different types of chemical reactions,10,10,,guide,reaction types,types of chemical reactions guide,high school,informational,yes
types of chemical reactions story,10,0,,guide,reaction types,types of chemical reactions guide,high school,informational,yes
review types of chemical reactions,10,10,,guide,reaction types,types of chemical reactions guide,high school,informational,yes
types of chemical reactions lesson plan,10,10,,blog,reaction types,types of chemical reactions guide,teacher,informational,yes
activity for types of chemical reactions,10,10,,game,reaction types,types of chemical reactions practice,high school,informational,yes
types of reactions in chemical kinetics,10,0,,guide,reaction types,types of chemical reactions guide,college,informational,yes
different types of chemical reactions class 10,10,0,,guide,reaction types,types of chemical reactions guide,high school,informational,yes
differentiate the types of chemical reactions and associated terminology,10,0,,guide,reaction types,types of chemical reactions guide,high school,informational,yes
five general types of chemical reactions,10,0,,guide,reaction types,types of chemical reactions guide,high school,informational,yes
types of chemical reactions in aqueous solutions,10,0,,guide,reaction types,types of chemical reactions guide,high school,informational,yes
different types of chemical reactions ppt,10,10,,guide,reaction types,types of chemical reactions guide,high school,informational,yes
experiment 1 types of chemical reactions,10,0,,guide,reaction types,types of chemical reactions guide,high school,informational,yes
types of chemical reactions with pictures,10,0,,guide,reaction types,types of chemical reactions guide,high school,informational,yes
types of chemical reactions practice answers,10,0,,guide,reaction types,types of chemical reactions practice,high school,informational,yes
how many different types of chemical reactions are there,10,10,,guide,reaction types,types of chemical reactions guide,high school,informational,yes
changing states of matter interactive game,10,10,,game,general chemistry,states of matter game,middle school,informational,yes
states of matter millionaire game,10,10,,game,general chemistry,states of matter game,middle school,informational,yes
changing states of matter game,10,10,,game,general chemistry,states of matter game,middle school,informational,yes
states of matter matching game,10,10,,game,general chemistry,states of matter game,middle school,informational,yes
states of matter card game,10,10,,game,general chemistry,states of matter game,middle school,informational,yes
states of matter board game,10,10,,game,general chemistry,states of matter game,middle school,informational,yes
chemistry honors final exam cheat sheet,10,0,,guide,general chemistry,chemistry cheat sheet,high school,informational,yes
ib chemistry cheat sheet,10,10,,guide,general chemistry,chemistry cheat sheet,high school,informational,yes
organic chemistry ir spectroscopy cheat sheet,10,10,,guide,organic,chemistry cheat sheet,college,informational,yes
periodic table chemistry cheat sheet,10,10,,guide,periodic table,chemistry cheat sheet,high school,informational,yes
analytical chemistry cheat sheet pdf,10,0,,guide,general chemistry,chemistry cheat sheet,college,informational,yes
dat chemistry cheat sheet,10,0,,guide,general chemistry,chemistry cheat sheet,college,informational,yes
organic chemistry class 12 cheat sheet,10,10,,guide,organic,chemistry cheat sheet,high school,informational,yes
chemistry nomenclature cheat sheet pdf,10,10,,guide,chemical formulas/naming,chemistry cheat sheet,high school,informational,yes
chemistry cheat sheet file type pdf,10,10,,guide,general chemistry,chemistry cheat sheet,high school,informational,yes
organic chemistry i reactions cheat sheet,10,0,,guide,organic,chemistry cheat sheet,college,informational,yes
general chemistry 1 cheat sheet pdf,10,0,,guide,general chemistry,chemistry cheat sheet,college,informational,yes
organic chemistry cheat sheet file type pdf,10,0,,guide,organic,chemistry cheat sheet,college,informational,yes
a level chemistry cheat sheet,10,10,,guide,general chemistry,chemistry cheat sheet,high school,informational,yes
aqa a level chemistry cheat sheet,10,10,,guide,general chemistry,chemistry cheat sheet,high school,informational,yes
organic chemistry cheat sheet pdf free,10,0,,guide,organic,chemistry cheat sheet,college,informational,yes
chemistry steps cheat sheet pdf,10,10,,guide,general chemistry,chemistry cheat sheet,high school,informational,yes
gamsat chemistry cheat sheet,10,10,,guide,general chemistry,chemistry cheat sheet,college,informational,yes
igcse chemistry cheat sheet,10,0,,guide,general chemistry,chemistry cheat sheet,high school,informational,yes
chemistry cheat sheet class 10,10,10,,guide,general chemistry,chemistry cheat sheet,high school,informational,yes
ocr a level chemistry cheat sheet,10,0,,guide,general chemistry,chemistry cheat sheet,high school,informational,yes
cheat sheet for chemistry final,10,0,,guide,general chemistry,chemistry cheat sheet,high school,informational,yes
organic chemistry cheat sheet pdf free download,10,0,,guide,organic,chemistry cheat sheet,college,transactional,yes
analytical chemistry cheat sheet,10,10,,guide,general chemistry,chemistry cheat sheet,college,informational,yes
cheat sheet chemistry class 10,10,10,,guide,general chemistry,chemistry cheat sheet,high school,informational,yes
chemistry formulas cheat sheet pdf,10,10,,guide,general chemistry,chemistry cheat sheet,high school,transactional,yes
chemistry solutions cheat sheet,10,0,,guide,general chemistry,chemistry cheat sheet,high school,informational,yes
atmospheric chemistry cheat sheet,10,0,,guide,general chemistry,chemistry cheat sheet,college,informational,yes
chemistry naming cheat sheet,10,10,,guide,chemical formulas/naming,chemistry cheat sheet,high school,informational,yes
general chemistry final exam cheat sheet,10,10,,guide,general chemistry,chemistry cheat sheet,college,informational,yes
substitution and elimination organic chemistry cheat sheet,10,10,,guide,organic,chemistry cheat sheet,college,informational,yes
thermodynamics chemistry cheat sheet,10,0,,guide,general chemistry,chemistry cheat sheet,high school,informational,yes
science olympiad environmental chemistry cheat sheet,10,0,,guide,general chemistry,chemistry cheat sheet,high school,informational,yes
organic chemistry reactions cheat sheet mcat,10,0,,guide,organic,chemistry cheat sheet,college,informational,yes
chemistry thermodynamics cheat sheet,10,10,,guide,general chemistry,chemistry cheat sheet,high school,informational,yes
organic chemistry acid-base cheat sheet,10,10,,guide,organic,chemistry cheat sheet,college,informational,yes
organic chemistry cheat sheet filetype pdf,10,0,,guide,organic,chemistry cheat sheet,college,transactional,yes
ap chemistry master cheat sheet,10,10,,guide,general chemistry,chemistry cheat sheet,high school,informational,yes
cheat sheet gcse chemistry formula sheet,10,0,,guide,general chemistry,chemistry cheat sheet,high school,informational,yes
organic chemistry acid base cheat sheet,10,10,,guide,organic,chemistry cheat sheet,college,informational,yes
organic chemistry exam 1 cheat sheet,10,0,,guide,organic,chemistry cheat sheet,college,informational,yes
chemistry calculations cheat sheet,10,10,,guide,stoichiometry/moles,chemistry cheat sheet,high school,informational,yes
dat general chemistry cheat sheet,10,0,,guide,general chemistry,chemistry cheat sheet,college,informational,yes
text chemistry cheat sheet,10,0,,guide,general chemistry,chemistry cheat sheet,high school,informational,yes
cheat sheet for chemistry formulas,10,10,,guide,general chemistry,chemistry cheat sheet,high school,informational,yes
class 12 chemistry cheat sheet,10,0,,guide,general chemistry,chemistry cheat sheet,high school,informational,yes
chemistry class 10 cheat sheet,10,0,,guide,general chemistry,chemistry cheat sheet,high school,informational,yes
chemistry 101 cheat sheet,10,0,,guide,general chemistry,chemistry cheat sheet,college,informational,yes
inorganic chemistry cheat sheet,10,10,,guide,general chemistry,chemistry cheat sheet,college,informational,yes
gcse chemistry cheat sheet,10,10,,guide,general chemistry,chemistry cheat sheet,high school,informational,yes
general chemistry cheat sheet filetype pdf,10,0,,guide,general chemistry,chemistry cheat sheet,college,transactional,yes
a level organic chemistry cheat sheet,10,0,,guide,organic,chemistry cheat sheet,high school,informational,yes
chemistry acids and bases cheat sheet,10,0,,guide,acids & bases,chemistry cheat sheet,high school,informational,yes
chemistry 1 cheat sheet pdf,10,0,,guide,general chemistry,chemistry cheat sheet,college,transactional,yes
o level chemistry cheat sheet,10,0,,guide,general chemistry,chemistry cheat sheet,high school,informational,yes
chemistry cheat sheet pdf class 11,10,0,,guide,general chemistry,chemistry cheat sheet,high school,transactional,yes
ap chemistry core concept cheat sheet,10,0,,guide,general chemistry,chemistry cheat sheet,high school,informational,yes
chemistry conversion factors cheat sheet,10,0,,guide,stoichiometry/moles,chemistry cheat sheet,high school,informational,yes
general chemistry 1 final exam cheat sheet,10,0,,guide,general chemistry,chemistry cheat sheet,college,informational,yes
clinical chemistry cheat sheet,10,0,,guide,general chemistry,chemistry cheat sheet,college,informational,yes
chemistry equations cheat sheet,10,10,,guide,general chemistry,chemistry cheat sheet,high school,informational,yes
pdf summary organic chemistry cheat sheet,10,10,,guide,organic,chemistry cheat sheet,college,transactional,yes
organic chemistry cheat sheet reactions,10,10,,guide,organic,chemistry cheat sheet,high school,informational,yes
quantum chemistry cheat sheet,10,10,,guide,atomic structure,chemistry cheat sheet,college,informational,yes
organic chemistry mechanisms cheat sheet pdf,10,0,,guide,organic,chemistry cheat sheet,college,informational,yes
sat chemistry cheat sheet,10,0,,guide,general chemistry,chemistry cheat sheet,high school,informational,yes
chemistry cheat sheet filetype pdf,10,10,,guide,general chemistry,chemistry cheat sheet,high school,informational,yes
general chemistry 2 cheat sheet pdf,10,0,,guide,general chemistry,chemistry cheat sheet,college,informational,yes
math for chemistry cheat sheet,10,0,,guide,general chemistry,chemistry cheat sheet,high school,informational,yes
general chemistry 2 cheat sheet,10,10,,guide,general chemistry,chemistry cheat sheet,college,informational,yes
environmental chemistry cheat sheet,10,0,,guide,general chemistry,chemistry cheat sheet,college,informational,yes
organic chemistry ii cheat sheet,10,0,,guide,organic,chemistry cheat sheet,college,informational,yes
teas chemistry cheat sheet,10,0,,guide,general chemistry,chemistry cheat sheet,college,informational,yes
chemistry naming compounds cheat sheet,10,10,,guide,chemical formulas/naming,chemistry cheat sheet,high school,informational,yes
organic chemistry 1 synthesis cheat sheet,10,10,,guide,organic,chemistry cheat sheet,college,informational,yes
cheat sheet for chemistry class 12,10,10,,guide,general chemistry,chemistry cheat sheet,high school,informational,yes
thermodynamics cheat sheet chemistry,10,10,,guide,general chemistry,chemistry cheat sheet,college,informational,yes
functional groups organic chemistry cheat sheet,10,10,,guide,organic,chemistry cheat sheet,college,informational,yes
chemistry 2 final exam cheat sheet,10,0,,guide,general chemistry,chemistry cheat sheet,college,informational,yes
organic chemistry stereochemistry cheat sheet,10,10,,guide,organic,chemistry cheat sheet,college,informational,yes
cheat sheet organic chemistry nomenclature,10,0,,guide,organic,chemistry cheat sheet,college,informational,yes
organic chemistry 2 synthesis cheat sheet,10,0,,guide,organic,chemistry cheat sheet,college,informational,yes
general chemistry equation cheat sheet,10,0,,guide,general chemistry,chemistry cheat sheet,college,informational,yes
medicinal chemistry cheat sheet,10,10,,guide,organic,chemistry cheat sheet,college,informational,yes
chemistry lab cheat sheet,10,0,,guide,lab safety,chemistry cheat sheet,high school,informational,yes
organic chemistry cheat sheet class 12,10,10,,guide,organic,chemistry cheat sheet,high school,informational,yes
mcat general chemistry cheat sheet,10,10,,guide,general chemistry,chemistry cheat sheet,college,informational,yes
chemistry for dummies cheat sheet,10,10,,guide,general chemistry,chemistry cheat sheet,general,informational,yes
retrosynthesis organic chemistry cheat sheet,10,10,,guide,organic,chemistry cheat sheet,college,informational,yes
organic chemistry ii reactions cheat sheet,10,0,,guide,organic,chemistry cheat sheet,college,informational,yes
chemistry cheat sheet pdf class 12,10,10,,guide,general chemistry,chemistry cheat sheet,high school,informational,yes
ap chemistry core concept master cheat sheet,10,0,,guide,general chemistry,chemistry cheat sheet,high school,informational,yes
inorganic chemistry cheat sheet pdf,10,10,,guide,general chemistry,chemistry cheat sheet,college,informational,yes
general chemistry formulas cheat sheet,10,10,,guide,general chemistry,chemistry cheat sheet,college,informational,yes
chemistry formulas list for class 9 pdf,10,0,,guide,general chemistry,chemistry cheat sheet,high school,informational,yes
all chemistry formulas list class 12,10,0,,guide,general chemistry,chemistry cheat sheet,high school,informational,yes
all chemistry formulas list pdf,10,10,,guide,general chemistry,chemistry cheat sheet,high school,informational,yes
basic chemistry formulas list,10,10,,guide,general chemistry,chemistry cheat sheet,high school,informational,yes
inorganic chemistry formulas list,10,0,,guide,general chemistry,chemistry cheat sheet,college,informational,yes
chemistry math formulas list,10,10,,guide,general chemistry,chemistry cheat sheet,high school,informational,yes
list of formulas in chemistry,10,10,,guide,general chemistry,chemistry cheat sheet,high school,informational,yes
list of chemical formulas in chemistry,10,10,,guide,chemical formulas/naming,chemistry cheat sheet,high school,informational,yes
physical chemistry formulas list,10,0,,guide,general chemistry,chemistry cheat sheet,college,informational,yes
organic chemistry formulas list pdf,10,0,,guide,organic,chemistry cheat sheet,college,informational,yes
most important chemistry formulas list pdf,10,0,,guide,general chemistry,chemistry cheat sheet,high school,informational,yes
chemistry elements formulas list,10,0,,guide,chemical formulas/naming,chemistry cheat sheet,high school,informational,yes
science chemistry formulas list,10,10,,guide,general chemistry,chemistry cheat sheet,high school,informational,yes
chemistry all formulas list,10,0,,guide,general chemistry,chemistry cheat sheet,high school,informational,yes
chemistry formulas list for class 10 pdf,10,0,,guide,general chemistry,chemistry cheat sheet,high school,informational,yes
organic chemistry formulas list,10,0,,guide,organic,chemistry cheat sheet,college,informational,yes
list of chemistry formulas pdf,10,10,,guide,general chemistry,chemistry cheat sheet,high school,informational,yes
chemistry formulas list class 12,10,0,,guide,general chemistry,chemistry cheat sheet,high school,informational,yes
chemistry formulas list pdf,10,10,,guide,chemical formulas/naming,chemistry cheat sheet,high school,informational,yes
chemistry chemical formulas list,10,10,,guide,chemical formulas/naming,chemistry cheat sheet,high school,informational,yes
11 2 practice problems stoichiometry,10,0,,guide,stoichiometry/moles,stoichiometry practice,high school,informational,yes
stoichiometry practice mole mass,10,0,,guide,stoichiometry/moles,stoichiometry practice,high school,informational,yes
skill practice 37 gas stoichiometry practice,10,10,,guide,stoichiometry/moles,stoichiometry practice,high school,informational,yes
volume volume stoichiometry practice problems,10,10,,guide,stoichiometry/moles,stoichiometry practice,high school,informational,yes
practice stoichiometry 1 answers,10,0,,guide,stoichiometry/moles,stoichiometry practice,high school,informational,yes
stoichiometry practice worksheet and answers,10,0,,guide,stoichiometry/moles,stoichiometry practice,high school,informational,yes
gram to gram stoichiometry practice,10,0,,guide,stoichiometry/moles,stoichiometry practice,high school,informational,yes
practice stoichiometry problems with answers pdf,10,10,,guide,stoichiometry/moles,stoichiometry practice,high school,informational,yes
stoichiometry mixed practice,10,10,,guide,stoichiometry/moles,stoichiometry practice,high school,informational,yes
stoichiometry practice worksheet 1 answers,10,0,,guide,stoichiometry/moles,stoichiometry practice,high school,informational,yes
gas stoichiometry practice sheet,10,0,,guide,stoichiometry/moles,stoichiometry practice,high school,informational,yes
stoichiometry practice mass-mass,10,10,,guide,stoichiometry/moles,stoichiometry practice,high school,informational,yes
mole to mole stoichiometry practice problems with answers pdf,10,0,,guide,stoichiometry/moles,stoichiometry practice,high school,informational,yes
stoichiometry practice test with answers,10,0,,guide,stoichiometry/moles,stoichiometry practice,high school,informational,yes
practice problems stoichiometry worksheet,10,10,,guide,stoichiometry/moles,stoichiometry practice,high school,informational,yes
ap chemistry solution stoichiometry practice problems,10,0,,guide,stoichiometry/moles,stoichiometry practice,high school,informational,yes
stoichiometry practice answer key,10,10,,guide,stoichiometry/moles,stoichiometry practice,high school,informational,yes
stoichiometry practice #1 answers,10,0,,guide,stoichiometry/moles,stoichiometry practice,high school,informational,yes
gas stoichiometry practice worksheet answers,10,0,,guide,stoichiometry/moles,stoichiometry practice,high school,informational,yes
stoichiometry practice #1 worksheet answers,10,0,,guide,stoichiometry/moles,stoichiometry practice,high school,informational,yes
chemistry stoichiometry practice worksheet,10,0,,guide,stoichiometry/moles,stoichiometry practice,high school,informational,yes
mass to mass stoichiometry practice problems with answers,10,0,,guide,stoichiometry/moles,stoichiometry practice,high school,informational,yes
practice problems stoichiometry answers,10,0,,guide,stoichiometry/moles,stoichiometry practice,high school,informational,yes
unit 4 benchmark #3 stoichiometry practice answers,10,0,,guide,stoichiometry/moles,stoichiometry practice,high school,informational,yes
stoichiometry practice with answers,10,10,,guide,stoichiometry/moles,stoichiometry practice,high school,informational,yes
stoichiometry practice 4,10,0,,guide,stoichiometry/moles,stoichiometry practice,high school,informational,yes
stoichiometry mole to mole practice worksheet,10,0,,guide,stoichiometry/moles,stoichiometry practice,high school,informational,yes
stoichiometry practice #2,10,0,,guide,stoichiometry/moles,stoichiometry practice,high school,informational,yes
acid-base stoichiometry practice problems,10,10,,guide,stoichiometry/moles,stoichiometry practice,high school,informational,yes
mole concept and stoichiometry practice problems,10,0,,guide,stoichiometry/moles,stoichiometry practice,high school,informational,yes
stoichiometry practice problems pdf with answers,10,10,,guide,stoichiometry/moles,stoichiometry practice,high school,informational,yes
chapter 12 stoichiometry practice problems answer key,10,0,,guide,stoichiometry/moles,stoichiometry practice,high school,informational,yes
stoichiometry practice and answers,10,10,,guide,stoichiometry/moles,stoichiometry practice,high school,informational,yes
stoichiometry practice 1 answer key,10,0,,guide,stoichiometry/moles,stoichiometry practice,high school,informational,yes
reaction stoichiometry practice problems and answers,10,0,,guide,stoichiometry/moles,stoichiometry practice,high school,informational,yes
more stoichiometry practice worksheet answers,10,0,,guide,stoichiometry/moles,stoichiometry practice,high school,informational,yes
pre ap chemistry stoichiometry practice test,10,0,,guide,stoichiometry/moles,stoichiometry practice,high school,informational,yes
stoichiometry mass-volume particle practice answers,10,0,,guide,stoichiometry/moles,stoichiometry practice,high school,informational,yes
stoichiometry 4: mixed problem practice,10,0,,guide,stoichiometry/moles,stoichiometry practice,high school,informational,yes
mixed stoichiometry practice answers,10,0,,guide,stoichiometry/moles,stoichiometry practice,high school,informational,yes
gas stoichiometry practice sheet answers,10,0,,guide,stoichiometry/moles,stoichiometry practice,high school,informational,yes
stoichiometry practice 1 answers,10,0,,guide,stoichiometry/moles,stoichiometry practice,high school,informational,yes
practice test ch 3 stoichiometry answers,10,0,,guide,stoichiometry/moles,stoichiometry practice,high school,informational,yes
chemistry stoichiometry practice mass mass,10,0,,guide,stoichiometry/moles,stoichiometry practice,high school,informational,yes
mass to mass stoichiometry practice,10,10,,guide,stoichiometry/moles,stoichiometry practice,high school,informational,yes
heat stoichiometry practice problems,10,0,,guide,stoichiometry/moles,stoichiometry practice,high school,informational,yes
stoichiometry calculation practice worksheet answers,10,0,,guide,stoichiometry/moles,stoichiometry practice,high school,informational,yes
rice table stoichiometry practice problems,10,0,,guide,stoichiometry/moles,stoichiometry practice,high school,informational,yes
unit 7 stoichiometry mole conversion worksheet mixed practice,10,0,,guide,stoichiometry/moles,stoichiometry practice,high school,informational,yes
gas stoichiometry practice problems with answers,10,10,,guide,stoichiometry/moles,stoichiometry practice,high school,informational,yes
ap chem unit 4 stoichiometry practice,10,0,,guide,stoichiometry/moles,stoichiometry practice,high school,informational,yes
mass mass stoichiometry practice worksheet,10,0,,guide,stoichiometry/moles,stoichiometry practice,high school,informational,yes
stoichiometry practice 2 worksheet,10,0,,guide,stoichiometry/moles,stoichiometry practice,high school,informational,yes
chapter 12 stoichiometry practice problems,10,0,,guide,stoichiometry/moles,stoichiometry practice,high school,informational,yes
stoichiometry practice 1 worksheet,10,0,,guide,stoichiometry/moles,stoichiometry practice,high school,informational,yes
stoichiometry practice worksheet answers chemistry,10,0,,guide,stoichiometry/moles,stoichiometry practice,high school,informational,yes
stoichiometry practice problems answer key,10,0,,guide,stoichiometry/moles,stoichiometry practice,high school,informational,yes
more stoichiometry practice,10,0,,guide,stoichiometry/moles,stoichiometry practice,high school,informational,yes
mass-mass stoichiometry practice worksheet,10,0,,guide,stoichiometry/moles,stoichiometry practice,high school,informational,yes
stoichiometry limiting and excess reactant practice problems,10,10,,guide,stoichiometry/moles,stoichiometry practice,high school,informational,yes
stoichiometry practice worksheet chemfiesta,10,0,,guide,stoichiometry/moles,stoichiometry practice,high school,informational,yes
honors chemistry worksheet 3 stoichiometry practice problems answer key,10,10,,guide,stoichiometry/moles,stoichiometry practice,high school,informational,yes
stoichiometry moles to grams practice problems,10,10,,guide,stoichiometry/moles,stoichiometry practice,high school,informational,yes
stoichiometry mass-volume particle practice answer key,10,0,,guide,stoichiometry/moles,stoichiometry practice,high school,informational,yes
practice problems for stoichiometry with answers,10,0,,guide,stoichiometry/moles,stoichiometry practice,high school,informational,yes
stoichiometry practice problems worksheet answers pdf,10,0,,guide,stoichiometry/moles,stoichiometry practice,high school,informational,yes
stoichiometry practice #1,10,0,,guide,stoichiometry/moles,stoichiometry practice,high school,informational,yes
answer key stoichiometry practice worksheet answers,10,0,,guide,stoichiometry/moles,stoichiometry practice,high school,informational,yes
solutions stoichiometry practice problems,10,10,,guide,stoichiometry/moles,stoichiometry practice,high school,informational,yes
stoichiometry practice problems level 1,10,0,,guide,stoichiometry/moles,stoichiometry practice,high school,informational,yes
stoichiometry practice 1 worksheet answers,10,0,,guide,stoichiometry/moles,stoichiometry practice,high school,informational,yes
acid base stoichiometry practice problems,10,10,,guide,stoichiometry/moles,stoichiometry practice,high school,informational,yes
extra stoichiometry practice worksheet answers,10,0,,guide,stoichiometry/moles,stoichiometry practice,high school,informational,yes
mass-mass stoichiometry practice,10,10,,guide,stoichiometry/moles,stoichiometry practice,high school,informational,yes
gas stoichiometry practice answer key,10,0,,guide,stoichiometry/moles,stoichiometry practice,high school,informational,yes
chemfiesta stoichiometry practice worksheet answers,10,10,,guide,stoichiometry/moles,stoichiometry practice,high school,informational,yes
stoichiometry 4 mixed problem practice,10,10,,guide,stoichiometry/moles,stoichiometry practice,high school,informational,yes
stoichiometry practice problems limiting reactant,10,10,,guide,stoichiometry/moles,stoichiometry practice,high school,informational,yes
stoichiometry practice sheet answers,10,0,,guide,stoichiometry/moles,stoichiometry practice,high school,informational,yes
hard stoichiometry practice problems with answers,10,10,,guide,stoichiometry/moles,stoichiometry practice,high school,informational,yes
stoichiometry practice sheet,10,10,,guide,stoichiometry/moles,stoichiometry practice,high school,informational,yes
stoichiometry mass volume particle practice,10,10,,guide,stoichiometry/moles,stoichiometry practice,high school,informational,yes
unit: stoichiometry practice with mass-mass calcs,10,0,,guide,stoichiometry/moles,stoichiometry practice,high school,informational,yes
moles and stoichiometry practice problems,10,10,,guide,stoichiometry/moles,stoichiometry practice,high school,informational,yes
honors chemistry worksheet 3 stoichiometry practice problems answers,10,10,,guide,stoichiometry/moles,stoichiometry practice,high school,informational,yes
stoichiometry practice problems with solutions pdf,10,10,,guide,stoichiometry/moles,stoichiometry practice,high school,informational,yes
solution stoichiometry practice problems with answers pdf,10,0,,guide,stoichiometry/moles,stoichiometry practice,high school,informational,yes
stoichiometry practice problems 2,10,0,,guide,stoichiometry/moles,stoichiometry practice,high school,informational,yes
stoichiometry practice problems with answers and explanations,10,0,,guide,stoichiometry/moles,stoichiometry practice,high school,informational,yes
ib stoichiometry practice problems,10,0,,guide,stoichiometry/moles,stoichiometry practice,high school,informational,yes
mcat stoichiometry practice,10,0,,guide,stoichiometry/moles,stoichiometry practice,college,informational,yes
volume-volume stoichiometry practice problems,10,10,,guide,stoichiometry/moles,stoichiometry practice,high school,informational,yes
mass mass stoichiometry practice worksheet answers,10,0,,guide,stoichiometry/moles,stoichiometry practice,high school,informational,yes
stoichiometry practice test answers,10,0,,guide,stoichiometry/moles,stoichiometry practice,high school,informational,yes
ap chemistry stoichiometry practice problems with answers,10,0,,guide,stoichiometry/moles,stoichiometry practice,high school,informational,yes
skill practice 37 gas stoichiometry answers,10,0,,guide,stoichiometry/moles,stoichiometry practice,high school,informational,yes
stoichiometry mixed practice worksheet,10,0,,guide,stoichiometry/moles,stoichiometry practice,high school,informational,yes
12 stoichiometry practice problems,10,0,,guide,stoichiometry/moles,stoichiometry practice,high school,informational,yes
basic stoichiometry practice,10,10,,game,stoichiometry/moles,stoichiometry practice,high school,informational,yes
stoichiometry practice 1,10,0,,game,stoichiometry/moles,stoichiometry practice,high school,informational,yes
stoichiometry practice worksheet with answers pdf,10,0,,guide,stoichiometry/moles,stoichiometry practice,high school,informational,yes
stoichiometry mass volume particle practice answer key,10,0,,guide,stoichiometry/moles,stoichiometry practice,high school,informational,yes
solution stoichiometry practice worksheet,10,10,,guide,stoichiometry/moles,stoichiometry practice,high school,informational,yes
mixed stoichiometry practice problems answer key,10,0,,guide,stoichiometry/moles,stoichiometry practice,high school,informational,yes
ideal stoichiometry practice problems,10,10,,game,stoichiometry/moles,stoichiometry practice,high school,informational,yes
stoichiometry practice 2,10,0,,game,stoichiometry/moles,stoichiometry practice,high school,informational,yes
mass to mole stoichiometry practice problems with answers,10,10,,guide,stoichiometry/moles,stoichiometry practice,high school,informational,yes
stoichiometry practice worksheet 2,10,0,,guide,stoichiometry/moles,stoichiometry practice,high school,informational,yes
mass mass stoichiometry practice,10,10,,game,stoichiometry/moles,stoichiometry practice,high school,informational,yes
more stoichiometry practice worksheet,10,0,,guide,stoichiometry/moles,stoichiometry practice,high school,informational,yes
11 3 practice problems continued stoichiometry,10,0,,guide,stoichiometry/moles,stoichiometry practice,high school,informational,yes
basic stoichiometry practice problems with answers,10,10,,guide,stoichiometry/moles,stoichiometry practice,high school,informational,yes
mixed stoichiometry practice problems,10,0,,game,stoichiometry/moles,stoichiometry practice,high school,informational,yes
mass-to mass stoichiometry practice problems with answers,10,0,,guide,stoichiometry/moles,stoichiometry practice,high school,informational,yes
stoichiometry limiting reagent practice,10,10,,game,stoichiometry/moles,stoichiometry practice,high school,informational,yes
stoichiometry practice answers,10,10,,guide,stoichiometry/moles,stoichiometry practice,high school,informational,yes
practice problems stoichiometry answer key,10,0,,guide,stoichiometry/moles,stoichiometry practice,high school,informational,yes
gas stoichiometry practice problems pdf,10,0,,guide,stoichiometry/moles,stoichiometry practice,high school,informational,yes
mole to mole stoichiometry practice problems,10,0,,game,stoichiometry/moles,stoichiometry practice,high school,informational,yes
stoichiometry practice test with answers pdf,10,0,,guide,stoichiometry/moles,stoichiometry practice,high school,informational,yes
practice stoichiometry 1,10,0,,game,stoichiometry/moles,stoichiometry practice,high school,informational,yes
chapter 12 stoichiometry practice problems answers,10,10,,guide,stoichiometry/moles,stoichiometry practice,high school,informational,yes
ap stoichiometry practice problems,10,0,,game,stoichiometry/moles,stoichiometry practice,high school,informational,yes
ap chemistry: solution stoichiometry practice problems,10,0,,game,stoichiometry/moles,stoichiometry practice,high school,informational,yes
practice packet unit 6 moles & stoichiometry answers,10,0,,guide,stoichiometry/moles,stoichiometry practice,high school,informational,yes
mass-mass stoichiometry practice worksheet answers,10,0,,guide,stoichiometry/moles,stoichiometry practice,high school,informational,yes
chapter 9 stoichiometry practice problems answers,10,0,,guide,stoichiometry/moles,stoichiometry practice,high school,informational,yes
general chemistry stoichiometry practice problems,10,10,,game,stoichiometry/moles,stoichiometry practice,college,informational,yes
practice packet unit 6 moles & stoichiometry answer key,10,0,,guide,stoichiometry/moles,stoichiometry practice,high school,informational,yes
moles to moles stoichiometry practice,10,10,,game,stoichiometry/moles,stoichiometry practice,high school,informational,yes
stoichiometry practice problems online,10,10,,game,stoichiometry/moles,stoichiometry practice,high school,informational,yes
stoichiometry practice worksheet answers chemfiesta,10,10,,guide,stoichiometry/moles,stoichiometry practice,high school,informational,yes
stoichiometry practice 3,10,10,,game,stoichiometry/moles,stoichiometry practice,high school,informational,yes
gas stoichiometry practice worksheet,10,0,,guide,stoichiometry/moles,stoichiometry practice,high school,informational,yes
stoichiometry mass volume particle practice answers,10,0,,guide,stoichiometry/moles,stoichiometry practice,high school,informational,yes
stoichiometry practice problems level 2,10,0,,game,stoichiometry/moles,stoichiometry practice,high school,informational,yes
extra stoichiometry practice,10,0,,game,stoichiometry/moles,stoichiometry practice,high school,informational,yes
titration stoichiometry practice problems,10,10,,game,stoichiometry/moles,stoichiometry practice,high school,informational,yes
unit stoichiometry practice with mass-mass calcs,10,0,,game,stoichiometry/moles,stoichiometry practice,high school,informational,yes
stoichiometry practice worksheet key,10,0,,guide,stoichiometry/moles,stoichiometry practice,high school,informational,yes
gravimetric stoichiometry practice problems,10,0,,game,stoichiometry/moles,stoichiometry practice,high school,informational,yes
stoichiometry practice 2 worksheet answers,10,0,,guide,stoichiometry/moles,stoichiometry practice,high school,informational,yes
mixed stoichiometry practice worksheet,10,0,,guide,stoichiometry/moles,stoichiometry practice,high school,informational,yes
stoichiometry practice worksheet 2 answers,10,0,,guide,stoichiometry/moles,stoichiometry practice,high school,informational,yes
chapter 9 stoichiometry practice problems,10,0,,game,stoichiometry/moles,stoichiometry practice,high school,informational,yes
unit stoichiometry practice with mass mass calcs,10,0,,game,stoichiometry/moles,stoichiometry practice,high school,informational,yes
mass to mass stoichiometry practice worksheet,10,0,,guide,stoichiometry/moles,stoichiometry practice,high school,informational,yes
stoichiometry mole to mole practice,10,0,,game,stoichiometry/moles,stoichiometry practice,high school,informational,yes
stoichiometry practice mole to mole,10,10,,game,stoichiometry/moles,stoichiometry practice,high school,informational,yes
ib stoichiometry practice test,10,0,,game,stoichiometry/moles,stoichiometry practice,high school,informational,yes
unit stoichiometry practice with mass mass calcs ws 2a,10,0,,game,stoichiometry/moles,stoichiometry practice,high school,informational,yes
solution stoichiometry practice problems with answers,10,10,,guide,stoichiometry/moles,stoichiometry practice,high school,informational,yes
stoichiometry practice worksheet answer key,10,0,,guide,stoichiometry/moles,stoichiometry practice,high school,informational,yes
stoichiometry practice mole-mass,10,0,,game,stoichiometry/moles,stoichiometry practice,high school,informational,yes
mole to-mole stoichiometry practice problems with answers pdf,10,0,,guide,stoichiometry/moles,stoichiometry practice,high school,informational,yes
stoichiometry guided practice,10,0,,game,stoichiometry/moles,stoichiometry practice,high school,informational,yes
11-2 practice problems stoichiometry,10,0,,game,stoichiometry/moles,stoichiometry practice,high school,informational,yes
chemistry stoichiometry practice mole mass,10,0,,game,stoichiometry/moles,stoichiometry practice,high school,informational,yes
stoichiometry practice worksheet 3,10,0,,guide,stoichiometry/moles,stoichiometry practice,high school,informational,yes
chemfiesta stoichiometry practice worksheet,10,0,,guide,stoichiometry/moles,stoichiometry practice,high school,informational,yes
stoichiometry practice worksheet pdf,10,10,,guide,stoichiometry/moles,stoichiometry practice,high school,informational,yes
gas stoichiometry practice answers,10,0,,guide,stoichiometry/moles,stoichiometry practice,high school,informational,yes
practice problems mole conversion,10,10,,game,stoichiometry/moles,mole conversion practice,high school,informational,yes
skill practice 39 mole conversion practice,10,0,,game,stoichiometry/moles,mole conversion practice,high school,informational,yes
mole conversion worksheet mixed practice,10,0,,guide,stoichiometry/moles,mole conversion practice,high school,informational,yes
mole conversion practice problems worksheet,10,0,,guide,stoichiometry/moles,mole conversion practice,high school,informational,yes
gram to mole conversion practice problems,10,0,,game,stoichiometry/moles,mole conversion practice,high school,informational,yes
mole conversion practice with answers,10,0,,guide,stoichiometry/moles,mole conversion practice,high school,informational,yes
mole to gram conversion practice,10,0,,game,stoichiometry/moles,mole conversion practice,high school,informational,yes
mole conversion practice problems answer key,10,0,,guide,stoichiometry/moles,mole conversion practice,high school,informational,yes
skill practice 30 mole conversion practice,10,0,,game,stoichiometry/moles,mole conversion practice,high school,informational,yes
mole conversion practice worksheet answers,10,0,,guide,stoichiometry/moles,mole conversion practice,high school,informational,yes
chemistry mole conversion practice problems worksheet with answers,10,0,,guide,stoichiometry/moles,mole conversion practice,high school,informational,yes
mole conversion practice worksheet answer key,10,0,,guide,stoichiometry/moles,mole conversion practice,high school,informational,yes
mole conversion practice answer key,10,0,,guide,stoichiometry/moles,mole conversion practice,high school,informational,yes
mole conversion practice answers,10,0,,guide,stoichiometry/moles,mole conversion practice,high school,informational,yes
mole to gram conversion practice worksheet answers,10,0,,guide,stoichiometry/moles,mole conversion practice,high school,informational,yes
mole conversion practice skill practice 30,10,0,,game,stoichiometry/moles,mole conversion practice,high school,informational,yes
tips to study organic chemistry,10,0,,blog,organic,chemistry study tips blog,high school,informational,yes
study tips for chemistry students,10,10,,blog,general chemistry,chemistry study tips blog,high school,informational,yes
tips on how to study chemistry,10,0,,blog,general chemistry,chemistry study tips blog,high school,informational,yes
tips to study chemistry,10,0,,blog,general chemistry,chemistry study tips blog,high school,informational,yes
best study tips for chemistry,10,10,,blog,general chemistry,chemistry study tips blog,high school,informational,yes
how to study organic chemistry easily,10,0,,blog,organic,chemistry study tips blog,high school,informational,yes
how to study for a chemistry lab practical,10,0,,blog,lab safety,chemistry study tips blog,high school,informational,yes
how to study for ap chemistry class,10,0,,blog,general chemistry,chemistry study tips blog,high school,informational,yes
how to study organic chemistry in one day,10,10,,blog,organic,chemistry study tips blog,high school,informational,yes
how to study medicinal chemistry easily,10,0,,blog,organic,chemistry study tips blog,college,informational,yes
how to study for an organic chemistry final,10,10,,blog,organic,chemistry study tips blog,high school,informational,yes
how to study for organic chemistry 1 final,10,0,,blog,organic,chemistry study tips blog,high school,informational,yes
how to study chemistry in university,10,10,,blog,general chemistry,chemistry study tips blog,college,informational,yes
how to study for neet chemistry,10,0,,blog,general chemistry,chemistry study tips blog,high school,informational,yes
how to study organic chemistry class 12 cbse,10,0,,blog,organic,chemistry study tips blog,high school,informational,yes
how to study organic chemistry class 12,10,10,,blog,organic,chemistry study tips blog,high school,informational,yes
how to study for chemistry exam in one day,10,10,,blog,general chemistry,chemistry study tips blog,high school,informational,yes
how to study for ib chemistry exam,10,0,,blog,general chemistry,chemistry study tips blog,high school,informational,yes
how to study for chemistry mcat reddit,10,0,,blog,general chemistry,chemistry study tips blog,college,informational,yes
how to study analytical chemistry,10,10,,blog,general chemistry,chemistry study tips blog,college,informational,yes
how many general reasons are given to study chemistry,10,0,,blog,general chemistry,chemistry study tips blog,general,informational,yes
how to self study for ap chemistry,10,0,,blog,general chemistry,chemistry study tips blog,high school,informational,yes
how to study reactions in organic chemistry,10,0,,blog,organic,chemistry study tips blog,college,informational,yes
how many years to study chemistry,10,10,,blog,general chemistry,chemistry study tips blog,general,informational,yes
how to study organic chemistry for mcat,10,0,,blog,organic,chemistry study tips blog,college,informational,yes
how to self-study for ap chemistry,10,0,,blog,general chemistry,chemistry study tips blog,high school,informational,yes
how to study chemistry equations,10,0,,blog,balancing equations,chemistry study tips blog,high school,informational,yes
how to study inorganic chemistry for neet,10,0,,blog,general chemistry,chemistry study tips blog,high school,informational,yes
how to study for chemistry reddit,10,10,,blog,general chemistry,chemistry study tips blog,general,informational,yes
how to study for a chemistry test in one day,10,10,,blog,general chemistry,chemistry study tips blog,high school,informational,yes
how to study chemistry faster,10,10,,blog,general chemistry,chemistry study tips blog,general,informational,yes
how to study organic chemistry reddit,10,10,,blog,organic,chemistry study tips blog,college,informational,yes
how to study class 11 chemistry,10,10,,blog,general chemistry,chemistry study tips blog,high school,informational,yes
how to study physical chemistry,10,10,,blog,general chemistry,chemistry study tips blog,college,informational,yes
how to easily study chemistry,10,10,,blog,general chemistry,chemistry study tips blog,general,informational,yes
how to study for acs organic chemistry,10,0,,blog,organic,chemistry study tips blog,college,informational,yes
how to study for chemistry final exam,10,0,,blog,general chemistry,chemistry study tips blog,high school,informational,yes
how to study some basic concepts of chemistry,10,0,,blog,general chemistry,chemistry study tips blog,high school,informational,yes
how to study physics and chemistry for neet,10,0,,blog,general chemistry,chemistry study tips blog,high school,informational,yes
how to study for chemistry midterm,10,0,,blog,general chemistry,chemistry study tips blog,high school,informational,yes
how to study organic chemistry last minute,10,0,,blog,organic,chemistry study tips blog,college,informational,yes
how is the study of chemistry related to biology,10,0,,blog,general chemistry,chemistry study tips blog,high school,informational,yes
how to study organic chemistry for jee mains,10,0,,blog,organic,chemistry study tips blog,high school,informational,yes
how to study chemistry for beginners,10,10,,blog,general chemistry,chemistry study tips blog,general,informational,yes
1.4 how to study chemistry section review,10,0,,guide,general chemistry,chemistry study tips blog,general,informational,yes
how to study for the acs general chemistry 2 exam,10,0,,blog,general chemistry,chemistry study tips blog,college,informational,yes
how to study block chemistry for jee,10,0,,blog,general chemistry,chemistry study tips blog,high school,informational,yes
how to study for a chemistry lab exam,10,10,,blog,general chemistry,chemistry study tips blog,college,informational,yes
how to study chemistry class 9,10,0,,blog,general chemistry,chemistry study tips blog,middle school,informational,yes
how to study chemistry pdf,10,0,,blog,general chemistry,chemistry study tips blog,general,informational,yes
how long does it take to study chemistry,10,10,,blog,general chemistry,chemistry study tips blog,general,informational,yes
how to study for physical chemistry,10,10,,blog,general chemistry,chemistry study tips blog,college,informational,yes
how to study for chemistry lab exam,10,0,,blog,general chemistry,chemistry study tips blog,college,informational,yes
how to study for the chemistry regents,10,0,3.64,blog,general chemistry,chemistry study tips blog,high school,informational,yes
how to study for chemistry exam in 2 days,10,10,,blog,general chemistry,chemistry study tips blog,high school,informational,yes
how to study for o level chemistry,10,0,,blog,general chemistry,chemistry study tips blog,high school,informational,yes
how to study for sat chemistry,10,0,,blog,general chemistry,chemistry study tips blog,high school,informational,yes
how to study chemistry at home,10,10,,blog,general chemistry,chemistry study tips blog,general,informational,yes
how to study chemistry online,10,10,,blog,general chemistry,chemistry study tips blog,general,informational,yes
how to study for the chemistry gre,10,0,,blog,general chemistry,chemistry study tips blog,college,informational,yes
how to study physics and chemistry,10,10,,blog,general chemistry,chemistry study tips blog,high school,informational,yes
how to study chemistry class 11,10,10,,blog,general chemistry,chemistry study tips blog,high school,informational,yes
how to study for ib chemistry hl,10,10,,blog,general chemistry,chemistry study tips blog,high school,informational,yes
how to study organic chemistry in 2 days,10,0,,blog,organic,chemistry study tips blog,college,informational,yes
how to study chemistry equations easily,10,10,,blog,balancing equations,chemistry study tips blog,high school,informational,yes
how to effectively study chemistry,10,10,,blog,general chemistry,chemistry study tips blog,general,informational,yes
how to study chemistry like a pro,10,0,,blog,general chemistry,chemistry study tips blog,general,informational,yes
how to study mechanisms for organic chemistry,10,0,,guide,organic,chemistry study tips blog,college,informational,yes
how to study for organic chemistry acs exam,10,0,,blog,organic,chemistry study tips blog,college,informational,yes
how to study inorganic chemistry,10,10,,blog,general chemistry,chemistry study tips blog,college,informational,yes
how to study a level chemistry,10,10,,blog,general chemistry,chemistry study tips blog,high school,informational,yes
how to start study chemistry,10,10,,blog,general chemistry,chemistry study tips blog,high school,informational,yes
how to study chemistry spm,10,0,,blog,general chemistry,chemistry study tips blog,high school,informational,yes
how to study for honors chemistry,10,10,,blog,general chemistry,chemistry study tips blog,high school,informational,yes
how to study for chemistry igcse,10,0,,blog,general chemistry,chemistry study tips blog,high school,informational,yes
how to study organic chemistry for jee,10,0,,blog,organic,chemistry study tips blog,college,informational,yes
how to study for inorganic chemistry,10,0,,blog,general chemistry,chemistry study tips blog,college,informational,yes
how to study chemistry well,10,0,,blog,general chemistry,chemistry study tips blog,high school,informational,yes
how to study for chemistry hsc,10,10,,blog,general chemistry,chemistry study tips blog,high school,informational,yes
how to study for ap chemistry reddit,10,0,,blog,general chemistry,chemistry study tips blog,high school,informational,yes
how to study for chemistry practical,10,10,,blog,lab safety,chemistry study tips blog,high school,informational,yes
how to study quantum chemistry,10,10,,blog,general chemistry,chemistry study tips blog,college,informational,yes
how to effectively study organic chemistry,10,10,,blog,organic,chemistry study tips blog,college,informational,yes
how to study chemistry in one day,10,10,,blog,general chemistry,chemistry study tips blog,high school,informational,yes
how to study organic chemistry reactions,10,0,,blog,organic,chemistry study tips blog,college,informational,yes
how to study for an organic chemistry exam,10,0,,blog,organic,chemistry study tips blog,college,informational,yes
how to study chemistry reddit,10,10,,blog,general chemistry,chemistry study tips blog,high school,informational,yes
how to study physical chemistry for neet,10,0,,blog,general chemistry,chemistry study tips blog,college,informational,yes
how to study chemistry class 12 in 3 days,10,0,,blog,general chemistry,chemistry study tips blog,high school,informational,yes
how to study for organic chemistry 2 final,10,0,,blog,organic,chemistry study tips blog,college,informational,yes
how to study chemistry one day before exam,10,10,,blog,general chemistry,chemistry study tips blog,high school,informational,yes
how to study ncert chemistry for neet,10,0,,blog,general chemistry,chemistry study tips blog,college,informational,yes
how to study chemistry class 12,10,10,,blog,general chemistry,chemistry study tips blog,high school,informational,yes
how to study chemistry one night before exam,10,10,,blog,general chemistry,chemistry study tips blog,high school,informational,yes
how to study chemistry before exam,10,0,,blog,general chemistry,chemistry study tips blog,high school,informational,yes
how to study physical chemistry for jee,10,0,,blog,general chemistry,chemistry study tips blog,college,informational,yes
how to study organic chemistry mechanisms,10,0,,blog,organic,chemistry study tips blog,college,informational,yes
how to study chemistry in class 12,10,10,,blog,general chemistry,chemistry study tips blog,high school,informational,yes
how to study for a chemistry placement test,10,0,,blog,general chemistry,chemistry study tips blog,college,informational,yes
how to study chemistry in one night,10,10,,blog,general chemistry,chemistry study tips blog,high school,informational,yes
how to study engineering chemistry,10,0,,blog,general chemistry,chemistry study tips blog,college,informational,yes
how to study last minute for chemistry,10,10,,blog,general chemistry,chemistry study tips blog,high school,informational,yes
how to study for ib chemistry,10,10,,blog,general chemistry,chemistry study tips blog,high school,informational,yes
how to study chemistry in 2 days,10,0,,blog,general chemistry,chemistry study tips blog,high school,informational,yes
how to study chemistry a level,10,10,,blog,general chemistry,chemistry study tips blog,high school,informational,yes
how to study medicinal chemistry in pharmacy,10,0,,blog,organic,chemistry study tips blog,college,informational,yes
how to study for a cumulative chemistry final,10,0,,blog,general chemistry,chemistry study tips blog,high school,informational,yes
how to study chemistry in 3 days,10,10,,blog,general chemistry,chemistry study tips blog,high school,informational,yes
how to study for chemistry o level,10,0,,blog,general chemistry,chemistry study tips blog,high school,informational,yes
how to study for hsc chemistry,10,10,,blog,general chemistry,chemistry study tips blog,high school,informational,yes
how to study chemistry properly,10,10,,blog,general chemistry,chemistry study tips blog,high school,informational,yes
how to study pharmaceutical chemistry,10,10,,blog,general chemistry,chemistry study tips blog,college,informational,yes
how to study chemistry wikihow,10,10,,blog,general chemistry,chemistry study tips blog,general,informational,yes
how to study chemistry fast,10,10,,blog,general chemistry,chemistry study tips blog,high school,informational,yes
how to study chemistry from basic,10,0,,blog,general chemistry,chemistry study tips blog,high school,informational,yes
organic chemistry how to study,10,10,,blog,organic,chemistry study tips blog,college,informational,yes
how to study ib chemistry,10,10,,blog,general chemistry,chemistry study tips blog,high school,informational,yes
inorganic chemistry how to study,10,0,,blog,general chemistry,chemistry study tips blog,college,informational,yes
how to study chemistry from scratch,10,10,,blog,general chemistry,chemistry study tips blog,general,informational,yes
how to study for chemistry olympiad,10,10,,blog,general chemistry,chemistry study tips blog,high school,informational,yes
how to study for acs chemistry 2 exam,10,0,,blog,general chemistry,chemistry study tips blog,college,informational,yes
how to study for a chemistry midterm,10,0,,blog,general chemistry,chemistry study tips blog,high school,informational,yes
how to study chemistry last minute,10,10,,blog,general chemistry,chemistry study tips blog,high school,informational,yes
how to study for organic chemistry reddit,10,0,,blog,organic,chemistry study tips blog,college,informational,yes
how to study chemistry on your own,10,10,,blog,general chemistry,chemistry study tips blog,general,informational,yes
how to study chemistry igcse,10,0,,blog,general chemistry,chemistry study tips blog,high school,informational,yes
how to study chemistry o level,10,0,,blog,general chemistry,chemistry study tips blog,high school,informational,yes
how to study for a chemistry final exam,10,0,,blog,general chemistry,chemistry study tips blog,high school,informational,yes
how to study chemistry efficiently,10,10,,blog,general chemistry,chemistry study tips blog,general,informational,yes
how did alchemists contribute to the modern study of chemistry,10,10,,guide,general chemistry,chemistry cheat sheet,high school,informational,yes
how to study chemistry easily,10,10,,blog,general chemistry,chemistry study tips blog,general,informational,yes
how to study organic chemistry neet,10,10,,blog,organic,chemistry study tips blog,high school,informational,yes
how to study chemistry in class 11,10,10,2.53,blog,general chemistry,chemistry study tips blog,high school,informational,yes
how to study for organic chemistry exam,10,0,,blog,organic,chemistry study tips blog,college,informational,yes
how to study for mcat chemistry,10,0,,blog,general chemistry,chemistry study tips blog,college,informational,yes
how to study equations in chemistry,10,10,,blog,balancing equations,chemistry study tips blog,high school,informational,yes
how to study chemistry for class 10 icse,10,0,,blog,general chemistry,chemistry study tips blog,high school,informational,yes
how to study for chemistry placement test,10,0,,blog,general chemistry,chemistry study tips blog,college,informational,yes
how organic chemistry is important to study,10,0,,blog,organic,chemistry study tips blog,high school,informational,yes
how to study chemistry class 10 icse,10,0,,blog,general chemistry,chemistry study tips blog,high school,informational,yes
how to study for ib chemistry sl,10,10,,blog,general chemistry,chemistry study tips blog,high school,informational,yes
how to study chemistry class 10,10,10,,blog,general chemistry,chemistry study tips blog,high school,informational,yes
how to study chemistry for class 12,10,10,,blog,general chemistry,chemistry study tips blog,high school,informational,yes
how to chemistry study,10,0,,blog,general chemistry,chemistry study tips blog,general,informational,yes
how to study chemistry for neet,10,0,,blog,general chemistry,chemistry study tips blog,high school,informational,yes
chemistry activities for elementary students,10,0,2.06,blog,general chemistry,chemistry games for high school,middle school,informational,yes
chemistry 1 worksheets,10,10,,guide,general chemistry,chemistry worksheets,high school,informational,yes
chemistry valency worksheets,10,10,,guide,chemical formulas/naming,chemistry worksheets,high school,informational,yes
ib chemistry sl worksheets,10,10,,guide,general chemistry,chemistry worksheets,high school,informational,yes
nuclear chemistry worksheets with answers,10,0,,guide,atomic structure,chemistry worksheets,high school,informational,yes
chemistry homework worksheets,10,0,,guide,general chemistry,chemistry worksheets,high school,informational,yes
john erickson chemistry worksheets,10,10,,guide,general chemistry,chemistry worksheets,high school,informational,yes
icse class 9 chemistry worksheets,10,0,,guide,general chemistry,chemistry worksheets,high school,informational,yes
john erickson 2005 chemistry worksheets,10,10,,guide,general chemistry,chemistry worksheets,high school,informational,yes
chemistry of natural substances organic chemistry worksheets,10,10,,guide,organic,chemistry worksheets,college,informational,yes
chemistry worksheets answers,10,10,1.01,guide,general chemistry,chemistry worksheets,high school,informational,yes
free printable chemistry worksheets,10,10,,guide,general chemistry,chemistry worksheets,teacher,informational,yes
igcse chemistry worksheets,10,10,,guide,general chemistry,chemistry worksheets,high school,informational,yes
language of chemistry worksheets,10,0,,guide,general chemistry,chemistry worksheets,high school,informational,yes
year 8 chemistry worksheets,10,10,,guide,general chemistry,chemistry worksheets,middle school,informational,yes
chemistry lab worksheets,10,10,,guide,lab safety,chemistry worksheets,high school,informational,yes
year 11 chemistry worksheets,10,10,,guide,general chemistry,chemistry worksheets,high school,informational,yes
unit 11 worksheets solution chemistry answers,10,0,,guide,general chemistry,chemistry worksheets,high school,informational,yes
ap chemistry worksheets answers,10,0,,guide,general chemistry,chemistry worksheets,high school,informational,yes
john erickson chemistry worksheets answers,10,0,,guide,general chemistry,chemistry worksheets,high school,informational,yes
integrated chemistry and physics worksheets,10,0,,guide,general chemistry,chemistry worksheets,high school,informational,yes
basic chemistry worksheets with answers pdf,10,10,,guide,general chemistry,chemistry worksheets,high school,informational,yes
language of chemistry class 8 icse worksheets,10,0,,guide,general chemistry,chemistry worksheets,middle school,informational,yes
class 11 chemistry worksheets,10,0,,guide,general chemistry,chemistry worksheets,high school,informational,yes
modeling chemistry worksheets,10,0,,guide,general chemistry,chemistry worksheets,high school,informational,yes
world of chemistry video worksheets,10,0,,guide,general chemistry,chemistry worksheets,high school,informational,yes
chemistry worksheets a level,10,10,,guide,general chemistry,chemistry worksheets,high school,informational,yes
basic chemistry worksheets with answers,10,0,,guide,general chemistry,chemistry worksheets,high school,informational,yes
chemistry math problems worksheets,10,0,,guide,stoichiometry/moles,chemistry worksheets,high school,informational,yes
chemistry of natural substances organic chemistry worksheets answers,10,10,,guide,organic,chemistry worksheets,college,informational,yes
chemistry ks3 worksheets,10,10,,guide,general chemistry,chemistry worksheets,middle school,informational,yes
organic chemistry tutor worksheets,10,10,,guide,organic,chemistry worksheets,college,informational,yes
ks3 chemistry worksheets,10,10,,guide,general chemistry,chemistry worksheets,middle school,informational,yes
holt chemistry worksheets,10,0,,guide,general chemistry,chemistry worksheets,high school,informational,yes
south pasadena ap chemistry worksheets answers,10,0,,guide,general chemistry,chemistry worksheets,high school,informational,yes
world of chemistry video worksheets answers,10,0,,guide,general chemistry,chemistry worksheets,high school,informational,yes
introduction to chemistry class 6 icse worksheets,10,0,,guide,general chemistry,chemistry worksheets,middle school,informational,yes
organic chemistry practice worksheets,10,10,,guide,organic,chemistry worksheets,college,informational,yes
beginning chemistry worksheets,10,10,,guide,general chemistry,chemistry worksheets,high school,informational,yes
worksheets for organic chemistry worksheet 1 alkanes answers,10,10,,guide,organic,chemistry worksheets,college,informational,yes
chemistry extra credit worksheets,10,0,,guide,general chemistry,chemistry worksheets,high school,informational,yes
basic chemistry worksheets for biology,10,0,,guide,general chemistry,chemistry worksheets,high school,informational,yes
language of chemistry class 7 worksheets,10,0,,guide,general chemistry,chemistry worksheets,middle school,informational,yes
chemistry 11 worksheets,10,10,,guide,general chemistry,chemistry worksheets,high school,informational,yes
iupac nomenclature of organic chemistry worksheets,10,0,,guide,organic,naming compounds practice,college,informational,yes
world of chemistry worksheets,10,0,,guide,general chemistry,chemistry worksheets,high school,informational,yes
chemistry worksheets and answers,10,10,1.01,guide,general chemistry,chemistry worksheets,high school,informational,yes
chemistry puzzles worksheets,10,10,,game,general chemistry,chemistry worksheets,high school,informational,yes
physical chemistry worksheets,10,0,,guide,general chemistry,chemistry worksheets,college,informational,yes
chemistry 101 worksheets,10,0,,guide,general chemistry,chemistry worksheets,college,informational,yes
chemistry conversion worksheets with answers,10,0,,guide,stoichiometry/moles,chemistry worksheets,high school,informational,yes
modern chemistry worksheets,10,10,,guide,general chemistry,chemistry worksheets,high school,informational,yes
ap chemistry topic worksheets,10,0,,guide,general chemistry,chemistry worksheets,high school,informational,yes
chemistry in the community worksheets,10,0,,guide,general chemistry,chemistry worksheets,high school,informational,yes
free chemistry worksheets with answers,10,0,,guide,general chemistry,chemistry worksheets,high school,informational,yes
burlingame panthers chemistry worksheets answers,10,0,,guide,general chemistry,chemistry worksheets,high school,informational,yes
icse class 6 chemistry worksheets,10,0,,guide,general chemistry,chemistry worksheets,middle school,informational,yes
chemistry coloring worksheets,10,10,,game,general chemistry,chemistry worksheets,middle school,informational,yes
chemistry worksheets ks3,10,10,,guide,general chemistry,chemistry worksheets,middle school,informational,yes
chemistry class 7 icse worksheets,10,0,,guide,general chemistry,chemistry worksheets,middle school,informational,yes
ib chemistry worksheets,10,10,,guide,general chemistry,chemistry worksheets,high school,informational,yes
chemistry reading comprehension worksheets pdf,10,0,,guide,general chemistry,chemistry worksheets,high school,informational,yes
organic chemistry worksheets nomenclature,10,0,,guide,organic,naming compounds practice,college,informational,yes
as chemistry worksheets,10,0,,guide,general chemistry,chemistry worksheets,high school,informational,yes
year 9 chemistry worksheets pdf,10,10,,guide,general chemistry,chemistry worksheets,middle school,informational,yes
chemistry puzzle worksheets,10,10,,guide,general chemistry,chemistry worksheets,high school,informational,yes
instructional fair chemistry worksheets,10,0,,guide,general chemistry,chemistry worksheets,high school,informational,yes
language of chemistry class 9 icse worksheets,10,0,,guide,general chemistry,chemistry worksheets,high school,informational,yes
glencoe chemistry worksheets,10,0,,guide,general chemistry,chemistry worksheets,high school,informational,yes
chemistry a level worksheets,10,10,,guide,general chemistry,chemistry worksheets,college,informational,yes
quantitative chemistry worksheets,10,10,,guide,stoichiometry/moles,stoichiometry practice,high school,informational,yes
general chemistry 2 worksheets,10,10,,guide,general chemistry,chemistry worksheets,college,informational,yes
esl chemistry worksheets,10,0,,guide,general chemistry,chemistry worksheets,high school,informational,yes
inorganic chemistry worksheets,10,10,,guide,general chemistry,chemistry worksheets,college,informational,yes
regents chemistry worksheets and answers,10,0,,guide,general chemistry,chemistry worksheets,high school,informational,yes
language of chemistry class 7 icse worksheets,10,10,,guide,general chemistry,chemistry worksheets,middle school,informational,yes
unit 10 worksheets solution chemistry,10,0,,guide,general chemistry,chemistry worksheets,high school,informational,yes
chemistry data analysis worksheets,10,0,,guide,general chemistry,chemistry worksheets,high school,informational,yes
gcse chemistry worksheets pdf,10,0,,guide,general chemistry,chemistry worksheets,high school,informational,yes
pre ap chemistry worksheets,10,0,,guide,general chemistry,chemistry worksheets,high school,informational,yes
chemistry year 7 worksheets,10,10,,guide,general chemistry,chemistry worksheets,middle school,informational,yes
class 8 icse chemistry worksheets,10,0,,guide,general chemistry,chemistry worksheets,middle school,informational,yes
chemistry nomenclature worksheets,10,0,,guide,chemical formulas/naming,naming compounds practice,high school,informational,yes
year 7 chemistry worksheets pdf,10,10,,guide,general chemistry,chemistry worksheets,middle school,informational,yes
chemistry for beginners worksheets,10,10,,guide,general chemistry,chemistry worksheets,middle school,informational,yes
online chemistry worksheets,10,10,,game,general chemistry,chemistry games for high school,high school,informational,yes
year 9 chemistry worksheets,10,10,,guide,general chemistry,chemistry worksheets,high school,informational,yes
general chemistry worksheets and answers,10,10,1.24,guide,general chemistry,chemistry worksheets,high school,informational,yes
beginner chemistry worksheets,10,10,,guide,general chemistry,chemistry worksheets,middle school,informational,yes
chemistry worksheets year 11,10,10,,guide,general chemistry,chemistry worksheets,high school,informational,yes
elementary chemistry worksheets,10,0,,guide,general chemistry,chemistry worksheets,middle school,informational,yes
regents chemistry worksheets,10,0,,guide,general chemistry,chemistry worksheets,high school,informational,yes
chemistry notes and worksheets,10,0,,guide,general chemistry,chemistry worksheets,high school,informational,yes
chemistry worksheets with answer key,10,0,,guide,general chemistry,chemistry worksheets,high school,informational,yes
special education chemistry worksheets,10,0,,guide,general chemistry,chemistry worksheets,teacher,informational,yes
chemistry 10 worksheets,10,0,,guide,general chemistry,chemistry worksheets,high school,informational,yes
igcse chemistry moles worksheets,10,0,,guide,stoichiometry/moles,stoichiometry practice,high school,informational,yes
chemistry videos with worksheets,10,0,,guide,general chemistry,chemistry worksheets,high school,informational,yes
icse class 8 chemistry worksheets,10,0,,guide,general chemistry,chemistry worksheets,middle school,informational,yes
a level chemistry worksheets,10,10,,guide,general chemistry,chemistry worksheets,college,informational,yes
year 10 chemistry worksheets,10,10,,guide,general chemistry,chemistry worksheets,high school,informational,yes
fun chemistry worksheets pdf,10,10,,guide,general chemistry,chemistry worksheets,middle school,informational,yes
year 8 chemistry worksheets pdf,10,10,,guide,general chemistry,chemistry worksheets,middle school,informational,yes
chemistry worksheets with answers,10,10,1.01,guide,general chemistry,chemistry worksheets with answers,high school,informational,yes
introductory chemistry worksheets,10,0,,guide,general chemistry,chemistry worksheets with answers,high school,informational,yes
ap chemistry practice worksheets,10,0,,guide,general chemistry,chemistry worksheets with answers,high school,informational,yes
chemistry activity worksheets,10,0,,guide,general chemistry,chemistry worksheets with answers,high school,informational,yes
year 7 chemistry worksheets,10,10,,guide,general chemistry,chemistry worksheets with answers,middle school,informational,yes
chemistry 20 worksheets,10,0,,guide,general chemistry,chemistry worksheets with answers,high school,informational,yes
igcse chemistry worksheets with answers pdf,10,10,,guide,general chemistry,chemistry worksheets with answers,high school,informational,yes
chemistry reading comprehension worksheets,10,0,,guide,general chemistry,chemistry worksheets with answers,high school,informational,yes
chemistry corner worksheets,10,10,,guide,general chemistry,chemistry worksheets with answers,high school,informational,yes
gcse chemistry revision worksheets,10,0,,guide,general chemistry,chemistry worksheets with answers,high school,informational,yes
chemistry naming worksheets,10,0,,guide,chemical formulas/naming,naming compounds practice,high school,informational,yes
ap chemistry worksheets with answers,10,0,,guide,general chemistry,chemistry worksheets with answers,high school,informational,yes
chemistry practice worksheets with answers,10,10,,guide,general chemistry,chemistry worksheets with answers,high school,informational,yes
introduction to chemistry class 6 icse worksheets pdf,10,0,,guide,general chemistry,chemistry worksheets with answers,middle school,informational,yes
virtual titration lab simulation,10,0,,game,acids & bases,acid-base titration simulation,high school,informational,yes
titration experiment simulation,10,10,,game,acids & bases,acid-base titration simulation,high school,informational,yes
acid base titration simulation lab,10,0,,game,acids & bases,acid-base titration simulation,high school,informational,yes
ph titration simulation,10,10,,game,acids & bases,acid-base titration simulation,high school,informational,yes
virtual titration simulation,10,10,,game,acids & bases,acid-base titration simulation,high school,informational,yes
acid base titration computer simulation,10,0,,game,acids & bases,acid-base titration simulation,high school,informational,yes
acid-base titration computer simulation,10,0,,game,acids & bases,acid-base titration simulation,high school,informational,yes
titration simulation worksheet,10,0,,guide,acids & bases,acid-base titration simulation,high school,informational,yes
redox titration simulation,10,10,,game,acids & bases,acid-base titration simulation,high school,informational,yes
titration simulation free,10,10,,game,acids & bases,acid-base titration simulation,high school,informational,yes
lewis structure practice organic chemistry,10,0,,game,bonding,lewis structure practice,high school,informational,yes
lewis structure practice problems worksheet,10,0,,guide,bonding,lewis structure practice,high school,informational,yes
lewis dot structure practice answer key,10,0,,guide,bonding,lewis structure practice,high school,informational,yes
lewis structure and resonance practice,10,10,,game,bonding,lewis structure practice,high school,informational,yes
lewis structure compounds practice,10,10,,game,bonding,lewis structure practice,high school,informational,yes
lewis structure organic chemistry practice,10,0,,game,bonding,lewis structure practice,college,informational,yes
lewis structure with formal charge practice,10,10,,game,bonding,lewis structure practice,high school,informational,yes
expanded octet lewis structure practice,10,10,,game,bonding,lewis structure practice,high school,informational,yes
lewis structure formal charge practice,10,10,,game,bonding,lewis structure practice,high school,informational,yes
lewis dot structure and formal charge practice problems,10,0,,game,bonding,lewis structure practice,high school,informational,yes
lewis structure practice quiz,10,0,,game,atomic structure,lewis structure practice,high school,informational,yes
polyatomic ion lewis structure practice,10,10,,game,atomic structure,lewis structure practice,high school,informational,yes
lewis structure practice worksheet 1,10,0,,guide,atomic structure,lewis structure practice,high school,informational,yes
formal charge lewis structure practice,10,10,,guide,atomic structure,lewis structure practice,high school,informational,yes
electron dot lewis structure practice sheet answers,10,10,,guide,atomic structure,lewis structure practice,high school,informational,yes
double bond lewis structure practice,10,0,,guide,atomic structure,lewis structure practice,high school,informational,yes
ionic lewis dot structure practice,10,10,,guide,atomic structure,lewis structure practice,high school,informational,yes
lewis structure practice with formal charge,10,0,,guide,atomic structure,lewis structure practice,high school,informational,yes
lewis dot structure practice organic chemistry,10,0,,guide,organic,lewis structure practice,college,informational,yes
lewis structure chemistry practice problems,10,0,,guide,atomic structure,lewis structure practice,high school,informational,yes
practice these lewis structure on your own,10,0,,guide,atomic structure,lewis structure practice,high school,informational,yes
lewis structure geometry practice,10,10,,guide,bonding,lewis structure practice,high school,informational,yes
lewis structure resonance practice,10,10,,guide,atomic structure,lewis structure practice,high school,informational,yes
lewis structure and molecular geometry practice,10,0,,guide,bonding,lewis structure practice,high school,informational,yes
lewis dot structure online practice,10,0,,game,atomic structure,lewis structure practice,high school,informational,yes
polyatomic ions lewis structure practice,10,10,,guide,atomic structure,lewis structure practice,high school,informational,yes
electron dot lewis structure practice sheet answer key,10,0,,guide,atomic structure,lewis structure practice,high school,informational,yes
lewis structure and formal charge practice,10,0,,guide,atomic structure,lewis structure practice,high school,informational,yes
ionic compound lewis structure practice,10,10,,guide,atomic structure,lewis structure practice,high school,informational,yes
chemistry lewis dot structure practice answer key,10,0,,guide,atomic structure,lewis structure practice,high school,informational,yes
lewis structure and formal charge practice problems,10,0,,guide,atomic structure,lewis structure practice,high school,informational,yes
lewis structure practice hard,10,0,,guide,atomic structure,lewis structure practice,college,informational,yes
chemistry lewis dot structure practice worksheet,10,0,,guide,atomic structure,lewis structure practice,high school,informational,yes
lewis structure and vsepr practice,10,0,1.78,guide,bonding,lewis structure practice,high school,informational,yes
basic lewis structure practice,10,10,,guide,atomic structure,lewis structure practice,high school,informational,yes
interactive lewis dot structure practice,10,10,,game,atomic structure,lewis structure practice,high school,informational,yes
lewis structure online practice,10,10,,game,atomic structure,lewis structure practice,high school,informational,yes
lewis structure polyatomic ions practice,10,10,,guide,atomic structure,lewis structure practice,high school,informational,yes
lewis structure practice answer key,10,0,,guide,atomic structure,lewis structure practice,high school,informational,yes
lewis structure practice worksheet with answer key,10,0,,guide,atomic structure,lewis structure practice,high school,informational,yes
lewis dot structure practice questions,10,10,,guide,atomic structure,lewis structure practice,high school,informational,yes
lewis dot structure practice sheet page 2 answers,10,10,,guide,atomic structure,lewis structure practice,high school,informational,yes
lewis structure practice problems pdf,10,0,,guide,atomic structure,lewis structure practice,high school,informational,yes
molecule simulation game,10,0,,game,bonding,chemistry games for high school,high school,informational,yes
molecule puzzle game,10,10,2.64,game,bonding,chemistry games for high school,high school,informational,yes
molecule game online,10,10,,game,bonding,chemistry games for high school,high school,informational,yes
chemistry nomenclature flashcards,10,0,,game,chemical formulas/naming,naming compounds practice,high school,informational,yes
ap chemistry flashcards pdf,10,0,,guide,general chemistry,chemistry cheat sheet,high school,informational,yes
aqa chemistry flashcards,10,10,,game,general chemistry,chemistry cheat sheet,high school,informational,yes
make chemistry flashcards,10,0,,blog,general chemistry,chemistry study tips blog,high school,informational,yes
organic chemistry flashcards pdf,10,10,,guide,organic,chemistry cheat sheet,college,informational,yes
online chemistry flashcards,10,0,,game,general chemistry,chemistry flashcards,high school,informational,yes
chemistry flashcards periodic table,10,10,0.88,game,periodic table,chemistry flashcards,high school,informational,yes
printable chemistry flashcards,10,10,,guide,general chemistry,chemistry flashcards,high school,informational,yes
how to make flashcards for organic chemistry,10,0,4.04,guide,organic,how to make chemistry flashcards,college,informational,yes
how to make flashcards for chemistry,10,10,,guide,general chemistry,how to make chemistry flashcards,high school,informational,yes
how to make organic chemistry flashcards,10,0,,guide,organic,how to make chemistry flashcards,college,informational,yes
chemistry flashcards: periodic table,10,0,0.88,game,periodic table,chemistry flashcards,high school,informational,yes
chemistry periodic table flashcards,10,10,0.88,game,periodic table,chemistry flashcards,high school,informational,yes
chemistry flashcards printable,10,10,,guide,general chemistry,chemistry flashcards,high school,informational,yes
chemistry 101 flashcards,10,0,,game,general chemistry,chemistry flashcards,college,informational,yes
chemistry vocabulary flashcards,10,0,,game,general chemistry,chemistry flashcards,high school,informational,yes
chemistry gcse revision flashcards,10,0,,game,general chemistry,chemistry flashcards,high school,informational,yes
awesome organic chemistry flashcards,10,10,,game,organic,chemistry flashcards,college,informational,yes
nuclear chemistry flashcards,10,10,,game,atomic structure,chemistry flashcards,high school,informational,yes
anki chemistry flashcards,10,10,,game,general chemistry,chemistry flashcards,general,informational,yes
chemistry flashcards pdf,10,10,,guide,general chemistry,chemistry flashcards,high school,commercial,yes
aqa a level chemistry flashcards,10,0,,game,general chemistry,chemistry flashcards,high school,informational,yes
chemistry lab equipment flashcards,10,0,,game,lab safety,chemistry flashcards,high school,informational,yes
chemistry chapter 7 flashcards,10,0,,game,general chemistry,chemistry flashcards,high school,informational,yes
how to make chemistry flashcards,10,10,,blog,general chemistry,chemistry study tips blog,high school,informational,yes
chemistry 1 flashcards,10,10,,game,general chemistry,chemistry flashcards,college,informational,yes
chemistry igcse flashcards,10,0,,game,general chemistry,chemistry flashcards,high school,informational,yes
chemistry unit 1 flashcards,10,10,,game,general chemistry,chemistry flashcards,high school,informational,yes
guided practice problems chemistry,10,0,,guide,general chemistry,chemistry practice problems,high school,informational,yes
organic chemistry acid-base practice problems with answers,10,0,,guide,acids & bases,organic chemistry practice problems,college,informational,yes
organic chemistry carboxylic acid practice problems,10,0,,guide,organic,organic chemistry practice problems,college,informational,yes
chapter 7 practice problems chemistry,10,0,,guide,general chemistry,chemistry practice problems,high school,informational,yes
chapter 25 nuclear chemistry practice problems answer key,10,0,,guide,atomic structure,chemistry practice problems,high school,informational,yes
free radical organic chemistry practice problems,10,0,,guide,organic,organic chemistry practice problems,college,informational,yes
chemistry chapter 4 practice problems,10,0,,guide,general chemistry,chemistry practice problems,high school,informational,yes
chemistry chapter 10 practice problems,10,0,,guide,general chemistry,chemistry practice problems,high school,informational,yes
heterocyclic chemistry practice problems,10,10,,guide,organic,organic chemistry practice problems,college,informational,yes
5-3 practice problems chemistry answers,10,0,,guide,general chemistry,chemistry practice problems,high school,informational,yes
thermodynamics ap chemistry practice problems,10,0,,guide,stoichiometry/moles,chemistry practice problems,high school,informational,yes
chemistry chapter 11 practice problems answers,10,0,,guide,general chemistry,chemistry practice problems,high school,informational,yes
rate law chemistry practice problems,10,0,,guide,stoichiometry/moles,chemistry practice problems,high school,informational,yes
quantitative analysis chemistry practice problems,10,0,,guide,stoichiometry/moles,chemistry practice problems,college,informational,yes
calorimetry practice problems ap chemistry,10,0,,guide,stoichiometry/moles,chemistry practice problems,high school,informational,yes
20 1 practice problems chemistry answers,10,10,,guide,general chemistry,chemistry practice problems,high school,informational,yes
organic chemistry oxidation-reduction practice problems,10,0,,guide,organic,organic chemistry practice problems,college,informational,yes
organic chemistry 2 practice problems with answers,10,0,,guide,organic,organic chemistry practice problems,college,informational,yes
1 4 practice problems chemistry answers,10,0,,guide,general chemistry,chemistry practice problems,high school,informational,yes
skeletal structure chemistry practice problems,10,10,2.53,guide,organic,organic chemistry practice problems,college,informational,yes
advanced chemistry 1 naming covalent molecules practice problems answer key,10,0,,guide,chemical formulas/naming,naming compounds practice,high school,informational,yes
organic chemistry retrosynthesis practice problems with answers,10,0,,guide,organic,organic chemistry practice problems,college,informational,yes
chemistry practice problems with answers,10,0,,guide,general chemistry,chemistry practice problems,high school,informational,yes
chapter 4 practice problems chemistry,10,0,,guide,general chemistry,chemistry practice problems,high school,informational,yes
organic chemistry newman projections practice problems,10,0,,guide,organic,organic chemistry practice problems,college,informational,yes
2-1 practice problems chemistry answers,10,0,,guide,general chemistry,chemistry practice problems,high school,informational,yes
organic chemistry formal charge practice problems,10,0,,guide,organic,organic chemistry practice problems,college,informational,yes
11 2 practice problems chemistry answer key,10,0,,guide,general chemistry,chemistry practice problems,high school,informational,yes
9-2 practice problems chemistry,10,0,,guide,general chemistry,chemistry practice problems,high school,informational,yes
inorganic chemistry symmetry practice problems,10,0,,guide,bonding,chemistry practice problems,college,informational,yes
chemistry empirical formula practice problems,10,10,,guide,chemical formulas/naming,stoichiometry practice,high school,informational,yes
mole chemistry practice problems,10,0,,guide,stoichiometry/moles,stoichiometry practice,high school,informational,yes
specific heat chemistry practice problems,10,0,,guide,stoichiometry/moles,chemistry practice problems,high school,informational,yes
chemistry 115 practice problems,10,0,,guide,general chemistry,chemistry practice problems,college,informational,yes
descriptive chemistry practice problems,10,0,,guide,general chemistry,chemistry practice problems,high school,informational,yes
organic chemistry isomer practice problems,10,0,,guide,organic,organic chemistry practice problems,college,informational,yes
chapter 9 practice problems chemistry answers,10,0,,guide,general chemistry,chemistry practice problems,high school,informational,yes
organic chemistry alcohol reactions practice problems,10,0,,guide,organic,organic chemistry practice problems,college,informational,yes
chemistry gas practice problems,10,10,,guide,general chemistry,chemistry practice problems,high school,informational,yes
density practice problems worksheet answers chemistry,10,0,,guide,general chemistry,chemistry practice problems,high school,informational,yes
ap chemistry empirical formula practice problems,10,0,,guide,chemical formulas/naming,chemistry practice problems,high school,informational,yes
chemistry practice problems answers,10,0,,guide,general chemistry,chemistry practice problems,high school,informational,yes
practice problems chapter 9 chemistry,10,0,,guide,general chemistry,chemistry practice problems,high school,informational,yes
chemistry wavelength practice problems,10,0,,guide,atomic structure,chemistry practice problems,high school,informational,yes
intro to organic chemistry practice problems,10,0,,guide,organic,organic chemistry practice problems,college,informational,yes
advanced chemistry 1 naming covalent molecules practice problems,10,0,,guide,chemical formulas/naming,naming compounds practice,high school,informational,yes
quantitative chemistry practice problems,10,10,,guide,stoichiometry/moles,stoichiometry practice,high school,informational,yes
chemistry chapter 6 practice problems answers,10,0,,guide,general chemistry,chemistry practice problems,high school,informational,yes
organic chemistry reactions practice problems with answers,10,10,,guide,organic,organic chemistry practice problems,college,informational,yes
advanced chemistry 1 naming covalent molecules practice problems answers,10,0,,guide,chemical formulas/naming,naming compounds practice,high school,informational,yes
organic chemistry practice problems and solutions,10,10,,guide,organic,organic chemistry practice problems,college,informational,yes
organic chemistry nomenclature practice problems worksheet,10,0,,guide,organic,organic chemistry practice problems,college,informational,yes
basic organic chemistry practice problems,10,10,,guide,organic,organic chemistry practice problems,college,informational,yes
chemistry practice problems pdf,10,0,,guide,general chemistry,chemistry practice problems,high school,informational,yes
organic chemistry practice problems and solutions pdf,10,0,,guide,organic,organic chemistry practice problems,college,informational,yes
practice synthesis problems organic chemistry 2,10,0,,guide,organic,organic chemistry practice problems,college,informational,yes
chemistry chapter 7 practice problems,10,0,,guide,general chemistry,chemistry practice problems,high school,informational,yes
skeletal structure organic chemistry practice problems with answers,10,0,,guide,organic,organic chemistry practice problems,college,informational,yes
basic chemistry practice problems,10,10,,guide,general chemistry,chemistry practice problems,high school,informational,yes
chemistry 101 practice problems,10,0,,guide,general chemistry,chemistry practice problems,college,informational,yes
organic chemistry nomenclature practice problems with answers,10,0,,guide,organic,organic chemistry practice problems,college,informational,yes
chemistry amu practice problems,10,0,,guide,stoichiometry/moles,chemistry practice problems,high school,informational,yes
chemistry titration practice problems,10,10,,guide,acids & bases,chemistry practice problems,high school,informational,yes
chemistry 1 ionic bonding practice problems worksheet answers,10,0,,guide,bonding,chemistry practice problems,high school,informational,yes
ap chemistry practice problems by topic,10,0,,guide,general chemistry,chemistry practice problems,high school,informational,yes
general chemistry practice problems pdf,10,0,,guide,general chemistry,chemistry practice problems,high school,informational,yes
general chemistry thermochemistry practice problems,10,0,,guide,general chemistry,chemistry practice problems,high school,informational,yes
practice chemistry problems with answers,10,0,,guide,general chemistry,chemistry practice problems,high school,informational,yes
ap chemistry solutions practice problems,10,0,,guide,general chemistry,chemistry practice problems,high school,informational,yes
chemistry nomenclature practice problems with answers pdf,10,0,,guide,chemical formulas/naming,naming compounds practice,high school,informational,yes
7-1 practice problems chemistry answers,10,0,,guide,general chemistry,chemistry practice problems,high school,informational,yes
organic chemistry iupac naming practice problems,10,0,,guide,chemical formulas/naming,naming compounds practice,college,informational,yes
12 4 practice problems chemistry,10,0,,guide,general chemistry,chemistry practice problems,high school,informational,yes
13-2 practice problems chemistry,10,0,,guide,general chemistry,chemistry practice problems,high school,informational,yes
19 3 practice problems chemistry answers,10,0,,guide,general chemistry,chemistry practice problems,high school,informational,yes
ap chemistry acid base equilibrium practice problems,10,0,,guide,acids & bases,acid base practice,high school,informational,yes
7-3 practice problems continued chemistry answers,10,0,,guide,general chemistry,chemistry practice problems,high school,informational,yes
3-3 practice problems chemistry,10,0,,guide,general chemistry,chemistry practice problems,high school,informational,yes
theoretical yield chemistry practice problems,10,0,,guide,stoichiometry/moles,stoichiometry practice,high school,informational,yes
7-3 practice problems chemistry answers,10,10,,guide,general chemistry,chemistry practice problems,high school,informational,yes
ir spectroscopy organic chemistry practice problems,10,10,,guide,organic,organic chemistry practice,college,informational,yes
practice problems nuclear chemistry,10,0,,guide,atomic structure,chemistry practice problems,high school,informational,yes
entropy chemistry practice problems,10,0,,guide,general chemistry,chemistry practice problems,high school,informational,yes
organic chemistry alcohol practice problems,10,10,,guide,organic,organic chemistry practice,college,informational,yes
carbonyl chemistry practice problems,10,10,,guide,organic,organic chemistry practice,college,informational,yes
5 3 practice problems chemistry answers,10,0,,guide,general chemistry,chemistry practice problems,high school,informational,yes
2 3 practice problems chemistry,10,0,,guide,general chemistry,chemistry practice problems,high school,informational,yes
7 3 practice problems chemistry answers,10,10,,guide,general chemistry,chemistry practice problems,high school,informational,yes
organic chemistry 1 mechanism practice problems,10,0,,guide,organic,organic chemistry practice,college,informational,yes
12-3 practice problems chemistry answers,10,0,,guide,general chemistry,chemistry practice problems,high school,informational,yes
13 4 practice problems chemistry,10,0,,guide,general chemistry,chemistry practice problems,high school,informational,yes
chemistry 10 3 practice problems,10,0,,guide,general chemistry,chemistry practice problems,high school,informational,yes
organic chemistry mass spectrometry practice problems,10,10,,guide,organic,organic chemistry practice,college,informational,yes
organic chemistry mechanisms practice problems with answers,10,10,,guide,organic,organic chemistry practice,college,informational,yes
10 1 practice problems chemistry answers,10,0,,guide,general chemistry,chemistry practice problems,high school,informational,yes
acid-base practice problems general chemistry,10,0,,guide,acids & bases,acid base practice,high school,informational,yes
daily practice problems chemistry,10,0,,guide,general chemistry,chemistry practice problems,high school,informational,yes
carbonyl chemistry practice problems with answers,10,10,,guide,organic,organic chemistry practice,college,informational,yes
chemistry chapter 1 practice problems,10,0,,guide,general chemistry,chemistry practice problems,high school,informational,yes
coulomb's law practice problems chemistry,10,0,,guide,general chemistry,chemistry practice problems,high school,informational,yes
practice problems for conversion factors in chemistry,10,0,,guide,stoichiometry/moles,stoichiometry practice,high school,informational,yes
dat organic chemistry practice problems,10,0,,guide,organic,organic chemistry practice,college,informational,yes
organic chemistry mechanism practice problems,10,10,,guide,organic,organic chemistry practice,college,informational,yes
chapter 10 chemistry practice problems,10,0,,guide,general chemistry,chemistry practice problems,high school,informational,yes
13-4 practice problems chemistry answers,10,0,,guide,general chemistry,chemistry practice problems,high school,informational,yes
percent yield practice problems chemistry,10,10,,guide,stoichiometry/moles,stoichiometry practice,high school,informational,yes
solid state chemistry practice problems,10,10,,guide,general chemistry,chemistry practice problems,college,informational,yes
8-1 practice problems chemistry answers,10,0,,guide,general chemistry,chemistry practice problems,high school,informational,yes
oxidation reduction practice problems organic chemistry,10,0,,guide,organic,organic chemistry practice,college,informational,yes
substitution reactions organic chemistry practice problems,10,10,,guide,organic,organic chemistry practice,college,informational,yes
retrosynthesis practice problems organic chemistry 1,10,10,,guide,organic,organic chemistry practice,college,informational,yes
11-3 practice problems continued chemistry,10,0,,guide,general chemistry,chemistry practice problems,high school,informational,yes
11-1 practice problems chemistry answers,10,0,,guide,general chemistry,chemistry practice problems,high school,informational,yes
3 4 practice problems chemistry answers,10,0,,guide,general chemistry,chemistry practice problems,high school,informational,yes
15 2 practice problems chemistry answers,10,0,,guide,general chemistry,chemistry practice problems,high school,informational,yes
ap chemistry gibbs free energy practice problems,10,0,,guide,general chemistry,chemistry practice problems,high school,informational,yes
general chemistry kinetics practice problems,10,0,,guide,general chemistry,chemistry practice problems,high school,informational,yes
scientific notation chemistry practice problems,10,0,,guide,stoichiometry/moles,stoichiometry practice,high school,informational,yes
organic chemistry oxidation reduction practice problems,10,0,,guide,organic,organic chemistry practice,high school,informational,yes
5-3 practice problems chemistry,10,0,,guide,general chemistry,chemistry practice problems,high school,informational,yes
chemistry uncertainty practice problems,10,10,,guide,general chemistry,chemistry practice problems,high school,informational,yes
organic chemistry chirality practice problems,10,10,,guide,organic,organic chemistry practice,high school,informational,yes
coordination chemistry practice problems,10,10,,guide,general chemistry,chemistry practice problems,college,informational,yes
introduction to chemistry practice problems answers,10,0,,guide,general chemistry,chemistry practice problems,high school,informational,yes
chemistry concepts and applications supplemental practice problems chapter 5,10,0,,guide,general chemistry,chemistry practice problems,high school,informational,yes
chemistry chapter 8 practice problems,10,0,,guide,general chemistry,chemistry practice problems,high school,informational,yes
organic chemistry multistep synthesis practice problems,10,10,,guide,organic,organic chemistry practice,college,informational,yes
10 3 practice problems chemistry,10,0,,guide,general chemistry,chemistry practice problems,high school,informational,yes
13-2 practice problems chemistry answers,10,10,,guide,general chemistry,chemistry practice problems,high school,informational,yes
chapter 2 practice problems chemistry,10,0,,guide,general chemistry,chemistry practice problems,high school,informational,yes
general chemistry conversion practice problems,10,0,,guide,stoichiometry/moles,chemistry conversion practice,high school,informational,yes
7 1 practice problems chemistry answers,10,0,,guide,general chemistry,chemistry practice problems,high school,informational,yes
isotope chemistry practice problems,10,0,,guide,atomic structure,chemistry practice problems,high school,informational,yes
nuclear chemistry practice problems with answers,10,0,,guide,atomic structure,chemistry practice problems,high school,informational,yes
guided practice problems chemistry chapter 4,10,0,,guide,general chemistry,chemistry practice problems,high school,informational,yes
chemistry chapter 13 practice problems,10,0,,guide,general chemistry,chemistry practice problems,high school,informational,yes
chemistry math practice problems,10,0,,guide,general chemistry,chemistry practice problems,high school,informational,yes
organic chemistry chapter 7 practice problems,10,0,,guide,organic,organic chemistry practice,college,informational,yes
ap chemistry chapter 1 practice problems answers,10,0,,guide,general chemistry,chemistry practice problems,high school,informational,yes
ap chemistry equilibrium practice problems with answers,10,0,,guide,stoichiometry/moles,chemistry practice problems,high school,informational,yes
nomenclature chemistry practice problems,10,0,,guide,chemical formulas/naming,naming compounds practice,high school,informational,yes
20-4 practice problems chemistry answers,10,0,,guide,general chemistry,chemistry practice problems,high school,informational,yes
carbonyl chemistry practice problems with answers pdf,10,0,,guide,organic,organic chemistry practice,college,informational,yes
unit 8 ap chemistry practice problems,10,0,,guide,general chemistry,chemistry practice problems,high school,informational,yes
12 4 practice problems chemistry answers,10,0,,guide,general chemistry,chemistry practice problems,high school,informational,yes
17-2 practice problems chemistry,10,0,,guide,general chemistry,chemistry practice problems,high school,informational,yes
skeletal structure organic chemistry practice problems,10,10,,guide,organic,organic chemistry practice,college,informational,yes
chemistry conversion practice problems pdf,10,0,,guide,stoichiometry/moles,chemistry conversion practice,high school,informational,yes
organic chemistry practice problems nomenclature,10,10,,guide,organic,naming compounds practice,college,informational,yes
chemistry chapter 10 practice problems answers,10,0,,guide,general chemistry,chemistry practice problems,high school,informational,yes
chemistry apps for students,10,10,,blog,general chemistry,chemistry apps for students blog,high school,commercial,yes
online science lab simulations,10,10,1.37,game,lab safety,virtual chemistry lab,high school,informational,yes
virtual chemistry lab free download,10,10,,game,lab safety,virtual chemistry lab,high school,transactional,yes
virtual chemistry lab titration,10,0,,game,lab safety,virtual chemistry lab,high school,informational,yes
best chemistry simulation software,10,10,3.04,blog,general chemistry,chemistry games for high school,general,commercial,yes
first 20 elements of the periodic table with symbols,10,10,,guide,periodic table,periodic table cheat sheet,high school,informational,yes
first 20 elements of the periodic table with atomic mass,10,10,,guide,periodic table,periodic table cheat sheet,high school,informational,yes
first 20 elements of the periodic table with names,10,10,,guide,periodic table,periodic table cheat sheet,high school,informational,yes
symbol by element quiz,10,10,,game,periodic table,periodic table game,high school,informational,yes
periodic table worksheet pdf answer key,10,0,,guide,periodic table,periodic table worksheet,teacher,informational,yes
periodic table project pdf,10,10,,blog,periodic table,periodic table project,teacher,informational,yes
periodic table project 3d,10,0,,blog,periodic table,periodic table project,teacher,informational,yes
first 20 elements quiz pdf,10,10,,game,periodic table,periodic table game,high school,informational,yes
periodic table first 20 elements with symbols,10,10,,guide,periodic table,periodic table cheat sheet,high school,informational,yes
first 20 elements with symbols and valency,10,10,,guide,periodic table,periodic table cheat sheet,high school,informational,yes
first 20 elements with symbols and atomic number,10,10,,guide,periodic table,periodic table cheat sheet,high school,informational,yes
first 20 elements with atomic mass and valency,10,10,,guide,periodic table,periodic table cheat sheet,high school,informational,yes
first 20 elements diagram,10,10,,guide,periodic table,periodic table cheat sheet,high school,informational,yes
20 questions periodic table with answers pdf,10,10,,game,periodic table,periodic table game,high school,informational,yes
atomic mass of first 30 elements without decimals,10,10,,guide,periodic table,periodic table cheat sheet,high school,informational,yes
20 questions periodic table with answers class 9,10,0,,game,periodic table,periodic table game,high school,informational,yes
periodic table questions and answers pdf class 10,10,10,,guide,periodic table,periodic table practice,high school,informational,yes
periodic table exam questions pdf,10,10,,guide,periodic table,periodic table practice,high school,informational,yes
periodic table fun activity worksheet,10,0,,blog,periodic table,periodic table worksheet,teacher,informational,yes
periodic table multiple choice questions and answers pdf,10,0,,guide,periodic table,periodic table practice,high school,informational,yes
periodic table multiple choice questions and answers doc,10,10,,guide,periodic table,periodic table practice,high school,informational,yes
periodic trends quiz with answers,10,0,,game,periodic table,periodic trends quiz,high school,informational,yes
create your own element symbol,10,10,,game,periodic table,periodic table game,middle school,informational,yes
make your own element game,10,10,,game,periodic table,periodic table game,middle school,informational,yes
create your own element online,10,0,,game,periodic table,periodic table game,middle school,informational,yes
first 20 elements with atomic number and mass number,10,10,,guide,periodic table,periodic table cheat sheet,high school,informational,yes
1 to 20 elements name,10,10,,guide,periodic table,periodic table cheat sheet,high school,informational,yes
20 questions periodic table pdf,10,10,,game,periodic table,periodic table game,high school,informational,yes
periodic table test questions and answers,10,0,,guide,periodic table,periodic table practice,high school,informational,yes
chapter test the periodic table,10,0,,guide,periodic table,periodic table practice,high school,informational,yes
periodic table test doc,10,10,,guide,periodic table,periodic table practice,high school,informational,yes
balancing chemical equations calculator online,10,10,,guide,balancing equations,how to balance chemical equations guide,high school,informational,yes
balancing chemical equations worksheet simple,10,10,,guide,balancing equations,balancing chemical equations worksheet,high school,informational,yes
chemical equation solver online,10,10,,guide,balancing equations,how to balance chemical equations guide,high school,informational,yes
gcse chemistry balancing equations worksheet and answers pdf,10,10,,guide,balancing equations,balancing chemical equations worksheet,high school,informational,yes
how to balance chemical equation easily step by step,10,10,,guide,balancing equations,how to balance chemical equations guide,high school,informational,yes
how to balance a chemical equation class 10,10,10,,guide,balancing equations,how to balance chemical equations guide,high school,informational,yes
50 examples of balanced chemical equations with answers class 7,10,10,,guide,balancing equations,balancing chemical equations worksheet,middle school,informational,yes
100 examples of balanced chemical equations with answers pdf,10,0,,guide,balancing equations,balancing chemical equations worksheet,high school,informational,yes
balancing chemical equations simulation answer key,10,0,,game,balancing equations,balancing chemical equations game,high school,informational,yes
writing and balancing chemical equations worksheet pdf,10,10,,guide,balancing equations,balancing chemical equations worksheet,high school,informational,yes
100 examples of chemical equations with answers,10,0,,guide,balancing equations,balancing chemical equations practice,high school,informational,yes
100 examples of chemical equations pdf,10,0,,guide,balancing equations,balancing chemical equations practice,high school,informational,yes
100 examples of chemical equations with names,10,10,,guide,balancing equations,balancing chemical equations practice,high school,informational,yes
writing chemical equations pdf,10,10,,guide,balancing equations,how to balance chemical equations guide,high school,informational,yes
questions on balancing chemical equations with answers pdf,10,10,,guide,balancing equations,balancing chemical equations practice,high school,informational,yes
questions on balancing chemical equations with answers class 10,10,10,,guide,balancing equations,balancing chemical equations practice,high school,informational,yes
balancing chemical equations activity worksheet,10,0,,game,balancing equations,balancing chemical equations game,high school,informational,yes
balancing chemical equations activity answer key,10,0,,guide,balancing equations,balancing chemical equations practice,teacher,informational,yes
balancing chemical equations activity pdf,10,10,,guide,balancing equations,balancing chemical equations practice,teacher,informational,yes
balancing chemical equations activity answers,10,0,,guide,balancing equations,balancing chemical equations practice,high school,informational,yes
20 balanced chemical equations with answers pdf,10,10,,guide,balancing equations,balancing chemical equations practice,high school,informational,yes
balancing chemical equations class 11,10,10,,guide,balancing equations,how to balance chemical equations guide,high school,informational,yes
50 examples of unbalanced chemical equations with answers,10,10,,guide,balancing equations,balancing chemical equations practice,high school,informational,yes
50 examples of unbalanced chemical equations with answers pdf,10,10,,guide,balancing equations,balancing chemical equations practice,high school,informational,yes
unbalanced chemical equations examples with answers pdf,10,0,,guide,balancing equations,balancing chemical equations practice,high school,informational,yes
unbalanced chemical equations examples with answers class 10,10,0,,guide,balancing equations,balancing chemical equations practice,high school,informational,yes
writing chemical equations worksheet with answers pdf,10,10,,guide,balancing equations,balancing chemical equations practice,teacher,informational,yes
balancing chemical equations answers pdf,10,0,,guide,balancing equations,balancing chemical equations practice,high school,informational,yes
new html5 balancing chemical equations,10,0,,game,balancing equations,balancing chemical equations game,high school,informational,yes
balancing chemical equations escape room answer key level 2,10,0,,game,balancing equations,balancing chemical equations game,teacher,informational,yes
example of balanced and unbalanced chemical equation,10,10,,guide,balancing equations,how to balance chemical equations guide,high school,informational,yes
chemistry quiz class 9,10,10,,game,general chemistry,chemistry quiz,high school,informational,yes
chemistry quiz with answers pdf,10,10,,guide,general chemistry,chemistry cheat sheet,high school,informational,yes
1000 chemistry questions and answers pdf class 9,10,0,,guide,general chemistry,chemistry quiz,high school,informational,yes
1000 chemistry questions and answers pdf class 11,10,0,,guide,general chemistry,chemistry quiz,high school,informational,yes
100 chemistry questions and answers pdf,10,10,,guide,general chemistry,chemistry quiz,high school,informational,yes
tricky chemistry questions with answers pdf,10,10,,guide,general chemistry,chemistry quiz,high school,informational,yes
chemistry questions and answers pdf for class 10,10,10,,guide,general chemistry,chemistry quiz,high school,informational,yes
chemical symbols quiz questions and answers,10,10,,game,periodic table,periodic table game,high school,informational,yes
ap chem formula sheet thermodynamics,10,0,,guide,stoichiometry/moles,chemistry cheat sheet,high school,informational,yes
all chemistry equations pdf,10,10,,guide,general chemistry,chemistry cheat sheet,high school,informational,yes
summary of organic chemistry pdf,10,10,,guide,organic,organic chemistry cheat sheet,college,informational,yes
ap chem cheat sheet reddit,10,10,,guide,general chemistry,chemistry cheat sheet,high school,informational,yes
gcse chemistry formula sheet pdf,10,10,,guide,general chemistry,chemistry cheat sheet,high school,informational,yes
all organic chemistry reactions pdf a level,10,10,,guide,organic,organic chemistry cheat sheet,high school,informational,yes
master organic chemistry summary sheets pdf free download,10,10,,guide,organic,organic chemistry cheat sheet,college,informational,yes
organic chemistry reactions worksheet with answers pdf,10,10,,guide,organic,organic chemistry cheat sheet,high school,informational,yes
o level stoichiometry questions and answers pdf,10,0,,guide,stoichiometry/moles,stoichiometry practice,high school,informational,yes
solution stoichiometry worksheet pdf,10,10,,guide,stoichiometry/moles,stoichiometry practice,high school,informational,yes
molarity stoichiometry worksheet with answers,10,0,,guide,stoichiometry/moles,stoichiometry practice,high school,informational,yes
mass to volume stoichiometry problems with answers pdf,10,10,,guide,stoichiometry/moles,stoichiometry practice,high school,informational,yes
solution stoichiometry khan academy,10,10,,guide,stoichiometry/moles,stoichiometry practice,high school,informational,yes
solution stoichiometry steps,10,0,,guide,stoichiometry/moles,stoichiometry practice,high school,informational,yes
ap chemistry stoichiometry worksheet,10,0,,guide,stoichiometry/moles,stoichiometry practice,high school,informational,yes
ap chemistry stoichiometry worksheet with answers,10,0,,guide,stoichiometry/moles,stoichiometry practice,high school,informational,yes
ap chemistry limiting reactant problems,10,0,,guide,stoichiometry/moles,stoichiometry practice,high school,informational,yes
stoichiometry worksheet 1 answer key,10,0,,guide,stoichiometry/moles,stoichiometry practice,high school,informational,yes
solution stoichiometry worksheet with answers pdf,10,10,,guide,stoichiometry/moles,stoichiometry practice,high school,informational,yes
solution stoichiometry worksheet answers,10,10,,guide,stoichiometry/moles,stoichiometry practice,high school,informational,yes
igcse stoichiometry worksheet pdf,10,0,,guide,stoichiometry/moles,stoichiometry practice,high school,informational,yes
ap chemistry solution stoichiometry worksheet,10,0,,guide,stoichiometry/moles,stoichiometry practice,high school,informational,yes
basic stoichiometry worksheet with answers,10,10,,guide,stoichiometry/moles,stoichiometry practice,high school,informational,yes
stoichiometry problems worksheet 1,10,0,,guide,stoichiometry/moles,stoichiometry practice,high school,informational,yes
solution stoichiometry chem worksheet 15-6,10,10,,guide,stoichiometry/moles,stoichiometry practice,high school,informational,yes
mole to mass stoichiometry worksheet pdf,10,0,,guide,stoichiometry/moles,stoichiometry practice,high school,informational,yes
stoichiometry: mole to mole problems worksheet answers,10,0,,guide,stoichiometry/moles,stoichiometry practice,high school,informational,yes
stoichiometry limiting reagent worksheet pdf with answers,10,0,,guide,stoichiometry/moles,stoichiometry practice,high school,informational,yes
stoichiometry limiting reagent worksheet answers,10,10,,guide,stoichiometry/moles,stoichiometry practice,high school,informational,yes
stoichiometric calculations worksheet with answers,10,0,,guide,stoichiometry/moles,stoichiometry practice,high school,informational,yes
what are the 7 steps to balance a chemical equation,10,0,,guide,balancing equations,how to balance chemical equations guide,high school,informational,yes
balancing chemical equations examples pdf,10,10,,guide,balancing equations,balancing chemical equations practice,high school,informational,yes
steps of balancing chemical equations with examples,10,10,,guide,balancing equations,how to balance chemical equations guide,high school,informational,yes
writing and balancing chemical equations pdf,10,10,,guide,balancing equations,balancing chemical equations practice,high school,informational,yes
writing and balancing chemical equations quiz,10,10,,game,balancing equations,balancing chemical equations game,high school,informational,yes
writing and balancing chemical equations ppt,10,10,,guide,balancing equations,how to balance chemical equations guide,teacher,informational,yes
common polyatomic ions list pdf,10,0,,guide,chemical formulas/naming,chemistry cheat sheet,high school,informational,yes
balancing chemical equations with answers pdf,10,0,,guide,balancing equations,balancing chemical equations practice,high school,informational,yes
balancing chemical equations with answers class 10,10,0,,guide,balancing equations,balancing chemical equations practice,high school,informational,yes
balancing equations with polyatomic ions examples,10,10,,guide,balancing equations,how to balance chemical equations guide,high school,informational,yes
balancing equations with polyatomic ions worksheet,10,10,,guide,balancing equations,balancing chemical equations practice,high school,informational,yes
writing chemical equations worksheet with answers,10,10,,guide,chemical formulas/naming,writing chemical equations practice,high school,informational,yes
balancing chemical equations questions with answers,10,10,,guide,balancing equations,balancing chemical equations practice,high school,informational,yes
word equation to chemical equations worksheet with answers,10,10,,guide,chemical formulas/naming,writing chemical equations practice,high school,informational,yes
writing chemical equations from word problems worksheet pdf,10,10,,guide,chemical formulas/naming,writing chemical equations practice,high school,informational,yes
writing chemical equations practice worksheet,10,10,,guide,chemical formulas/naming,writing chemical equations practice,high school,informational,yes
writing chemical equations worksheet pdf,10,10,,guide,chemical formulas/naming,writing chemical equations practice,high school,informational,yes
writing chemical equations worksheet answers pdf,10,10,,guide,chemical formulas/naming,writing chemical equations practice,high school,informational,yes
writing chemical equations worksheet doc,10,0,,guide,chemical formulas/naming,writing chemical equations practice,teacher,informational,yes
writing chemical equations from word equations worksheet answers,10,0,,guide,chemical formulas/naming,writing chemical equations practice,high school,informational,yes
writing chemical formula worksheet with answers,10,10,,guide,chemical formulas/naming,writing chemical equations practice,high school,informational,yes
word equations worksheet with answers,10,10,,guide,chemical formulas/naming,writing chemical equations practice,high school,informational,yes
writing word equations worksheet,10,10,,guide,chemical formulas/naming,writing chemical equations practice,high school,informational,yes
chemical reactions and equations worksheet pdf,10,0,,guide,reaction types,balancing chemical equations practice,high school,informational,yes
introduction to chemical reactions worksheet pdf,10,10,,guide,reaction types,balancing chemical equations practice,high school,informational,yes
chemical equations and reactions worksheet answer key,10,0,,guide,balancing equations,balancing chemical equations practice,high school,informational,yes
naming ionic compounds video,10,10,,guide,chemical formulas/naming,naming compounds practice,high school,informational,yes
naming covalent compounds pdf,10,10,,guide,chemical formulas/naming,naming compounds practice,high school,informational,yes
naming covalent compounds list,10,10,,guide,chemical formulas/naming,naming compounds practice,high school,informational,yes
naming covalent compounds ppt,10,10,,guide,chemical formulas/naming,naming compounds practice,teacher,informational,yes
naming compounds practice pdf,10,10,,guide,chemical formulas/naming,naming compounds practice,high school,informational,yes
naming compounds practice organic chemistry,10,0,,guide,organic,naming compounds practice,high school,informational,yes
naming compounds practice quiz,10,0,,game,chemical formulas/naming,naming compounds practice,high school,informational,yes
naming ionic and covalent compounds pdf,10,10,,guide,chemical formulas/naming,naming compounds practice,high school,informational,yes
naming covalent compounds answer key,10,0,,guide,chemical formulas/naming,naming compounds practice,high school,informational,yes
covalent compound naming practice answer key,10,0,,guide,chemical formulas/naming,naming compounds practice,high school,informational,yes
naming molecular compounds worksheet pdf,10,0,,guide,chemical formulas/naming,naming compounds practice,high school,informational,yes
naming ionic and covalent compounds worksheet answer key,10,0,,guide,chemical formulas/naming,naming compounds practice,high school,informational,yes
naming ionic and covalent compounds worksheet pdf,10,10,,guide,chemical formulas/naming,naming compounds practice,high school,informational,yes
naming simple ionic compounds worksheet,10,10,,guide,chemical formulas/naming,naming compounds practice,high school,informational,yes
naming molecular compounds practice worksheet,10,10,,guide,chemical formulas/naming,naming compounds practice,high school,informational,yes
20 examples of ionic compounds,10,10,,guide,chemical formulas/naming,naming compounds practice,high school,informational,yes
organic chemistry naming practice with answers,10,10,,guide,organic,naming compounds practice,high school,informational,yes
10 examples of ionic compounds and their uses,10,10,,guide,chemical formulas/naming,naming compounds practice,high school,informational,yes
when do you use roman numerals in chemistry naming,10,10,,guide,chemical formulas/naming,naming compounds practice,high school,informational,yes
writing formulas from names worksheet,10,0,,guide,chemical formulas/naming,naming compounds practice,high school,informational,yes
naming and writing covalent compounds worksheet,10,10,,guide,chemical formulas/naming,naming compounds practice,high school,informational,yes
organic chemistry nomenclature worksheet pdf with answers,10,10,,guide,organic,naming compounds practice,high school,informational,yes
nomenclature practice questions,10,10,,game,chemical formulas/naming,naming compounds practice,high school,informational,yes
iupac naming worksheet pdf,10,10,,guide,chemical formulas/naming,naming compounds practice,high school,informational,yes
naming compounds practice worksheet answer key,10,0,,guide,chemical formulas/naming,naming compounds practice,high school,informational,yes
chemical formula writing worksheet with answers,10,10,,guide,chemical formulas/naming,naming compounds practice,high school,informational,yes
naming and writing ionic compounds worksheet answers,10,0,,guide,chemical formulas/naming,naming compounds practice,high school,informational,yes
naming compounds quiz pdf,10,10,,game,chemical formulas/naming,naming compounds practice,high school,informational,yes
naming inorganic compounds practice with answers,10,10,,guide,chemical formulas/naming,naming compounds practice,high school,informational,yes
binary ionic and molecular compounds worksheet a side 1,10,0,,guide,chemical formulas/naming,naming compounds practice,high school,informational,yes
writing binary formulas worksheet answer key,10,0,,guide,chemical formulas/naming,naming compounds practice,high school,informational,yes
writing binary ionic compounds,10,0,,guide,chemical formulas/naming,naming compounds practice,high school,informational,yes
physical and chemical properties worksheet answers pdf,10,10,,guide,general chemistry,chemistry cheat sheet,high school,informational,yes
nomenclature of organic compounds ppt,10,0,,guide,organic,naming compounds practice,high school,informational,yes
classification and nomenclature of organic compounds pdf,10,10,,guide,organic,naming compounds practice,high school,informational,yes
iupac nomenclature of organic compounds pdf,10,10,,guide,organic,naming compounds practice,high school,informational,yes
ionic compounds worksheet answers pdf,10,10,,guide,chemical formulas/naming,naming compounds practice,high school,informational,yes
naming ionic compounds worksheet answers pdf,10,0,,guide,chemical formulas/naming,naming compounds practice,high school,informational,yes
naming compounds worksheet answer key,10,0,,guide,chemical formulas/naming,naming compounds practice,high school,informational,yes
naming compounds worksheet answer key pdf,10,0,,guide,chemical formulas/naming,naming compounds practice,high school,informational,yes
writing formulas from names worksheet answer key,10,10,,guide,chemical formulas/naming,naming compounds practice,high school,informational,yes
covalent compounds worksheet --answer key,10,0,,guide,chemical formulas/naming,naming compounds practice,high school,informational,yes
naming binary covalent compounds worksheet answers,10,0,,guide,chemical formulas/naming,naming compounds practice,high school,informational,yes
mixed naming worksheet answer key,10,10,,guide,chemical formulas/naming,naming compounds practice,high school,informational,yes
chemistry classroom activities,10,0,,blog,general chemistry,chemistry games for high school,teacher,informational,yes
guess the periodic table symbol,10,10,,game,periodic table,periodic table game,high school,informational,yes
name all 118 elements quiz,10,10,,game,periodic table,periodic table game,high school,informational,yes
20 questions periodic table,10,10,,game,periodic table,periodic table game,high school,informational,yes
the chemical symbol for the element calcium is ca,10,0,,game,periodic table,periodic table game,high school,informational,yes
how to learn chemistry on your own reddit,10,0,,blog,general chemistry,chemistry study tips blog,general,informational,yes
best free online chemistry courses with certificate,10,10,,blog,general chemistry,chemistry study tips blog,general,informational,yes
chemistry final exam semester 1,10,0,,guide,general chemistry,chemistry cheat sheet,high school,informational,yes
gen chem 1 final exam cheat sheet,10,0,,guide,general chemistry,chemistry cheat sheet,college,informational,yes
i don t understand chemistry at all,10,10,,blog,general chemistry,chemistry study tips blog,high school,informational,yes
how to cram chemistry,10,10,,blog,general chemistry,chemistry study tips blog,high school,informational,yes
easy way to understand chemistry,10,10,,blog,general chemistry,chemistry study tips blog,high school,informational,yes
why is chemistry so hard reddit,10,10,,blog,general chemistry,chemistry study tips blog,general,informational,yes
why is chemistry so hard to understand,10,10,,blog,general chemistry,chemistry study tips blog,high school,informational,yes
is general chemistry hard reddit,10,0,,blog,general chemistry,chemistry study tips blog,college,informational,yes
chemistry is hard reddit,10,10,,blog,general chemistry,chemistry study tips blog,general,informational,yes
chemistry is too hard,10,10,,blog,general chemistry,chemistry study tips blog,high school,informational,yes
