family,entity,keyword,search_volume_us,cpc,is_new_vs_master,suggested_slug
chemical_formula_for,nh3,ammonia chemical formula,27100,,yes,/guides/chemical-formula/nh3
chemical_formula_for,nh4,ammonium chemical formula,27100,,yes,/guides/chemical-formula/nh4
chemical_formula_for,nh3,chemical formula for ammonia,27100,,yes,/guides/chemical-formula/nh3
chemical_formula_for,nh4,chemical formula for ammonium,27100,,yes,/guides/chemical-formula/nh4
chemical_formula_for,c6h12o6,chemical formula for glucose,27100,2.57,no,/guides/chemical-formula/c6h12o6
chemical_formula_for,c6h12o6,chemical formula glucose,27100,2.35,yes,/guides/chemical-formula/c6h12o6
chemical_formula_for,nh3,chemical formula of ammonia,27100,,yes,/guides/chemical-formula/nh3
chemical_formula_for,nh4,chemical formula of ammonium,27100,,yes,/guides/chemical-formula/nh4
chemical_formula_for,c6h12o6,chemical formula of glucose,27100,2.35,yes,/guides/chemical-formula/c6h12o6
chemical_formula_for,c6h12o6,glucose chemical formula,27100,2.57,no,/guides/chemical-formula/c6h12o6
chemical_formula_for,nh3,nh3 chemical formula,27100,,yes,/guides/chemical-formula/nh3
chemical_formula_for,ch3cooh,acetic acid chemical formula,18100,4.55,yes,/guides/chemical-formula/ch3cooh
chemical_formula_for,ch3cooh,chemical formula acetic acid,18100,4.55,no,/guides/chemical-formula/ch3cooh
chemical_formula_for,ch3cooh,chemical formula for acetic acid,18100,7.41,no,/guides/chemical-formula/ch3cooh
chemical_formula_for,ch3cooh,chemical formula of acetic acid,18100,4.55,no,/guides/chemical-formula/ch3cooh
chemical_formula_for,ch4,chemical formula ch4,14800,,yes,/guides/chemical-formula/ch4
chemical_formula_for,c2h5oh,chemical formula ethanol,14800,2.03,yes,/guides/chemical-formula/c2h5oh
chemical_formula_for,c2h5oh,chemical formula ethyl alcohol,14800,2.03,yes,/guides/chemical-formula/c2h5oh
chemical_formula_for,ch4,chemical formula for ch4,14800,,yes,/guides/chemical-formula/ch4
chemical_formula_for,c2h5oh,chemical formula for ethanol,14800,2.03,yes,/guides/chemical-formula/c2h5oh
chemical_formula_for,h2o2,chemical formula for hydrogen peroxide,14800,0.03,yes,/guides/chemical-formula/h2o2
chemical_formula_for,ch4,chemical formula for methane,14800,,yes,/guides/chemical-formula/ch4
chemical_formula_for,ch4,chemical formula methane,14800,,yes,/guides/chemical-formula/ch4
chemical_formula_for,c2h5oh,chemical formula of ethanol,14800,2.03,yes,/guides/chemical-formula/c2h5oh
chemical_formula_for,c2h5oh,chemical formula of ethyl alcohol,14800,2.03,yes,/guides/chemical-formula/c2h5oh
chemical_formula_for,h2o2,chemical formula of hydrogen peroxide,14800,0.79,yes,/guides/chemical-formula/h2o2
chemical_formula_for,ch4,chemical formula of methane,14800,,yes,/guides/chemical-formula/ch4
chemical_formula_for,c2h5oh,ethanol chemical formula,14800,,yes,/guides/chemical-formula/c2h5oh
chemical_formula_for,c2h5oh,ethyl alcohol chemical formula,14800,,yes,/guides/chemical-formula/c2h5oh
chemical_formula_for,h2o2,h2o2 chemical formula,14800,0.79,yes,/guides/chemical-formula/h2o2
chemical_formula_for,h2o2,hydrogen peroxide chemical formula,14800,0.79,yes,/guides/chemical-formula/h2o2
chemical_formula_for,ch4,methane chemical formula,14800,,yes,/guides/chemical-formula/ch4
chemical_formula_for,c2h3o2,acetate chemical formula,9900,,yes,/guides/chemical-formula/c2h3o2
chemical_formula_for,c3h6o,acetone chemical formula,9900,4.91,yes,/guides/chemical-formula/c3h6o
chemical_formula_for,nahco3,baking soda chemical formula,9900,1.49,yes,/guides/chemical-formula/nahco3
chemical_formula_for,co,c o chemical formula,9900,,yes,/guides/chemical-formula/co
chemical_formula_for,co2,carbon dioxide chemical formula,9900,,yes,/guides/chemical-formula/co2
chemical_formula_for,co,carbon monoxide chemical formula,9900,,yes,/guides/chemical-formula/co
chemical_formula_for,co3,carbonate chemical formula,9900,,yes,/guides/chemical-formula/co3
chemical_formula_for,c2h3o2,chemical formula acetate,9900,,yes,/guides/chemical-formula/c2h3o2
chemical_formula_for,nahco3,chemical formula baking soda,9900,1.49,yes,/guides/chemical-formula/nahco3
chemical_formula_for,co2,chemical formula carbon dioxide,9900,,yes,/guides/chemical-formula/co2
chemical_formula_for,co,chemical formula carbon monoxide,9900,,yes,/guides/chemical-formula/co
chemical_formula_for,co,chemical formula co,9900,,yes,/guides/chemical-formula/co
chemical_formula_for,nahco3,chemical formula for baking soda,9900,0.8,yes,/guides/chemical-formula/nahco3
chemical_formula_for,co,chemical formula for carbon monoxide,9900,,yes,/guides/chemical-formula/co
chemical_formula_for,co3,chemical formula for carbonate,9900,,yes,/guides/chemical-formula/co3
chemical_formula_for,nahco3,chemical formula for sodium bicarbonate,9900,4.18,yes,/guides/chemical-formula/nahco3
chemical_formula_for,titin,chemical formula for titin,9900,,yes,/guides/chemical-formula/titin
chemical_formula_for,c2h3o2,chemical formula of acetate,9900,,yes,/guides/chemical-formula/c2h3o2
chemical_formula_for,c3h6o,chemical formula of acetone,9900,4.91,yes,/guides/chemical-formula/c3h6o
chemical_formula_for,nahco3,chemical formula of baking soda,9900,,yes,/guides/chemical-formula/nahco3
chemical_formula_for,co2,chemical formula of carbon dioxide,9900,,yes,/guides/chemical-formula/co2
chemical_formula_for,co,chemical formula of carbon monoxide,9900,,yes,/guides/chemical-formula/co
chemical_formula_for,co3,chemical formula of carbonate,9900,,yes,/guides/chemical-formula/co3
chemical_formula_for,propanone,chemical formula of propanone,9900,4.91,yes,/guides/chemical-formula/propanone
chemical_formula_for,nahco3,chemical formula of sodium bicarbonate,9900,4.18,yes,/guides/chemical-formula/nahco3
chemical_formula_for,nahco3,chemical formula sodium bicarbonate,9900,,yes,/guides/chemical-formula/nahco3
chemical_formula_for,co,co chemical formula,9900,,yes,/guides/chemical-formula/co
chemical_formula_for,propanone,propanone chemical formula,9900,4.91,yes,/guides/chemical-formula/propanone
chemical_formula_for,na2co3,soda chemical formula,9900,0.8,yes,/guides/chemical-formula/na2co3
chemical_formula_for,nahco3,sodium bicarbonate chemical formula,9900,4.18,yes,/guides/chemical-formula/nahco3
chemical_formula_for,caco3,calcium carbonate chemical formula,8100,,yes,/guides/chemical-formula/caco3
chemical_formula_for,cacl2,calcium chloride chemical formula,8100,,yes,/guides/chemical-formula/cacl2
chemical_formula_for,cacl2,chemical formula calcium chloride,8100,1.44,yes,/guides/chemical-formula/cacl2
chemical_formula_for,cacl2,chemical formula for calcium chloride,8100,,yes,/guides/chemical-formula/cacl2
chemical_formula_for,no3,chemical formula for nitrate,8100,,yes,/guides/chemical-formula/no3
chemical_formula_for,nacl,chemical formula for salt,8100,,yes,/guides/chemical-formula/nacl
chemical_formula_for,c12h22o11,chemical formula for sugar,8100,,yes,/guides/chemical-formula/c12h22o11
chemical_formula_for,ch3cooh,chemical formula for vinegar,8100,,no,/guides/chemical-formula/ch3cooh
chemical_formula_for,no3,chemical formula nitrate,8100,,yes,/guides/chemical-formula/no3
chemical_formula_for,cacl2,chemical formula of calcium chloride,8100,,yes,/guides/chemical-formula/cacl2
chemical_formula_for,no3,chemical formula of nitrate,8100,,yes,/guides/chemical-formula/no3
chemical_formula_for,nacl,chemical formula of salt,8100,,yes,/guides/chemical-formula/nacl
chemical_formula_for,salts,chemical formula of salts,8100,,yes,/guides/chemical-formula/salts
chemical_formula_for,c12h22o11,chemical formula of sugar,8100,,yes,/guides/chemical-formula/c12h22o11
chemical_formula_for,ch3cooh,chemical formula of vinegar,8100,,yes,/guides/chemical-formula/ch3cooh
chemical_formula_for,nacl,chemical formula salt,8100,,yes,/guides/chemical-formula/nacl
chemical_formula_for,c12h22o11,chemical formula sugar,8100,,yes,/guides/chemical-formula/c12h22o11
chemical_formula_for,ch3cooh,chemical formula vinegar,8100,,yes,/guides/chemical-formula/ch3cooh
chemical_formula_for,nacl,chemical salt formula,8100,,yes,/guides/chemical-formula/nacl
chemical_formula_for,ch3cooh,distilled vinegar chemical formula,8100,,yes,/guides/chemical-formula/ch3cooh
chemical_formula_for,no3,nitrate chemical formula,8100,,yes,/guides/chemical-formula/no3
chemical_formula_for,nacl,salt chemical formula,8100,,yes,/guides/chemical-formula/nacl
chemical_formula_for,salts,salts chemical formula,8100,,yes,/guides/chemical-formula/salts
chemical_formula_for,c12h22o11,sugar chemical formula,8100,,yes,/guides/chemical-formula/c12h22o11
chemical_formula_for,c6h12o6,sugars chemical formula,8100,,yes,/guides/chemical-formula/c6h12o6
chemical_formula_for,ch3cooh,vinegar chemical formula,8100,,no,/guides/chemical-formula/ch3cooh
chemical_formula_for,h2o,chemical formula for water,6600,,yes,/guides/chemical-formula/h2o
chemical_formula_for,h2o,chemical formula of water,6600,,yes,/guides/chemical-formula/h2o
chemical_formula_for,h2o,chemical formula water,6600,,yes,/guides/chemical-formula/h2o
chemical_formula_for,h2o,water chemical formula,6600,,yes,/guides/chemical-formula/h2o
chemical_formula_for,hco3,bicarbonate chemical formula,5400,1,yes,/guides/chemical-formula/hco3
chemical_formula_for,naclo,bleach chemical formula,5400,,yes,/guides/chemical-formula/naclo
chemical_formula_for,caoh2,calcium hydroxide chemical formula,5400,,yes,/guides/chemical-formula/caoh2
chemical_formula_for,naclo,chemical formula bleach,5400,,yes,/guides/chemical-formula/naclo
chemical_formula_for,c6h8o7,chemical formula citric acid,5400,9.38,yes,/guides/chemical-formula/c6h8o7
chemical_formula_for,naclo,chemical formula for bleach,5400,,yes,/guides/chemical-formula/naclo
chemical_formula_for,c6h8o7,chemical formula for citric acid,5400,1.38,yes,/guides/chemical-formula/c6h8o7
chemical_formula_for,nh3,chemical formula nh3,5400,,yes,/guides/chemical-formula/nh3
chemical_formula_for,caoh2,chemical formula of calcium hydroxide,5400,,yes,/guides/chemical-formula/caoh2
chemical_formula_for,c6h8o7,chemical formula of citric acid,5400,,yes,/guides/chemical-formula/c6h8o7
chemical_formula_for,agno3,chemical formula of silver nitrate,5400,,yes,/guides/chemical-formula/agno3
chemical_formula_for,mgo,magnesium oxide chemical formula,5400,,yes,/guides/chemical-formula/mgo
chemical_formula_for,mgo,mgo chemical formula,5400,,yes,/guides/chemical-formula/mgo
chemical_formula_for,c4h10,butane chemical formula,4400,,yes,/guides/chemical-formula/c4h10
chemical_formula_for,cl2,chemical formula chlorine gas,4400,,yes,/guides/chemical-formula/cl2
chemical_formula_for,caoh2,chemical formula for calcium hydroxide,4400,,yes,/guides/chemical-formula/caoh2
chemical_formula_for,cl,chemical formula for chlorine,4400,,yes,/guides/chemical-formula/cl
chemical_formula_for,cl2,chemical formula for chlorine gas,4400,,yes,/guides/chemical-formula/cl2
chemical_formula_for,c3h8,chemical formula for propane,4400,,yes,/guides/chemical-formula/c3h8
chemical_formula_for,nacl,chemical formula for table salt,4400,,yes,/guides/chemical-formula/nacl
chemical_formula_for,ch3oh,chemical formula methanol,4400,,yes,/guides/chemical-formula/ch3oh
chemical_formula_for,cl,chemical formula of chlorine,4400,,yes,/guides/chemical-formula/cl
chemical_formula_for,cl2,chemical formula of chlorine gas,4400,,yes,/guides/chemical-formula/cl2
chemical_formula_for,ch4o,chemical formula of methyl alcohol,4400,14.63,yes,/guides/chemical-formula/ch4o
chemical_formula_for,c3h8,chemical formula of propane,4400,,yes,/guides/chemical-formula/c3h8
chemical_formula_for,nacl,chemical formula of table salt,4400,,yes,/guides/chemical-formula/nacl
chemical_formula_for,c3h8,chemical formula propane,4400,,yes,/guides/chemical-formula/c3h8
chemical_formula_for,nacl,chemical formula table salt,4400,,yes,/guides/chemical-formula/nacl
chemical_formula_for,cl,chlorine chemical formula,4400,,yes,/guides/chemical-formula/cl
chemical_formula_for,cl2,chlorine gas chemical formula,4400,,yes,/guides/chemical-formula/cl2
chemical_formula_for,c10h15n,meth chemical formula,4400,,yes,/guides/chemical-formula/c10h15n
chemical_formula_for,c10h15n,methamphetamine chemical formula,4400,,yes,/guides/chemical-formula/c10h15n
chemical_formula_for,ch4o,methyl alcohol chemical formula,4400,,yes,/guides/chemical-formula/ch4o
chemical_formula_for,c3h8,propane chemical formula,4400,,yes,/guides/chemical-formula/c3h8
chemical_formula_for,na2so4,sodium sulfate chemical formula,4400,,yes,/guides/chemical-formula/na2so4
chemical_formula_for,nacl,table salt chemical formula,4400,,yes,/guides/chemical-formula/nacl
chemical_formula_for,c6h12o6,what is glucose chemical formula,4400,,yes,/guides/chemical-formula/c6h12o6
chemical_formula_for,c6h12o6,what is the chemical formula for glucose,4400,,yes,/guides/chemical-formula/c6h12o6
chemical_formula_for,c6h12o6,what is the chemical formula of glucose,4400,,yes,/guides/chemical-formula/c6h12o6
chemical_formula_for,c8h10n4o2,chemical formula caffeine,3600,,yes,/guides/chemical-formula/c8h10n4o2
chemical_formula_for,h2o,chemical formula dihydrogen monoxide,3600,,yes,/guides/chemical-formula/h2o
chemical_formula_for,c2h6,chemical formula ethane,3600,,yes,/guides/chemical-formula/c2h6
chemical_formula_for,h2o,chemical formula for dihydrogen monoxide,3600,,no,/guides/chemical-formula/h2o
chemical_formula_for,c2h6,chemical formula for ethane,3600,,yes,/guides/chemical-formula/c2h6
chemical_formula_for,h,chemical formula for hydrogen,3600,,yes,/guides/chemical-formula/h
chemical_formula_for,h2,chemical formula for hydrogen gas,3600,,yes,/guides/chemical-formula/h2
chemical_formula_for,fe2o3,chemical formula for iron iii oxide,3600,,yes,/guides/chemical-formula/fe2o3
chemical_formula_for,no2,chemical formula for nitrite,3600,,yes,/guides/chemical-formula/no2
chemical_formula_for,no2,chemical formula for nitrite ion,3600,,yes,/guides/chemical-formula/no2
chemical_formula_for,hclo4,chemical formula for perchloric acid,3600,,yes,/guides/chemical-formula/hclo4
chemical_formula_for,kno3,chemical formula for potassium nitrate,3600,,yes,/guides/chemical-formula/kno3
chemical_formula_for,c3h8o,chemical formula for rubbing alcohol,3600,,yes,/guides/chemical-formula/c3h8o
chemical_formula_for,so3,chemical formula for sulfite ion,3600,,yes,/guides/chemical-formula/so3
chemical_formula_for,h2,chemical formula hydrogen gas,3600,,yes,/guides/chemical-formula/h2
chemical_formula_for,fe2o3,chemical formula iron iii oxide,3600,,yes,/guides/chemical-formula/fe2o3
chemical_formula_for,c8h10n4o2,chemical formula of caffeine,3600,,yes,/guides/chemical-formula/c8h10n4o2
chemical_formula_for,c2h6,chemical formula of ethane,3600,,yes,/guides/chemical-formula/c2h6
chemical_formula_for,h,chemical formula of hydrogen,3600,,yes,/guides/chemical-formula/h
chemical_formula_for,h2,chemical formula of hydrogen gas,3600,,yes,/guides/chemical-formula/h2
chemical_formula_for,fe2o3,chemical formula of iron iii oxide,3600,,yes,/guides/chemical-formula/fe2o3
chemical_formula_for,c3h8o,chemical formula of isopropyl alcohol,3600,,yes,/guides/chemical-formula/c3h8o
chemical_formula_for,no2,chemical formula of nitrite,3600,,yes,/guides/chemical-formula/no2
chemical_formula_for,kno3,chemical formula of potassium nitrate,3600,,yes,/guides/chemical-formula/kno3
chemical_formula_for,c2h3nao2,chemical formula of sodium acetate,3600,,yes,/guides/chemical-formula/c2h3nao2
chemical_formula_for,hclo4,chemical formula perchloric acid,3600,,yes,/guides/chemical-formula/hclo4
chemical_formula_for,kno3,chemical formula potassium nitrate,3600,,yes,/guides/chemical-formula/kno3
chemical_formula_for,h2o,dhmo chemical formula,3600,,yes,/guides/chemical-formula/h2o
chemical_formula_for,h2o,dihydrogen monoxide chemical formula,3600,,yes,/guides/chemical-formula/h2o
chemical_formula_for,c2h6,ethane chemical formula,3600,,yes,/guides/chemical-formula/c2h6
chemical_formula_for,h2,hydrogen gas chemical formula,3600,,yes,/guides/chemical-formula/h2
chemical_formula_for,ipa,ipa chemical formula,3600,,yes,/guides/chemical-formula/ipa
chemical_formula_for,fe2o3,iron iii oxide chemical formula,3600,,yes,/guides/chemical-formula/fe2o3
chemical_formula_for,c3h8o,isopropanol chemical formula,3600,,yes,/guides/chemical-formula/c3h8o
chemical_formula_for,c3h8o,isopropyl alcohol chemical formula,3600,,yes,/guides/chemical-formula/c3h8o
chemical_formula_for,no2,nitrite chemical formula,3600,,yes,/guides/chemical-formula/no2
chemical_formula_for,o2,peroxide chemical formula,3600,,yes,/guides/chemical-formula/o2
chemical_formula_for,kno3,potassium nitrate chemical formula,3600,,yes,/guides/chemical-formula/kno3
chemical_formula_for,c3h8o,rubbing alcohol chemical formula,3600,,yes,/guides/chemical-formula/c3h8o
chemical_formula_for,c2h3nao2,sodium acetate chemical formula,3600,,yes,/guides/chemical-formula/c2h3nao2
chemical_formula_for,so3,sulfite anion chemical formula,3600,,yes,/guides/chemical-formula/so3
chemical_formula_for,al2s3,aluminium sulfide chemical formula,2900,,no,/guides/chemical-formula/al2s3
chemical_formula_for,al2s3,aluminum sulfide chemical formula,2900,,no,/guides/chemical-formula/al2s3
chemical_formula_for,nh4oh,ammonium hydroxide chemical formula,2900,,yes,/guides/chemical-formula/nh4oh
chemical_formula_for,ccl4,ccl4 chemical formula,2900,,yes,/guides/chemical-formula/ccl4
chemical_formula_for,al2s3,chemical formula aluminum sulfide,2900,,yes,/guides/chemical-formula/al2s3
chemical_formula_for,nh4oh,chemical formula ammonium hydroxide,2900,,yes,/guides/chemical-formula/nh4oh
chemical_formula_for,chcl3,chemical formula chloroform,2900,,yes,/guides/chemical-formula/chcl3
chemical_formula_for,al2s3,chemical formula for aluminum sulfide,2900,,no,/guides/chemical-formula/al2s3
chemical_formula_for,nh4oh,chemical formula for ammonium hydroxide,2900,,yes,/guides/chemical-formula/nh4oh
chemical_formula_for,cro4,chemical formula for chromate,2900,,yes,/guides/chemical-formula/cro4
chemical_formula_for,c,chemical formula for graphite,2900,,yes,/guides/chemical-formula/c
chemical_formula_for,n2o,chemical formula for nitrous oxide,2900,,yes,/guides/chemical-formula/n2o
chemical_formula_for,o,chemical formula for oxygen,2900,,yes,/guides/chemical-formula/o
chemical_formula_for,po4,chemical formula for phosphate,2900,,yes,/guides/chemical-formula/po4
chemical_formula_for,po4,chemical formula for phosphate ion,2900,,yes,/guides/chemical-formula/po4
chemical_formula_for,ch4n2o,chemical formula for urea,2900,5.94,yes,/guides/chemical-formula/ch4n2o
chemical_formula_for,c,chemical formula graphite,2900,,yes,/guides/chemical-formula/c
chemical_formula_for,c6h14,chemical formula hexane,2900,,yes,/guides/chemical-formula/c6h14
chemical_formula_for,n2o,chemical formula nitrous oxide,2900,,yes,/guides/chemical-formula/n2o
chemical_formula_for,ccl4,chemical formula of carbon tetrachloride,2900,,yes,/guides/chemical-formula/ccl4
chemical_formula_for,c,chemical formula of graphite,2900,,yes,/guides/chemical-formula/c
chemical_formula_for,c6h14,chemical formula of hexane,2900,,yes,/guides/chemical-formula/c6h14
chemical_formula_for,o,chemical formula of oxygen,2900,,yes,/guides/chemical-formula/o
chemical_formula_for,po4,chemical formula of phosphate,2900,,yes,/guides/chemical-formula/po4
chemical_formula_for,ch4n2o,chemical formula of urea,2900,,yes,/guides/chemical-formula/ch4n2o
chemical_formula_for,o,chemical formula oxygen,2900,,yes,/guides/chemical-formula/o
chemical_formula_for,po4,chemical formula phosphate,2900,,yes,/guides/chemical-formula/po4
chemical_formula_for,po4,chemical formula phosphate ion,2900,,yes,/guides/chemical-formula/po4
chemical_formula_for,cro4,chromate chemical formula,2900,,yes,/guides/chemical-formula/cro4
chemical_formula_for,cuo,copper oxide chemical formula,2900,,yes,/guides/chemical-formula/cuo
chemical_formula_for,c,graphite chemical formula,2900,,yes,/guides/chemical-formula/c
chemical_formula_for,c,graphite formula chemical,2900,,yes,/guides/chemical-formula/c
chemical_formula_for,c6h14,hexane chemical formula,2900,,yes,/guides/chemical-formula/c6h14
chemical_formula_for,n2o,nitrous oxide chemical formula,2900,,yes,/guides/chemical-formula/n2o
chemical_formula_for,o,oxygen chemical formula,2900,,yes,/guides/chemical-formula/o
chemical_formula_for,po4,phosphate chemical formula,2900,,yes,/guides/chemical-formula/po4
chemical_formula_for,p2o7,polyphosphate chemical formula,2900,,yes,/guides/chemical-formula/p2o7
chemical_formula_for,c12h22o11,sucrose chemical formula,2900,,yes,/guides/chemical-formula/c12h22o11
chemical_formula_for,s,sulphide chemical formula,2900,,yes,/guides/chemical-formula/s
chemical_formula_for,ccl4,tetrachloromethane chemical formula,2900,,yes,/guides/chemical-formula/ccl4
chemical_formula_for,ch4n2o,urea chemical formula,2900,,yes,/guides/chemical-formula/ch4n2o
chemical_formula_for,h2o,what is the chemical formula for water,2900,,yes,/guides/chemical-formula/h2o
chemical_formula_for,c9h8o4,acetylsalicylic acid chemical formula,2400,,yes,/guides/chemical-formula/c9h8o4
chemical_formula_for,c9h13n,adderall chemical formula,2400,,yes,/guides/chemical-formula/c9h13n
chemical_formula_for,c9h9no3,adrenochrome chemical formula,2400,,yes,/guides/chemical-formula/c9h9no3
chemical_formula_for,c9h8o4,asa chemical formula,2400,,yes,/guides/chemical-formula/c9h8o4
chemical_formula_for,c8h10n4o2,caffeine chemical formula,2400,,yes,/guides/chemical-formula/c8h10n4o2
chemical_formula_for,c9h8o4,chemical formula aspirin,2400,,yes,/guides/chemical-formula/c9h8o4
chemical_formula_for,c,chemical formula diamond,2400,,yes,/guides/chemical-formula/c
chemical_formula_for,c9h8o4,chemical formula for aspirin,2400,,yes,/guides/chemical-formula/c9h8o4
chemical_formula_for,hclo3,chemical formula for chloric acid,2400,,yes,/guides/chemical-formula/hclo3
chemical_formula_for,clo2,chemical formula for chlorite,2400,,yes,/guides/chemical-formula/clo2
chemical_formula_for,p2o5,chemical formula for diphosphorus pentoxide,2400,,yes,/guides/chemical-formula/p2o5
chemical_formula_for,f,chemical formula for fluoride,2400,,yes,/guides/chemical-formula/f
chemical_formula_for,c6h12o6,chemical formula for fructose,2400,,yes,/guides/chemical-formula/c6h12o6
chemical_formula_for,h2s,chemical formula for hydrogen sulfide,2400,1.87,yes,/guides/chemical-formula/h2s
chemical_formula_for,h2s,chemical formula for hydrogen sulphide,2400,3.92,yes,/guides/chemical-formula/h2s
chemical_formula_for,mgno3,chemical formula for magnesium nitrate,2400,,yes,/guides/chemical-formula/mgno3
chemical_formula_for,mg3po4,chemical formula for magnesium phosphate,2400,,yes,/guides/chemical-formula/mg3po4
chemical_formula_for,ch3oh,chemical formula for methanol,2400,,yes,/guides/chemical-formula/ch3oh
chemical_formula_for,octane,chemical formula for octane,2400,,yes,/guides/chemical-formula/octane
chemical_formula_for,sio2,chemical formula for silicon dioxide,2400,,yes,/guides/chemical-formula/sio2
chemical_formula_for,nacl,chemical formula for sodium chloride,2400,,yes,/guides/chemical-formula/nacl
chemical_formula_for,h2so4,chemical formula for sulfuric acid,2400,,yes,/guides/chemical-formula/h2so4
chemical_formula_for,h2so4,chemical formula for sulphuric acid,2400,,yes,/guides/chemical-formula/h2so4
chemical_formula_for,h2s,chemical formula h2s,2400,3.92,yes,/guides/chemical-formula/h2s
chemical_formula_for,h2s,chemical formula hydrogen sulfide,2400,1.87,yes,/guides/chemical-formula/h2s
chemical_formula_for,h2s,chemical formula hydrogen sulphide,2400,1.87,yes,/guides/chemical-formula/h2s
chemical_formula_for,mg3po4,chemical formula magnesium phosphate,2400,,yes,/guides/chemical-formula/mg3po4
chemical_formula_for,c9h13n,chemical formula of adderall,2400,,yes,/guides/chemical-formula/c9h13n
chemical_formula_for,c9h8o4,chemical formula of aspirin,2400,,yes,/guides/chemical-formula/c9h8o4
chemical_formula_for,clo2,chemical formula of chlorite,2400,,yes,/guides/chemical-formula/clo2
chemical_formula_for,c,chemical formula of diamond,2400,,yes,/guides/chemical-formula/c
chemical_formula_for,p2o5,chemical formula of diphosphorus pentoxide,2400,,yes,/guides/chemical-formula/p2o5
chemical_formula_for,f,chemical formula of fluoride,2400,,yes,/guides/chemical-formula/f
chemical_formula_for,c6h12o6,chemical formula of fructose,2400,,yes,/guides/chemical-formula/c6h12o6
chemical_formula_for,h2s,chemical formula of hydrogen sulphide,2400,1.87,yes,/guides/chemical-formula/h2s
chemical_formula_for,mgno3,chemical formula of magnesium nitrate,2400,,yes,/guides/chemical-formula/mgno3
chemical_formula_for,mg3po4,chemical formula of magnesium phosphate,2400,,yes,/guides/chemical-formula/mg3po4
chemical_formula_for,ch3oh,chemical formula of methanol,2400,,yes,/guides/chemical-formula/ch3oh
chemical_formula_for,octane,chemical formula of octane,2400,,yes,/guides/chemical-formula/octane
chemical_formula_for,nacl,chemical formula of sodium chloride,2400,,yes,/guides/chemical-formula/nacl
chemical_formula_for,h2so4,chemical formula of sulfuric acid,2400,,yes,/guides/chemical-formula/h2so4
chemical_formula_for,h2so4,chemical formula of sulphuric acid,2400,,yes,/guides/chemical-formula/h2so4
chemical_formula_for,nacl,chemical formula sodium chloride,2400,,yes,/guides/chemical-formula/nacl
chemical_formula_for,h2so4,chemical formula sulfuric acid,2400,,yes,/guides/chemical-formula/h2so4
chemical_formula_for,clo2,chlorite chemical formula,2400,,yes,/guides/chemical-formula/clo2
chemical_formula_for,c,diamond chemical formula,2400,,yes,/guides/chemical-formula/c
chemical_formula_for,c,diamonds chemical formula,2400,1.76,yes,/guides/chemical-formula/c
chemical_formula_for,f,fluoride chemical formula,2400,,yes,/guides/chemical-formula/f
chemical_formula_for,h2s,hydrogen sulfide chemical formula,2400,1.87,yes,/guides/chemical-formula/h2s
chemical_formula_for,mgno3,magnesium nitrate chemical formula,2400,,yes,/guides/chemical-formula/mgno3
chemical_formula_for,mg3po4,magnesium phosphate chemical formula,2400,,yes,/guides/chemical-formula/mg3po4
chemical_formula_for,ch3oh,methanol chemical formula,2400,,yes,/guides/chemical-formula/ch3oh
chemical_formula_for,octane,octane chemical formula,2400,,yes,/guides/chemical-formula/octane
chemical_formula_for,nacl,sodium chloride chemical formula,2400,,yes,/guides/chemical-formula/nacl
chemical_formula_for,h2so4,sulfuric acid chemical formula,2400,,yes,/guides/chemical-formula/h2so4
chemical_formula_for,c9h8o4,aspirin chemical formula,1900,,yes,/guides/chemical-formula/c9h8o4
chemical_formula_for,c7h6o2,benzoic acid chemical formula,1900,,yes,/guides/chemical-formula/c7h6o2
chemical_formula_for,gasoline,chemical formula for gasoline,1900,,yes,/guides/chemical-formula/gasoline
chemical_formula_for,hcl,chemical formula for hydrochloric acid,1900,,yes,/guides/chemical-formula/hcl
chemical_formula_for,i,chemical formula for iodine,1900,,yes,/guides/chemical-formula/i
chemical_formula_for,no2,chemical formula for nitrogen dioxide,1900,,yes,/guides/chemical-formula/no2
chemical_formula_for,o3,chemical formula for ozone,1900,,yes,/guides/chemical-formula/o3
chemical_formula_for,k2s,chemical formula for potassium sulfide,1900,,no,/guides/chemical-formula/k2s
chemical_formula_for,nabr,chemical formula for sodium bromide,1900,1.05,yes,/guides/chemical-formula/nabr
chemical_formula_for,gasoline,chemical formula gasoline,1900,,yes,/guides/chemical-formula/gasoline
chemical_formula_for,hcl,chemical formula hcl,1900,,yes,/guides/chemical-formula/hcl
chemical_formula_for,hcl,chemical formula hydrochloric acid,1900,,yes,/guides/chemical-formula/hcl
chemical_formula_for,ibuprofen,chemical formula ibuprofen,1900,,yes,/guides/chemical-formula/ibuprofen
chemical_formula_for,no2,chemical formula nitrogen dioxide,1900,,yes,/guides/chemical-formula/no2
chemical_formula_for,c6h8o6,chemical formula of ascorbic acid,1900,,yes,/guides/chemical-formula/c6h8o6
chemical_formula_for,hcl,chemical formula of hydrochloric acid,1900,,yes,/guides/chemical-formula/hcl
chemical_formula_for,ibuprofen,chemical formula of ibuprofen,1900,,yes,/guides/chemical-formula/ibuprofen
chemical_formula_for,i,chemical formula of iodine,1900,,yes,/guides/chemical-formula/i
chemical_formula_for,no2,chemical formula of nitrogen dioxide,1900,,yes,/guides/chemical-formula/no2
chemical_formula_for,o3,chemical formula of ozone,1900,,yes,/guides/chemical-formula/o3
chemical_formula_for,nabr,chemical formula of sodium bromide,1900,1.05,yes,/guides/chemical-formula/nabr
chemical_formula_for,k2s,chemical formula potassium sulfide,1900,,yes,/guides/chemical-formula/k2s
chemical_formula_for,gasoline,gasoline chemical formula,1900,,yes,/guides/chemical-formula/gasoline
chemical_formula_for,hcl,hcl chemical formula,1900,,yes,/guides/chemical-formula/hcl
chemical_formula_for,hcl,hydrochloric acid chemical formula,1900,,yes,/guides/chemical-formula/hcl
chemical_formula_for,hcl,hydrochloric chemical formula,1900,,yes,/guides/chemical-formula/hcl
chemical_formula_for,hcl,hydrogen chloride chemical formula,1900,,yes,/guides/chemical-formula/hcl
chemical_formula_for,ibuprofen,ibuprofen chemical formula,1900,,yes,/guides/chemical-formula/ibuprofen
chemical_formula_for,i,iodine chemical formula,1900,,yes,/guides/chemical-formula/i
chemical_formula_for,k2s,k2s chemical formula,1900,,yes,/guides/chemical-formula/k2s
chemical_formula_for,c20h25n3o,lysergic acid diethylamide chemical formula,1900,,yes,/guides/chemical-formula/c20h25n3o
chemical_formula_for,hcl,muriatic acid chemical formula,1900,,yes,/guides/chemical-formula/hcl
chemical_formula_for,nabr,nabr chemical formula,1900,,yes,/guides/chemical-formula/nabr
chemical_formula_for,o3,o3 chemical formula,1900,,yes,/guides/chemical-formula/o3
chemical_formula_for,c2h2o4,oxalic acid chemical formula,1900,12.11,yes,/guides/chemical-formula/c2h2o4
chemical_formula_for,o3,ozone chemical formula,1900,,yes,/guides/chemical-formula/o3
chemical_formula_for,clo4,perchlorate chemical formula,1900,,yes,/guides/chemical-formula/clo4
chemical_formula_for,k2s,potassium sulfide chemical formula,1900,,no,/guides/chemical-formula/k2s
chemical_formula_for,c8h9no2,acetaminophen chemical formula,1600,,yes,/guides/chemical-formula/c8h9no2
chemical_formula_for,nahco3,baking soda formula and chemical name,1600,,yes,/guides/chemical-formula/nahco3
chemical_formula_for,na2b4o7,borax chemical formula,1600,,yes,/guides/chemical-formula/na2b4o7
chemical_formula_for,cs2,carbon disulfide chemical formula,1600,,yes,/guides/chemical-formula/cs2
chemical_formula_for,na2b4o7,chemical formula borax,1600,2.16,yes,/guides/chemical-formula/na2b4o7
chemical_formula_for,na2b4o7,chemical formula for borax,1600,2.16,yes,/guides/chemical-formula/na2b4o7
chemical_formula_for,cs2,chemical formula for carbon disulfide,1600,,yes,/guides/chemical-formula/cs2
chemical_formula_for,n2o,chemical formula for dinitrogen monoxide,1600,,yes,/guides/chemical-formula/n2o
chemical_formula_for,n2o5,chemical formula for dinitrogen pentoxide,1600,,yes,/guides/chemical-formula/n2o5
chemical_formula_for,c3h8o3,chemical formula for glycerol,1600,,yes,/guides/chemical-formula/c3h8o3
chemical_formula_for,caco3,chemical formula for limestone,1600,,yes,/guides/chemical-formula/caco3
chemical_formula_for,n,chemical formula for nitrogen,1600,,yes,/guides/chemical-formula/n
chemical_formula_for,n2,chemical formula for nitrogen gas,1600,,yes,/guides/chemical-formula/n2
chemical_formula_for,pcl3,chemical formula for phosphorus trichloride,1600,,yes,/guides/chemical-formula/pcl3
chemical_formula_for,agcl,chemical formula for silver chloride,1600,,yes,/guides/chemical-formula/agcl
chemical_formula_for,thc,chemical formula for thc,1600,,yes,/guides/chemical-formula/thc
chemical_formula_for,c7h8,chemical formula for toluene,1600,,yes,/guides/chemical-formula/c7h8
chemical_formula_for,c3h8o3,chemical formula glycerol,1600,,yes,/guides/chemical-formula/c3h8o3
chemical_formula_for,caco3,chemical formula limestone,1600,,yes,/guides/chemical-formula/caco3
chemical_formula_for,n,chemical formula nitrogen,1600,,yes,/guides/chemical-formula/n
chemical_formula_for,n2,chemical formula nitrogen gas,1600,,yes,/guides/chemical-formula/n2
chemical_formula_for,na2b4o7,chemical formula of borax,1600,,yes,/guides/chemical-formula/na2b4o7
chemical_formula_for,cs2,chemical formula of carbon disulfide,1600,,yes,/guides/chemical-formula/cs2
chemical_formula_for,n2o,chemical formula of dinitrogen monoxide,1600,,yes,/guides/chemical-formula/n2o
chemical_formula_for,c4h8o2,chemical formula of ethyl acetate,1600,,yes,/guides/chemical-formula/c4h8o2
chemical_formula_for,c3h8o3,chemical formula of glycerol,1600,,yes,/guides/chemical-formula/c3h8o3
chemical_formula_for,pbno32,chemical formula of lead nitrate,1600,,yes,/guides/chemical-formula/pbno32
chemical_formula_for,caco3,chemical formula of limestone,1600,,yes,/guides/chemical-formula/caco3
chemical_formula_for,n,chemical formula of nitrogen,1600,,yes,/guides/chemical-formula/n
chemical_formula_for,n2,chemical formula of nitrogen gas,1600,,yes,/guides/chemical-formula/n2
chemical_formula_for,agcl,chemical formula of silver chloride,1600,,yes,/guides/chemical-formula/agcl
chemical_formula_for,thc,chemical formula thc,1600,,yes,/guides/chemical-formula/thc
chemical_formula_for,c7h8,chemical formula toluene,1600,,yes,/guides/chemical-formula/c7h8
chemical_formula_for,nahco3,chemical name and formula for baking soda,1600,,yes,/guides/chemical-formula/nahco3
chemical_formula_for,nahco3,chemical name and formula of baking soda,1600,,yes,/guides/chemical-formula/nahco3
chemical_formula_for,cs2,cs2 chemical formula,1600,,yes,/guides/chemical-formula/cs2
chemical_formula_for,n2o,dinitrogen monoxide chemical formula,1600,,yes,/guides/chemical-formula/n2o
chemical_formula_for,c4h8o2,ethyl acetate chemical formula,1600,,yes,/guides/chemical-formula/c4h8o2
chemical_formula_for,ch2o,formaldehyde chemical formula,1600,,yes,/guides/chemical-formula/ch2o
chemical_formula_for,c3h8o3,glycerol chemical formula,1600,,yes,/guides/chemical-formula/c3h8o3
chemical_formula_for,clo,hypochlorite chemical formula,1600,,yes,/guides/chemical-formula/clo
chemical_formula_for,feo,iron 2 oxide chemical formula,1600,,yes,/guides/chemical-formula/feo
chemical_formula_for,feo,iron ii oxide chemical formula,1600,,yes,/guides/chemical-formula/feo
chemical_formula_for,pbno32,lead nitrate chemical formula,1600,,yes,/guides/chemical-formula/pbno32
chemical_formula_for,cao,lime chemical formula,1600,,yes,/guides/chemical-formula/cao
chemical_formula_for,caco3,limestone chemical formula,1600,,yes,/guides/chemical-formula/caco3
chemical_formula_for,n,nitrogen chemical formula,1600,,yes,/guides/chemical-formula/n
chemical_formula_for,n2,nitrogen gas chemical formula,1600,,yes,/guides/chemical-formula/n2
chemical_formula_for,pcl3,pcl3 chemical formula,1600,,yes,/guides/chemical-formula/pcl3
chemical_formula_for,pcl3,phosphorus trichloride chemical formula,1600,,yes,/guides/chemical-formula/pcl3
chemical_formula_for,agcl,silver chloride chemical formula,1600,,yes,/guides/chemical-formula/agcl
chemical_formula_for,na2b4o7,sodium tetraborate chemical formula,1600,,yes,/guides/chemical-formula/na2b4o7
chemical_formula_for,so4,sulfate ion chemical formula,1600,,yes,/guides/chemical-formula/so4
chemical_formula_for,sf6,sulfur hexafluoride chemical formula,1600,,yes,/guides/chemical-formula/sf6
chemical_formula_for,so4,sulphate chemical formula,1600,,yes,/guides/chemical-formula/so4
chemical_formula_for,thc,thc chemical formula,1600,,yes,/guides/chemical-formula/thc
chemical_formula_for,c7h8,toluene chemical formula,1600,,yes,/guides/chemical-formula/c7h8
chemical_formula_for,co2,what is chemical formula of carbon dioxide,1600,,yes,/guides/chemical-formula/co2
chemical_formula_for,co2,what is the chemical formula carbon dioxide,1600,,yes,/guides/chemical-formula/co2
chemical_formula_for,co2,what is the chemical formula for carbon dioxide,1600,,yes,/guides/chemical-formula/co2
chemical_formula_for,o,what is the chemical formula for oxygen,1600,,yes,/guides/chemical-formula/o
chemical_formula_for,co2,what is the chemical formula of carbon dioxide,1600,,yes,/guides/chemical-formula/co2
chemical_formula_for,o,what is the chemical formula of oxygen,1600,,yes,/guides/chemical-formula/o
chemical_formula_for,cas,chemical formula for calcium and sulfur,1300,,yes,/guides/chemical-formula/cas
chemical_formula_for,cas,chemical formula for calcium sulfide,1300,,yes,/guides/chemical-formula/cas
chemical_formula_for,c18h24o2,chemical formula for estrogen,1300,,yes,/guides/chemical-formula/c18h24o2
chemical_formula_for,li3n,chemical formula for lithium nitride,1300,,yes,/guides/chemical-formula/li3n
chemical_formula_for,mgbr2,chemical formula for magnesium bromide,1300,,yes,/guides/chemical-formula/mgbr2
chemical_formula_for,mgs,chemical formula for magnesium sulfide,1300,,yes,/guides/chemical-formula/mgs
chemical_formula_for,c5h12,chemical formula for pentane,1300,,yes,/guides/chemical-formula/c5h12
chemical_formula_for,na,chemical formula for sodium,1300,,yes,/guides/chemical-formula/na
chemical_formula_for,h2o,chemical formula h2o,1300,,yes,/guides/chemical-formula/h2o
chemical_formula_for,li3n,chemical formula lithium nitride,1300,,yes,/guides/chemical-formula/li3n
chemical_formula_for,mgs,chemical formula of magnesium sulphide,1300,,yes,/guides/chemical-formula/mgs
chemical_formula_for,c25h52,chemical formula of paraffin wax,1300,,yes,/guides/chemical-formula/c25h52
chemical_formula_for,fe2o3,chemical formula rust,1300,,yes,/guides/chemical-formula/fe2o3
chemical_formula_for,c6h8o7,citric acid chemical formula,1300,,yes,/guides/chemical-formula/c6h8o7
chemical_formula_for,so4,sulfate chemical formula,1300,,yes,/guides/chemical-formula/so4
chemical_formula_for,nh3,what is ammonia chemical formula,1300,,yes,/guides/chemical-formula/nh3
chemical_formula_for,nh3,what is chemical formula of ammonia,1300,,yes,/guides/chemical-formula/nh3
chemical_formula_for,h2o,what is chemical formula of water,1300,,yes,/guides/chemical-formula/h2o
chemical_formula_for,nh3,what is the chemical formula for ammonia,1300,,yes,/guides/chemical-formula/nh3
chemical_formula_for,nh4,what is the chemical formula for ammonium,1300,,yes,/guides/chemical-formula/nh4
chemical_formula_for,nacl,what is the chemical formula for salt,1300,,yes,/guides/chemical-formula/nacl
chemical_formula_for,nh3,what is the chemical formula of ammonia,1300,,yes,/guides/chemical-formula/nh3
chemical_formula_for,nacl,what is the chemical formula of salt,1300,,yes,/guides/chemical-formula/nacl
lewis_structure,co2,co2 lewis dot structure,60500,,yes,/guides/lewis-structure/co2
lewis_structure,co2,co2 lewis structure,60500,,yes,/guides/lewis-structure/co2
lewis_structure,co2,lewis co2 structure,60500,,yes,/guides/lewis-structure/co2
lewis_structure,co2,lewis dot structure co2,60500,,yes,/guides/lewis-structure/co2
lewis_structure,co2,lewis dot structure for co2,60500,,yes,/guides/lewis-structure/co2
lewis_structure,co2,lewis dot structure of co2,60500,,yes,/guides/lewis-structure/co2
lewis_structure,co2,lewis structure co2,60500,,yes,/guides/lewis-structure/co2
lewis_structure,co2,lewis structure for co2,60500,,yes,/guides/lewis-structure/co2
lewis_structure,co2,lewis structure of co2,60500,,yes,/guides/lewis-structure/co2
lewis_structure,so2,lewis dot structure for so2,40500,,yes,/guides/lewis-structure/so2
lewis_structure,so2,lewis dot structure of so2,40500,,yes,/guides/lewis-structure/so2
lewis_structure,so2,lewis dot structure so2,40500,,yes,/guides/lewis-structure/so2
lewis_structure,so2,lewis structure for so2,40500,,yes,/guides/lewis-structure/so2
lewis_structure,so2,lewis structure for sulfur dioxide,40500,,yes,/guides/lewis-structure/so2
lewis_structure,so2,lewis structure of so2,40500,,yes,/guides/lewis-structure/so2
lewis_structure,so2,lewis structure of sulfur dioxide,40500,,yes,/guides/lewis-structure/so2
lewis_structure,so2,lewis structure of sulphur dioxide,40500,,yes,/guides/lewis-structure/so2
lewis_structure,s,lewis structure s,40500,,yes,/guides/lewis-structure/s
lewis_structure,so2,lewis structure so2,40500,,yes,/guides/lewis-structure/so2
lewis_structure,so2,lewis structure sulfur dioxide,40500,,yes,/guides/lewis-structure/so2
lewis_structure,so2,so2 lewis dot structure,40500,,yes,/guides/lewis-structure/so2
lewis_structure,so2,so2 lewis structure,40500,,yes,/guides/lewis-structure/so2
lewis_structure,so2,sulfur dioxide lewis structure,40500,,yes,/guides/lewis-structure/so2
lewis_structure,so2,sulphur dioxide lewis structure,40500,,yes,/guides/lewis-structure/so2
lewis_structure,hcn,h c n lewis structure,33100,,yes,/guides/lewis-structure/hcn
lewis_structure,h2o,h2o lewis dot structure,33100,,yes,/guides/lewis-structure/h2o
lewis_structure,h2o,h2o lewis structure,33100,,yes,/guides/lewis-structure/h2o
lewis_structure,hcn,hcn lewis structure,33100,,yes,/guides/lewis-structure/hcn
lewis_structure,hcn,hydrogen cyanide lewis structure,33100,,yes,/guides/lewis-structure/hcn
lewis_structure,h2o,lewis dot structure for h2o,33100,,yes,/guides/lewis-structure/h2o
lewis_structure,no2,lewis dot structure for no2,33100,,yes,/guides/lewis-structure/no2
lewis_structure,h2o,lewis dot structure for water,33100,,yes,/guides/lewis-structure/h2o
lewis_structure,h2o,lewis dot structure for water h2o,33100,,yes,/guides/lewis-structure/h2o
lewis_structure,h2o,lewis dot structure h2o,33100,,yes,/guides/lewis-structure/h2o
lewis_structure,hcn,lewis dot structure hcn,33100,,yes,/guides/lewis-structure/hcn
lewis_structure,hcn,lewis dot structure hydrogen cyanide,33100,,yes,/guides/lewis-structure/hcn
lewis_structure,no2,lewis dot structure no2,33100,,yes,/guides/lewis-structure/no2
lewis_structure,h2o,lewis dot structure of h2o,33100,,yes,/guides/lewis-structure/h2o
lewis_structure,hcn,lewis dot structure of hcn,33100,,yes,/guides/lewis-structure/hcn
lewis_structure,hcn,lewis dot structure of hydrogen cyanide,33100,,yes,/guides/lewis-structure/hcn
lewis_structure,no2,lewis dot structure of no2,33100,,yes,/guides/lewis-structure/no2
lewis_structure,h2o,lewis dot structure water,33100,,yes,/guides/lewis-structure/h2o
lewis_structure,h2o,lewis h2o structure,33100,,yes,/guides/lewis-structure/h2o
lewis_structure,no2,lewis no2 structure,33100,,yes,/guides/lewis-structure/no2
lewis_structure,h2o,lewis structure for h2o,33100,,yes,/guides/lewis-structure/h2o
lewis_structure,hcn,lewis structure for hcn,33100,,yes,/guides/lewis-structure/hcn
lewis_structure,hcn,lewis structure for hydrogen cyanide,33100,,yes,/guides/lewis-structure/hcn
lewis_structure,no2,lewis structure for no2,33100,,yes,/guides/lewis-structure/no2
lewis_structure,h2o,lewis structure for water,33100,,yes,/guides/lewis-structure/h2o
lewis_structure,h2o,lewis structure for water h2o,33100,,yes,/guides/lewis-structure/h2o
lewis_structure,h2o,lewis structure h2o,33100,,yes,/guides/lewis-structure/h2o
lewis_structure,hcn,lewis structure hcn,33100,,yes,/guides/lewis-structure/hcn
lewis_structure,hcn,lewis structure hydrogen cyanide,33100,,yes,/guides/lewis-structure/hcn
lewis_structure,no2,lewis structure no2,33100,,yes,/guides/lewis-structure/no2
lewis_structure,hcn,lewis structure of h c n,33100,,yes,/guides/lewis-structure/hcn
lewis_structure,h2o,lewis structure of h2o,33100,,yes,/guides/lewis-structure/h2o
lewis_structure,hcn,lewis structure of hcn,33100,,yes,/guides/lewis-structure/hcn
lewis_structure,hcn,lewis structure of hydrogen cyanide,33100,,yes,/guides/lewis-structure/hcn
lewis_structure,no2,lewis structure of no2,33100,,yes,/guides/lewis-structure/no2
lewis_structure,h2o,lewis structure water h2o,33100,,yes,/guides/lewis-structure/h2o
lewis_structure,no2,lewis structure: no2,33100,,yes,/guides/lewis-structure/no2
lewis_structure,no2,no 2 lewis structure,33100,,yes,/guides/lewis-structure/no2
lewis_structure,no2,no2 2 lewis structure,33100,,yes,/guides/lewis-structure/no2
lewis_structure,no2,no2 ion lewis structure,33100,,yes,/guides/lewis-structure/no2
lewis_structure,no2,no2 lewis dot structure,33100,,yes,/guides/lewis-structure/no2
lewis_structure,no2,no2 lewis structure,33100,,yes,/guides/lewis-structure/no2
lewis_structure,co,c o lewis structure,27100,,yes,/guides/lewis-structure/co
lewis_structure,co,carbon monoxide lewis structure,27100,,yes,/guides/lewis-structure/co
lewis_structure,ch4,ch4 lewis dot structure,27100,,yes,/guides/lewis-structure/ch4
lewis_structure,ch4,ch4 lewis structure,27100,,yes,/guides/lewis-structure/ch4
lewis_structure,co,co lewis dot structure,27100,,yes,/guides/lewis-structure/co
lewis_structure,co,co lewis structure,27100,,yes,/guides/lewis-structure/co
lewis_structure,co,co structure lewis,27100,,yes,/guides/lewis-structure/co
lewis_structure,ch4,lewis dot structure ch4,27100,,yes,/guides/lewis-structure/ch4
lewis_structure,co,lewis dot structure co,27100,,yes,/guides/lewis-structure/co
lewis_structure,ch4,lewis dot structure for ch4,27100,,yes,/guides/lewis-structure/ch4
lewis_structure,co,lewis dot structure for co,27100,,yes,/guides/lewis-structure/co
lewis_structure,n2,lewis dot structure for n2,27100,,yes,/guides/lewis-structure/n2
lewis_structure,nh3,lewis dot structure for nh3,27100,,yes,/guides/lewis-structure/nh3
lewis_structure,o3,lewis dot structure for o3,27100,,yes,/guides/lewis-structure/o3
lewis_structure,n2,lewis dot structure n2,27100,,yes,/guides/lewis-structure/n2
lewis_structure,o3,lewis dot structure o3,27100,,yes,/guides/lewis-structure/o3
lewis_structure,ch4,lewis dot structure of ch4,27100,,yes,/guides/lewis-structure/ch4
lewis_structure,co,lewis dot structure of co,27100,,yes,/guides/lewis-structure/co
lewis_structure,n2,lewis dot structure of n2,27100,,yes,/guides/lewis-structure/n2
lewis_structure,nh3,lewis dot structure of nh3,27100,,yes,/guides/lewis-structure/nh3
lewis_structure,o3,lewis dot structure of o3,27100,,yes,/guides/lewis-structure/o3
lewis_structure,nh3,lewis structure ammonia nh3,27100,,yes,/guides/lewis-structure/nh3
lewis_structure,co,lewis structure carbon monoxide,27100,,yes,/guides/lewis-structure/co
lewis_structure,ch4,lewis structure ch4,27100,,yes,/guides/lewis-structure/ch4
lewis_structure,co,lewis structure co,27100,,yes,/guides/lewis-structure/co
lewis_structure,co,lewis structure for carbon monoxide,27100,,yes,/guides/lewis-structure/co
lewis_structure,ch4,lewis structure for ch4,27100,,yes,/guides/lewis-structure/ch4
lewis_structure,co,lewis structure for co,27100,,yes,/guides/lewis-structure/co
lewis_structure,ch4,lewis structure for methane,27100,,yes,/guides/lewis-structure/ch4
lewis_structure,n2,lewis structure for n2,27100,,yes,/guides/lewis-structure/n2
lewis_structure,o3,lewis structure for o3,27100,,yes,/guides/lewis-structure/o3
lewis_structure,o3,lewis structure for ozone,27100,,yes,/guides/lewis-structure/o3
lewis_structure,ch4,lewis structure methane,27100,,yes,/guides/lewis-structure/ch4
lewis_structure,ch4,lewis structure methane ch4,27100,,yes,/guides/lewis-structure/ch4
lewis_structure,n2,lewis structure n2,27100,,yes,/guides/lewis-structure/n2
lewis_structure,o3,lewis structure o3,27100,,yes,/guides/lewis-structure/o3
lewis_structure,nh3,lewis structure of ammonia nh3,27100,,yes,/guides/lewis-structure/nh3
lewis_structure,co,lewis structure of c o,27100,,yes,/guides/lewis-structure/co
lewis_structure,co,lewis structure of carbon monoxide,27100,,yes,/guides/lewis-structure/co
lewis_structure,ch4,lewis structure of ch4,27100,,yes,/guides/lewis-structure/ch4
lewis_structure,co,lewis structure of co,27100,,yes,/guides/lewis-structure/co
lewis_structure,ch4,lewis structure of methane,27100,,yes,/guides/lewis-structure/ch4
lewis_structure,n2,lewis structure of n2,27100,,yes,/guides/lewis-structure/n2
lewis_structure,o3,lewis structure of o3,27100,,yes,/guides/lewis-structure/o3
lewis_structure,o3,lewis structure of ozone,27100,,yes,/guides/lewis-structure/o3
lewis_structure,ch4,methane lewis dot structure,27100,,yes,/guides/lewis-structure/ch4
lewis_structure,ch4,methane lewis structure,27100,,yes,/guides/lewis-structure/ch4
lewis_structure,n2,n2 lewis dot structure,27100,,yes,/guides/lewis-structure/n2
lewis_structure,n2,n2 lewis structure,27100,,yes,/guides/lewis-structure/n2
lewis_structure,nh3,nh3 lewis dot structure,27100,,yes,/guides/lewis-structure/nh3
lewis_structure,nh3,nh3 lewis structure,27100,,yes,/guides/lewis-structure/nh3
lewis_structure,o3,o3 lewis dot structure,27100,,yes,/guides/lewis-structure/o3
lewis_structure,o3,o3 lewis structure,27100,,yes,/guides/lewis-structure/o3
lewis_structure,o3,ozone lewis structure,27100,,yes,/guides/lewis-structure/o3
lewis_structure,o3,ozone o3 lewis structure,27100,,yes,/guides/lewis-structure/o3
lewis_structure,o3,ozone structure lewis,27100,,yes,/guides/lewis-structure/o3
lewis_structure,o2,02 lewis dot structure,22200,,yes,/guides/lewis-structure/o2
lewis_structure,o2,02 lewis structure,22200,,yes,/guides/lewis-structure/o2
lewis_structure,o2,lewis dot structure 02,22200,,yes,/guides/lewis-structure/o2
lewis_structure,no3,lewis dot structure for no3,22200,,yes,/guides/lewis-structure/no3
lewis_structure,o2,lewis dot structure for o2,22200,,yes,/guides/lewis-structure/o2
lewis_structure,so3,lewis dot structure for so3,22200,,yes,/guides/lewis-structure/so3
lewis_structure,no3,lewis dot structure no3,22200,,yes,/guides/lewis-structure/no3
lewis_structure,o2,lewis dot structure o2,22200,,yes,/guides/lewis-structure/o2
lewis_structure,no3,lewis dot structure of no3,22200,,yes,/guides/lewis-structure/no3
lewis_structure,o2,lewis dot structure of o2,22200,,yes,/guides/lewis-structure/o2
lewis_structure,so3,lewis dot structure of so3,22200,,yes,/guides/lewis-structure/so3
lewis_structure,so3,lewis dot structure so3,22200,,yes,/guides/lewis-structure/so3
lewis_structure,o2,lewis structure 02,22200,,yes,/guides/lewis-structure/o2
lewis_structure,o2,lewis structure for 02,22200,,yes,/guides/lewis-structure/o2
lewis_structure,no3,lewis structure for no3,22200,,yes,/guides/lewis-structure/no3
lewis_structure,o2,lewis structure for o2,22200,,yes,/guides/lewis-structure/o2
lewis_structure,o,lewis structure for oxygen,22200,,yes,/guides/lewis-structure/o
lewis_structure,so3,lewis structure for so3,22200,,yes,/guides/lewis-structure/so3
lewis_structure,no3,lewis structure no 3,22200,,yes,/guides/lewis-structure/no3
lewis_structure,no3,lewis structure no3,22200,,yes,/guides/lewis-structure/no3
lewis_structure,o2,lewis structure o2,22200,,yes,/guides/lewis-structure/o2
lewis_structure,o2,lewis structure of 02,22200,,yes,/guides/lewis-structure/o2
lewis_structure,no3,lewis structure of no3,22200,,yes,/guides/lewis-structure/no3
lewis_structure,o2,lewis structure of o2,22200,,yes,/guides/lewis-structure/o2
lewis_structure,o,lewis structure of oxygen,22200,,yes,/guides/lewis-structure/o
lewis_structure,so3,lewis structure of so3,22200,,yes,/guides/lewis-structure/so3
lewis_structure,so3,lewis structure of sulfur trioxide,22200,,yes,/guides/lewis-structure/so3
lewis_structure,o,lewis structure oxygen,22200,,yes,/guides/lewis-structure/o
lewis_structure,so3,lewis structure so3,22200,,yes,/guides/lewis-structure/so3
lewis_structure,so3,lewis structure sulfur trioxide,22200,,yes,/guides/lewis-structure/so3
lewis_structure,no3,no 3 lewis structure,22200,,yes,/guides/lewis-structure/no3
lewis_structure,no3,no3 lewis dot structure,22200,,yes,/guides/lewis-structure/no3
lewis_structure,no3,no3 lewis structure,22200,,yes,/guides/lewis-structure/no3
lewis_structure,o2,o2 lewis dot structure,22200,,yes,/guides/lewis-structure/o2
lewis_structure,o2,o2 lewis structure,22200,,yes,/guides/lewis-structure/o2
lewis_structure,o,oxygen lewis structure,22200,,yes,/guides/lewis-structure/o
lewis_structure,so3,so3 lewis dot structure,22200,,yes,/guides/lewis-structure/so3
lewis_structure,so3,so3 lewis structure,22200,,yes,/guides/lewis-structure/so3
lewis_structure,so3,sulfur trioxide lewis structure,22200,,yes,/guides/lewis-structure/so3
lewis_structure,so3,sulphur trioxide lewis structure,22200,,yes,/guides/lewis-structure/so3
lewis_structure,c2h2,acetylene lewis structure,18100,,yes,/guides/lewis-structure/c2h2
lewis_structure,bf3,bf3 lewis dot structure,18100,,yes,/guides/lewis-structure/bf3
lewis_structure,bf3,bf3 lewis structure,18100,,yes,/guides/lewis-structure/bf3
lewis_structure,bf3,bf3 structure lewis,18100,,yes,/guides/lewis-structure/bf3
lewis_structure,bf3,boron trifluoride lewis structure,18100,,yes,/guides/lewis-structure/bf3
lewis_structure,c2h2,c2h2 lewis dot structure,18100,,yes,/guides/lewis-structure/c2h2
lewis_structure,c2h2,c2h2 lewis structure,18100,,yes,/guides/lewis-structure/c2h2
lewis_structure,c2h4,c2h4 lewis dot structure,18100,5.05,yes,/guides/lewis-structure/c2h4
lewis_structure,c2h4,c2h4 lewis structure,18100,,yes,/guides/lewis-structure/c2h4
lewis_structure,c2h4,ethene lewis structure,18100,5.05,yes,/guides/lewis-structure/c2h4
lewis_structure,c2h4,ethylene lewis dot structure,18100,5.05,yes,/guides/lewis-structure/c2h4
lewis_structure,c2h4,ethylene lewis structure,18100,,yes,/guides/lewis-structure/c2h4
lewis_structure,c2h2,ethyne lewis structure,18100,,yes,/guides/lewis-structure/c2h2
lewis_structure,h2c2,h2c2 lewis structure,18100,,yes,/guides/lewis-structure/h2c2
lewis_structure,bf3,lewis dot structure bf3,18100,,yes,/guides/lewis-structure/bf3
lewis_structure,c2h2,lewis dot structure c2h2,18100,,yes,/guides/lewis-structure/c2h2
lewis_structure,c2h4,lewis dot structure c2h4,18100,,yes,/guides/lewis-structure/c2h4
lewis_structure,bf3,lewis dot structure for bf3,18100,,no,/guides/lewis-structure/bf3
lewis_structure,c2h2,lewis dot structure for c2h2,18100,,yes,/guides/lewis-structure/c2h2
lewis_structure,c2h4,lewis dot structure for c2h4,18100,5.05,yes,/guides/lewis-structure/c2h4
lewis_structure,bf3,lewis dot structure of bf3,18100,,yes,/guides/lewis-structure/bf3
lewis_structure,c2h2,lewis dot structure of c2h2,18100,,yes,/guides/lewis-structure/c2h2
lewis_structure,c2h4,lewis dot structure of c2h4,18100,,yes,/guides/lewis-structure/c2h4
lewis_structure,co3,lewis dot structure of co3 2,18100,,yes,/guides/lewis-structure/co3
lewis_structure,co32,lewis dot structure of co32,18100,,yes,/guides/lewis-structure/co32
lewis_structure,c2h2,lewis structure acetylene,18100,,yes,/guides/lewis-structure/c2h2
lewis_structure,bf3,lewis structure bf3,18100,,yes,/guides/lewis-structure/bf3
lewis_structure,c2h2,lewis structure c2h2,18100,,yes,/guides/lewis-structure/c2h2
lewis_structure,c2h4,lewis structure c2h4,18100,,yes,/guides/lewis-structure/c2h4
lewis_structure,c2h4,lewis structure ethene,18100,5.05,yes,/guides/lewis-structure/c2h4
lewis_structure,c2h4,lewis structure ethylene,18100,5.05,yes,/guides/lewis-structure/c2h4
lewis_structure,c2h2,lewis structure ethyne,18100,,yes,/guides/lewis-structure/c2h2
lewis_structure,bf3,lewis structure for bf3,18100,,yes,/guides/lewis-structure/bf3
lewis_structure,bf3,lewis structure for boron trifluoride,18100,,yes,/guides/lewis-structure/bf3
lewis_structure,c2h2,lewis structure for c2h2,18100,,yes,/guides/lewis-structure/c2h2
lewis_structure,c2h4,lewis structure for c2h4,18100,,yes,/guides/lewis-structure/c2h4
lewis_structure,co3,lewis structure for co3 2,18100,,yes,/guides/lewis-structure/co3
lewis_structure,c2h4,lewis structure for ethene,18100,,yes,/guides/lewis-structure/c2h4
lewis_structure,c2h4,lewis structure for ethene c2h4,18100,,yes,/guides/lewis-structure/c2h4
lewis_structure,c2h4,lewis structure for ethylene c2h4,18100,5.05,yes,/guides/lewis-structure/c2h4
lewis_structure,c2h2,lewis structure for ethyne,18100,,yes,/guides/lewis-structure/c2h2
lewis_structure,h2c2,lewis structure for h2c2,18100,,yes,/guides/lewis-structure/h2c2
lewis_structure,c2h2,lewis structure of acetylene,18100,,yes,/guides/lewis-structure/c2h2
lewis_structure,bf3,lewis structure of bf3,18100,,yes,/guides/lewis-structure/bf3
lewis_structure,bf3,lewis structure of boron trifluoride,18100,,yes,/guides/lewis-structure/bf3
lewis_structure,c2h2,lewis structure of c2h2,18100,,yes,/guides/lewis-structure/c2h2
lewis_structure,c2h4,lewis structure of c2h4,18100,5.05,yes,/guides/lewis-structure/c2h4
lewis_structure,c2h4,lewis structure of ethene,18100,,yes,/guides/lewis-structure/c2h4
lewis_structure,c2h2,lewis structure of ethyne,18100,,yes,/guides/lewis-structure/c2h2
lewis_structure,nh3,ammonia lewis dot structure,14800,,yes,/guides/lewis-structure/nh3
lewis_structure,nh3,ammonia lewis structure,14800,,yes,/guides/lewis-structure/nh3
lewis_structure,nh4,ammonium lewis structure,14800,,yes,/guides/lewis-structure/nh4
lewis_structure,c03,c03 2 lewis structure,14800,,yes,/guides/lewis-structure/c03
lewis_structure,ch2o,ch2o lewis dot structure,14800,,no,/guides/lewis-structure/ch2o
lewis_structure,ch2o,ch2o lewis structure,14800,,no,/guides/lewis-structure/ch2o
lewis_structure,co3,co3 2 lewis structure,14800,,yes,/guides/lewis-structure/co3
lewis_structure,co3,co3-2 lewis structure,14800,,yes,/guides/lewis-structure/co3
lewis_structure,co32,co32 lewis structure,14800,,yes,/guides/lewis-structure/co32
lewis_structure,h2s,h2s lewis dot structure,14800,,yes,/guides/lewis-structure/h2s
lewis_structure,h2s,h2s lewis structure,14800,,yes,/guides/lewis-structure/h2s
lewis_structure,h2s,hydrogen sulfide lewis structure,14800,,yes,/guides/lewis-structure/h2s
lewis_structure,nh3,lewis dot structure ammonia,14800,,yes,/guides/lewis-structure/nh3
lewis_structure,co3,lewis dot structure for co3 2,14800,,yes,/guides/lewis-structure/co3
lewis_structure,co32,lewis dot structure for co32,14800,,yes,/guides/lewis-structure/co32
lewis_structure,h2s,lewis dot structure for h2s,14800,,yes,/guides/lewis-structure/h2s
lewis_structure,xef4,lewis dot structure for xef4,14800,,yes,/guides/lewis-structure/xef4
lewis_structure,h2s,lewis dot structure h2s,14800,,yes,/guides/lewis-structure/h2s
lewis_structure,h2s,lewis dot structure hydrogen sulfide,14800,,yes,/guides/lewis-structure/h2s
lewis_structure,nh3,lewis dot structure nh3,14800,,yes,/guides/lewis-structure/nh3
lewis_structure,nh3,lewis dot structure of ammonia,14800,,yes,/guides/lewis-structure/nh3
lewis_structure,ch2o,lewis dot structure of ch2o,14800,,no,/guides/lewis-structure/ch2o
lewis_structure,h2s,lewis dot structure of h2s,14800,,yes,/guides/lewis-structure/h2s
lewis_structure,so42,lewis dot structure of so42,14800,5.2,yes,/guides/lewis-structure/so42
lewis_structure,xef4,lewis dot structure of xef4,14800,,yes,/guides/lewis-structure/xef4
lewis_structure,so4,lewis dot structure so4 2,14800,5.2,yes,/guides/lewis-structure/so4
lewis_structure,xef4,lewis dot structure xef4,14800,,yes,/guides/lewis-structure/xef4
lewis_structure,nh3,lewis structure ammonia,14800,,yes,/guides/lewis-structure/nh3
lewis_structure,nh4,lewis structure ammonium,14800,,yes,/guides/lewis-structure/nh4
lewis_structure,ch2o,lewis structure ch2o,14800,,no,/guides/lewis-structure/ch2o
lewis_structure,nh3,lewis structure for ammonia,14800,,yes,/guides/lewis-structure/nh3
lewis_structure,nh4,lewis structure for ammonium,14800,,yes,/guides/lewis-structure/nh4
lewis_structure,ch2o,lewis structure for ch2o,14800,,yes,/guides/lewis-structure/ch2o
lewis_structure,co32,lewis structure for co32,14800,,yes,/guides/lewis-structure/co32
lewis_structure,h2s,lewis structure for h2s,14800,,yes,/guides/lewis-structure/h2s
lewis_structure,h2s,lewis structure for hydrogen sulfide,14800,,yes,/guides/lewis-structure/h2s
lewis_structure,nh3,lewis structure for nh3,14800,5.45,yes,/guides/lewis-structure/nh3
lewis_structure,so4,lewis structure for so4,14800,,yes,/guides/lewis-structure/so4
lewis_structure,so4,lewis structure for so4 2,14800,,yes,/guides/lewis-structure/so4
lewis_structure,so42,lewis structure for so42,14800,,yes,/guides/lewis-structure/so42
lewis_structure,so4,lewis structure for sulphate ion,14800,,yes,/guides/lewis-structure/so4
lewis_structure,xef4,lewis structure for xef4,14800,,yes,/guides/lewis-structure/xef4
lewis_structure,xef4,lewis structure for xenon tetrafluoride,14800,,yes,/guides/lewis-structure/xef4
lewis_structure,h2s,lewis structure h2s,14800,,yes,/guides/lewis-structure/h2s
lewis_structure,nh3,lewis structure nh3,14800,,yes,/guides/lewis-structure/nh3
lewis_structure,nh3,lewis structure of ammonia,14800,,yes,/guides/lewis-structure/nh3
lewis_structure,ch2o,lewis structure of ch2o,14800,,no,/guides/lewis-structure/ch2o
lewis_structure,co3,lewis structure of co3 2,14800,,yes,/guides/lewis-structure/co3
lewis_structure,co32,lewis structure of co32,14800,,yes,/guides/lewis-structure/co32
lewis_structure,h2s,lewis structure of h2s,14800,,yes,/guides/lewis-structure/h2s
lewis_structure,h2s,lewis structure of hydrogen sulfide,14800,,yes,/guides/lewis-structure/h2s
lewis_structure,nh3,lewis structure of nh3,14800,5.45,yes,/guides/lewis-structure/nh3
lewis_structure,so4,lewis structure of so4,14800,,yes,/guides/lewis-structure/so4
lewis_structure,so4,lewis structure of so4 2,14800,5.2,yes,/guides/lewis-structure/so4
lewis_structure,so42,lewis structure of so42,14800,,yes,/guides/lewis-structure/so42
lewis_structure,so4,lewis structure of sulphate ion,14800,,yes,/guides/lewis-structure/so4
lewis_structure,xef4,lewis structure of xef4,14800,,yes,/guides/lewis-structure/xef4
lewis_structure,xef4,lewis structure of xenon tetrafluoride,14800,,yes,/guides/lewis-structure/xef4
lewis_structure,so42,lewis structure so42,14800,,yes,/guides/lewis-structure/so42
lewis_structure,xef4,lewis structure xef4,14800,,yes,/guides/lewis-structure/xef4
lewis_structure,xef4,lewis structure xenon tetrafluoride,14800,,yes,/guides/lewis-structure/xef4
lewis_structure,nh3,nh3 structure lewis,14800,5.45,yes,/guides/lewis-structure/nh3
lewis_structure,so2,so2 4 lewis structure,14800,5.2,yes,/guides/lewis-structure/so2
lewis_structure,so2,so2-4 lewis structure,14800,,yes,/guides/lewis-structure/so2
lewis_structure,so4,so4 2 lewis dot structure,14800,,yes,/guides/lewis-structure/so4
lewis_structure,so4,so4 2 lewis structure,14800,,yes,/guides/lewis-structure/so4
lewis_structure,so4,so4 lewis dot structure,14800,,yes,/guides/lewis-structure/so4
lewis_structure,so4,so4-2 lewis structure,14800,5.2,yes,/guides/lewis-structure/so4
lewis_structure,so42,so42 lewis structure,14800,5.2,yes,/guides/lewis-structure/so42
lewis_structure,so4,sulfate ion lewis dot structure,14800,,yes,/guides/lewis-structure/so4
lewis_structure,so4,sulfate ion lewis structure,14800,,yes,/guides/lewis-structure/so4
lewis_structure,so4,sulfate lewis structure,14800,,yes,/guides/lewis-structure/so4
lewis_structure,so4,sulphate ion lewis structure,14800,5.2,yes,/guides/lewis-structure/so4
lewis_structure,xef4,xef4 lewis dot structure,14800,,yes,/guides/lewis-structure/xef4
lewis_structure,xef4,xef4 lewis structure,14800,,yes,/guides/lewis-structure/xef4
lewis_structure,xef4,xenon tetrafluoride lewis structure,14800,,yes,/guides/lewis-structure/xef4
lewis_structure,cs2,carbon disulfide lewis dot structure,12100,,yes,/guides/lewis-structure/cs2
lewis_structure,cs2,carbon disulfide lewis structure,12100,,yes,/guides/lewis-structure/cs2
lewis_structure,ccl4,ccl4 lewis dot structure,12100,,yes,/guides/lewis-structure/ccl4
lewis_structure,ccl4,ccl4 lewis structure,12100,,yes,/guides/lewis-structure/ccl4
lewis_structure,ch3oh,ch3oh lewis structure,12100,,yes,/guides/lewis-structure/ch3oh
lewis_structure,cs2,cs2 lewis dot structure,12100,,yes,/guides/lewis-structure/cs2
lewis_structure,cs2,cs2 lewis structure,12100,,yes,/guides/lewis-structure/cs2
lewis_structure,cs2,cs2 structure lewis,12100,,yes,/guides/lewis-structure/cs2
lewis_structure,h20,h20 lewis dot structure,12100,,yes,/guides/lewis-structure/h20
lewis_structure,h20,h20 lewis structure,12100,,yes,/guides/lewis-structure/h20
lewis_structure,cs2,lewis dot structure cs2,12100,,yes,/guides/lewis-structure/cs2
lewis_structure,ccl4,lewis dot structure for ccl4,12100,,yes,/guides/lewis-structure/ccl4
lewis_structure,cs2,lewis dot structure for cs2,12100,,yes,/guides/lewis-structure/cs2
lewis_structure,of2,lewis dot structure for of2,12100,5.86,yes,/guides/lewis-structure/of2
lewis_structure,pcl3,lewis dot structure for pcl3,12100,,yes,/guides/lewis-structure/pcl3
lewis_structure,sf6,lewis dot structure for sf6,12100,,yes,/guides/lewis-structure/sf6
lewis_structure,xef2,lewis dot structure for xef2,12100,,yes,/guides/lewis-structure/xef2
lewis_structure,h20,lewis dot structure h20,12100,,yes,/guides/lewis-structure/h20
lewis_structure,ccl4,lewis dot structure of ccl4,12100,,yes,/guides/lewis-structure/ccl4
lewis_structure,cs2,lewis dot structure of cs2,12100,,yes,/guides/lewis-structure/cs2
lewis_structure,pcl3,lewis dot structure of pcl3,12100,,yes,/guides/lewis-structure/pcl3
lewis_structure,sf4,lewis dot structure of sf4,12100,,yes,/guides/lewis-structure/sf4
lewis_structure,xef2,lewis dot structure of xef2,12100,,yes,/guides/lewis-structure/xef2
lewis_structure,of2,lewis dot structure of2,12100,,yes,/guides/lewis-structure/of2
lewis_structure,pcl3,lewis dot structure pcl3,12100,,yes,/guides/lewis-structure/pcl3
lewis_structure,xef2,lewis dot structure xef2,12100,,yes,/guides/lewis-structure/xef2
lewis_structure,ccl4,lewis structure ccl4,12100,,yes,/guides/lewis-structure/ccl4
lewis_structure,cs2,lewis structure cs2,12100,,yes,/guides/lewis-structure/cs2
lewis_structure,cs2,lewis structure for carbon disulfide,12100,,yes,/guides/lewis-structure/cs2
lewis_structure,ccl4,lewis structure for ccl4,12100,,yes,/guides/lewis-structure/ccl4
lewis_structure,cs2,lewis structure for cs2,12100,,yes,/guides/lewis-structure/cs2
lewis_structure,h20,lewis structure for h20,12100,,yes,/guides/lewis-structure/h20
lewis_structure,of2,lewis structure for of2,12100,5.86,yes,/guides/lewis-structure/of2
lewis_structure,pcl3,lewis structure for pcl3,12100,,yes,/guides/lewis-structure/pcl3
lewis_structure,sf4,lewis structure for sf4,12100,,yes,/guides/lewis-structure/sf4
lewis_structure,sf6,lewis structure for sf6,12100,,yes,/guides/lewis-structure/sf6
lewis_structure,sf6,lewis structure for sulfur hexafluoride,12100,,yes,/guides/lewis-structure/sf6
lewis_structure,xef2,lewis structure for xef2,12100,,yes,/guides/lewis-structure/xef2
lewis_structure,h20,lewis structure h20,12100,,yes,/guides/lewis-structure/h20
lewis_structure,cs2,lewis structure of carbon disulfide,12100,,yes,/guides/lewis-structure/cs2
lewis_structure,ccl4,lewis structure of ccl4,12100,,yes,/guides/lewis-structure/ccl4
lewis_structure,cs2,lewis structure of cs2,12100,,yes,/guides/lewis-structure/cs2
lewis_structure,h20,lewis structure of h20,12100,,yes,/guides/lewis-structure/h20
lewis_structure,of2,lewis structure of of2,12100,5.86,yes,/guides/lewis-structure/of2
lewis_structure,pcl3,lewis structure of pcl3,12100,,yes,/guides/lewis-structure/pcl3
lewis_structure,sf4,lewis structure of sf4,12100,,yes,/guides/lewis-structure/sf4
lewis_structure,sf6,lewis structure of sf6,12100,,yes,/guides/lewis-structure/sf6
lewis_structure,xef2,lewis structure of xef2,12100,,yes,/guides/lewis-structure/xef2
lewis_structure,of2,lewis structure of2,12100,5.86,yes,/guides/lewis-structure/of2
lewis_structure,pcl3,lewis structure pcl3,12100,,yes,/guides/lewis-structure/pcl3
lewis_structure,sf4,lewis structure sf4,12100,,yes,/guides/lewis-structure/sf4
lewis_structure,sf6,lewis structure sf6,12100,,yes,/guides/lewis-structure/sf6
lewis_structure,xef2,lewis structure xef2,12100,,yes,/guides/lewis-structure/xef2
lewis_structure,of2,of2 lewis dot structure,12100,,yes,/guides/lewis-structure/of2
lewis_structure,of2,of2 lewis structure,12100,,yes,/guides/lewis-structure/of2
lewis_structure,of2,oxygen difluoride lewis structure,12100,5.86,yes,/guides/lewis-structure/of2
lewis_structure,pcl3,pcl3 lewis dot structure,12100,,yes,/guides/lewis-structure/pcl3
lewis_structure,pcl3,pcl3 lewis structure,12100,,yes,/guides/lewis-structure/pcl3
lewis_structure,sf4,sf4 lewis dot structure,12100,,yes,/guides/lewis-structure/sf4
lewis_structure,sf4,sf4 lewis structure,12100,,yes,/guides/lewis-structure/sf4
lewis_structure,sf6,sf6 lewis dot structure,12100,,yes,/guides/lewis-structure/sf6
lewis_structure,sf6,sf6 lewis structure,12100,,yes,/guides/lewis-structure/sf6
lewis_structure,sf6,sulfur hexafluoride lewis structure,12100,,yes,/guides/lewis-structure/sf6
lewis_structure,xef2,xef2 lewis dot structure,12100,,yes,/guides/lewis-structure/xef2
lewis_structure,xef2,xef2 lewis structure,12100,,yes,/guides/lewis-structure/xef2
lewis_structure,xef2,xenon difluoride lewis structure,12100,,yes,/guides/lewis-structure/xef2
lewis_structure,ch2o,below is the lewis structure of the formaldehyde molecule,9900,,no,/guides/lewis-structure/ch2o
lewis_structure,ch3,ch3 oh lewis structure,9900,,no,/guides/lewis-structure/ch3
lewis_structure,ch3oh,ch3oh lewis dot structure,9900,,yes,/guides/lewis-structure/ch3oh
lewis_structure,clo3,chlorate ion lewis structure,9900,,yes,/guides/lewis-structure/clo3
lewis_structure,clo3,chlorate lewis structure,9900,,yes,/guides/lewis-structure/clo3
lewis_structure,clf3,chlorine trifluoride lewis structure,9900,,yes,/guides/lewis-structure/clf3
lewis_structure,cl02,cl02 lewis structure,9900,,yes,/guides/lewis-structure/cl02
lewis_structure,cl03,cl03 lewis structure,9900,,yes,/guides/lewis-structure/cl03
lewis_structure,clf3,clf3 lewis structure,9900,,yes,/guides/lewis-structure/clf3
lewis_structure,clo2,clo2 ion lewis structure,9900,,yes,/guides/lewis-structure/clo2
lewis_structure,clo2,clo2 lewis dot structure,9900,,yes,/guides/lewis-structure/clo2
lewis_structure,clo2,clo2 lewis structure,9900,,yes,/guides/lewis-structure/clo2
lewis_structure,clo3,clo3 lewis structure,9900,,yes,/guides/lewis-structure/clo3
lewis_structure,h2co,h2co lewis dot structure,9900,,yes,/guides/lewis-structure/h2co
lewis_structure,h2co,h2co lewis structure,9900,,yes,/guides/lewis-structure/h2co
lewis_structure,ch3oh,lewis dot structure for ch3oh,9900,,yes,/guides/lewis-structure/ch3oh
lewis_structure,clf3,lewis dot structure for clf3,9900,,yes,/guides/lewis-structure/clf3
lewis_structure,h2co,lewis dot structure for h2co,9900,,yes,/guides/lewis-structure/h2co
lewis_structure,ch3oh,lewis dot structure for methanol,9900,,yes,/guides/lewis-structure/ch3oh
lewis_structure,pcl5,lewis dot structure for pcl5,9900,,yes,/guides/lewis-structure/pcl5
lewis_structure,ph3,lewis dot structure for ph3,9900,,yes,/guides/lewis-structure/ph3
lewis_structure,h2co,lewis dot structure h2co,9900,,yes,/guides/lewis-structure/h2co
lewis_structure,n2o,lewis dot structure n2o,9900,,yes,/guides/lewis-structure/n2o
lewis_structure,clf3,lewis dot structure of clf3,9900,,yes,/guides/lewis-structure/clf3
lewis_structure,h2co,lewis dot structure of h2co,9900,,yes,/guides/lewis-structure/h2co
lewis_structure,n2o,lewis dot structure of n2o,9900,,yes,/guides/lewis-structure/n2o
lewis_structure,pcl5,lewis dot structure of pcl5,9900,,yes,/guides/lewis-structure/pcl5
lewis_structure,ph3,lewis dot structure of ph3,9900,,yes,/guides/lewis-structure/ph3
lewis_structure,po43,lewis dot structure of po43,9900,,yes,/guides/lewis-structure/po43
lewis_structure,pcl5,lewis dot structure pcl5,9900,,yes,/guides/lewis-structure/pcl5
lewis_structure,ph3,lewis dot structure ph3,9900,,yes,/guides/lewis-structure/ph3
lewis_structure,ch3oh,lewis structure ch3oh,9900,,yes,/guides/lewis-structure/ch3oh
lewis_structure,cl02,lewis structure cl02,9900,,yes,/guides/lewis-structure/cl02
lewis_structure,clf3,lewis structure clf3,9900,,yes,/guides/lewis-structure/clf3
lewis_structure,ch3oh,lewis structure for ch3oh,9900,,yes,/guides/lewis-structure/ch3oh
lewis_structure,clo3,lewis structure for chlorate,9900,,yes,/guides/lewis-structure/clo3
lewis_structure,clo3,lewis structure for chlorate ion,9900,,yes,/guides/lewis-structure/clo3
lewis_structure,cif3,lewis structure for cif3,9900,,yes,/guides/lewis-structure/cif3
lewis_structure,clf3,lewis structure for clf3,9900,,yes,/guides/lewis-structure/clf3
lewis_structure,clo2,lewis structure for clo2,9900,,yes,/guides/lewis-structure/clo2
lewis_structure,clo3,lewis structure for clo3,9900,,yes,/guides/lewis-structure/clo3
lewis_structure,h2co,lewis structure for h2co,9900,,yes,/guides/lewis-structure/h2co
lewis_structure,ch3oh,lewis structure for methanol,9900,,yes,/guides/lewis-structure/ch3oh
lewis_structure,n2o,lewis structure for n2o,9900,,yes,/guides/lewis-structure/n2o
lewis_structure,nf3,lewis structure for nf3,9900,,yes,/guides/lewis-structure/nf3
lewis_structure,pcl5,lewis structure for pcl5,9900,,yes,/guides/lewis-structure/pcl5
lewis_structure,ph3,lewis structure for ph3,9900,,yes,/guides/lewis-structure/ph3
lewis_structure,po4,lewis structure for phosphate ion,9900,,yes,/guides/lewis-structure/po4
lewis_structure,po4,lewis structure for po4 3,9900,,yes,/guides/lewis-structure/po4
lewis_structure,po43,lewis structure for po43,9900,,yes,/guides/lewis-structure/po43
lewis_structure,h2co,lewis structure h2co,9900,,yes,/guides/lewis-structure/h2co
lewis_structure,n2o,lewis structure n2o,9900,,yes,/guides/lewis-structure/n2o
lewis_structure,nf3,lewis structure nf3,9900,,yes,/guides/lewis-structure/nf3
lewis_structure,ch3oh,lewis structure of ch3oh,9900,,yes,/guides/lewis-structure/ch3oh
lewis_structure,clo3,lewis structure of chlorate,9900,,yes,/guides/lewis-structure/clo3
lewis_structure,clo3,lewis structure of chlorate ion,9900,,yes,/guides/lewis-structure/clo3
lewis_structure,clf3,lewis structure of clf3,9900,,yes,/guides/lewis-structure/clf3
lewis_structure,clo2,lewis structure of clo2,9900,,yes,/guides/lewis-structure/clo2
lewis_structure,clo3,lewis structure of clo3,9900,,yes,/guides/lewis-structure/clo3
lewis_structure,h2co,lewis structure of h2co,9900,,yes,/guides/lewis-structure/h2co
lewis_structure,n2o,lewis structure of n2o,9900,,yes,/guides/lewis-structure/n2o
lewis_structure,nf3,lewis structure of nf3,9900,,yes,/guides/lewis-structure/nf3
lewis_structure,pcl5,lewis structure of pcl5,9900,,yes,/guides/lewis-structure/pcl5
lewis_structure,ph3,lewis structure of ph3,9900,,yes,/guides/lewis-structure/ph3
lewis_structure,po4,lewis structure of phosphate,9900,,yes,/guides/lewis-structure/po4
lewis_structure,ph3,lewis structure of phosphine,9900,,yes,/guides/lewis-structure/ph3
lewis_structure,po43,lewis structure of po43,9900,,yes,/guides/lewis-structure/po43
lewis_structure,pcl5,lewis structure pcl5,9900,,yes,/guides/lewis-structure/pcl5
lewis_structure,ph3,lewis structure ph3,9900,,yes,/guides/lewis-structure/ph3
lewis_structure,po4,lewis structure po4 3,9900,,yes,/guides/lewis-structure/po4
lewis_structure,ch3oh,methanol lewis dot structure,9900,,yes,/guides/lewis-structure/ch3oh
lewis_structure,n2o,n2o lewis dot structure,9900,,yes,/guides/lewis-structure/n2o
lewis_structure,n2o,n2o lewis structure,9900,,yes,/guides/lewis-structure/n2o
lewis_structure,nf3,nf3 lewis structure,9900,,yes,/guides/lewis-structure/nf3
lewis_structure,nf3,nitrogen trifluoride lewis dot structure,9900,,yes,/guides/lewis-structure/nf3
lewis_structure,nf3,nitrogen trifluoride lewis structure,9900,,yes,/guides/lewis-structure/nf3
lewis_structure,pcl5,pcl5 lewis dot structure,9900,,yes,/guides/lewis-structure/pcl5
lewis_structure,pcl5,pcl5 lewis structure,9900,,yes,/guides/lewis-structure/pcl5
lewis_structure,pcl5,pcl5 structure lewis,9900,,yes,/guides/lewis-structure/pcl5
lewis_structure,ph3,ph3 lewis dot structure,9900,,yes,/guides/lewis-structure/ph3
lewis_structure,ph3,ph3 lewis structure,9900,,yes,/guides/lewis-structure/ph3
lewis_structure,po4,phosphate ion lewis structure,9900,,yes,/guides/lewis-structure/po4
lewis_structure,po4,phosphate lewis structure,9900,,yes,/guides/lewis-structure/po4
lewis_structure,ph3,phosphine lewis structure,9900,,yes,/guides/lewis-structure/ph3
lewis_structure,po43,po43 lewis structure,9900,,yes,/guides/lewis-structure/po43
lewis_structure,bcl3,bcl3 lewis dot structure,8100,,yes,/guides/lewis-structure/bcl3
lewis_structure,bcl3,bcl3 lewis structure,8100,,yes,/guides/lewis-structure/bcl3
lewis_structure,bcl3,boron trichloride lewis structure,8100,,yes,/guides/lewis-structure/bcl3
lewis_structure,c2h6,c2h6 lewis dot structure,8100,,yes,/guides/lewis-structure/c2h6
lewis_structure,c2h6,c2h6 lewis structure,8100,,yes,/guides/lewis-structure/c2h6
lewis_structure,ch2cl2,ch2cl2 lewis structure,8100,,yes,/guides/lewis-structure/ch2cl2
lewis_structure,c2h6,ethane lewis structure,8100,,yes,/guides/lewis-structure/c2h6
lewis_structure,h2o2,h2o2 lewis dot structure,8100,,yes,/guides/lewis-structure/h2o2
lewis_structure,h2o2,h2o2 lewis structure,8100,,yes,/guides/lewis-structure/h2o2
lewis_structure,hcl,hydrogen chloride lewis structure,8100,,yes,/guides/lewis-structure/hcl
lewis_structure,h2o2,hydrogen peroxide lewis dot structure,8100,,yes,/guides/lewis-structure/h2o2
lewis_structure,h2o2,hydrogen peroxide lewis structure,8100,,yes,/guides/lewis-structure/h2o2
lewis_structure,i3,i3 ion lewis structure,8100,,yes,/guides/lewis-structure/i3
lewis_structure,i3,i3 lewis dot structure,8100,,yes,/guides/lewis-structure/i3
lewis_structure,i3,i3 lewis structure,8100,,yes,/guides/lewis-structure/i3
lewis_structure,bcl3,lewis dot structure bcl3,8100,,yes,/guides/lewis-structure/bcl3
lewis_structure,c2h6,lewis dot structure for c2h6,8100,,yes,/guides/lewis-structure/c2h6
lewis_structure,h2o2,lewis dot structure for h2o2,8100,,yes,/guides/lewis-structure/h2o2
lewis_structure,hcl,lewis dot structure for hydrogen chloride,8100,,yes,/guides/lewis-structure/hcl
lewis_structure,h2o2,lewis dot structure for hydrogen peroxide,8100,,yes,/guides/lewis-structure/h2o2
lewis_structure,h2o2,lewis dot structure h2o2,8100,,yes,/guides/lewis-structure/h2o2
lewis_structure,bcl3,lewis dot structure of bcl3,8100,,no,/guides/lewis-structure/bcl3
lewis_structure,c2h6,lewis dot structure of c2h6,8100,,yes,/guides/lewis-structure/c2h6
lewis_structure,h2o2,lewis dot structure of h2o2,8100,,yes,/guides/lewis-structure/h2o2
lewis_structure,h2o2,lewis dot structure of hydrogen peroxide,8100,,yes,/guides/lewis-structure/h2o2
lewis_structure,i3,lewis dot structure of i3,8100,,yes,/guides/lewis-structure/i3
lewis_structure,bcl3,lewis structure bcl3,8100,,yes,/guides/lewis-structure/bcl3
lewis_structure,c2h6,lewis structure c2h6,8100,,yes,/guides/lewis-structure/c2h6
lewis_structure,ch2cl2,lewis structure ch2cl2,8100,,yes,/guides/lewis-structure/ch2cl2
lewis_structure,bcl3,lewis structure for bcl3,8100,,yes,/guides/lewis-structure/bcl3
lewis_structure,bcl3,lewis structure for boron trichloride,8100,,yes,/guides/lewis-structure/bcl3
lewis_structure,c2h6,lewis structure for c2h6,8100,,yes,/guides/lewis-structure/c2h6
lewis_structure,ch2cl2,lewis structure for ch2cl2,8100,,yes,/guides/lewis-structure/ch2cl2
lewis_structure,c2h6,lewis structure for ethane,8100,,yes,/guides/lewis-structure/c2h6
lewis_structure,h2o2,lewis structure for h2o2,8100,,yes,/guides/lewis-structure/h2o2
lewis_structure,h2o2,lewis structure for hydrogen peroxide,8100,,yes,/guides/lewis-structure/h2o2
lewis_structure,h2o2,lewis structure h2o2,8100,,yes,/guides/lewis-structure/h2o2
lewis_structure,i3,lewis structure i3,8100,,yes,/guides/lewis-structure/i3
lewis_structure,bcl3,lewis structure of bcl3,8100,,yes,/guides/lewis-structure/bcl3
lewis_structure,c2h6,lewis structure of c2h6,8100,,yes,/guides/lewis-structure/c2h6
lewis_structure,ch2cl2,lewis structure of ch2cl2,8100,,yes,/guides/lewis-structure/ch2cl2
lewis_structure,h2o2,lewis structure of h2o2,8100,,yes,/guides/lewis-structure/h2o2
lewis_structure,h2o2,lewis structure of hydrogen peroxide,8100,,yes,/guides/lewis-structure/h2o2
lewis_structure,i3,lewis structure of i3,8100,,yes,/guides/lewis-structure/i3
lewis_structure,no,nitric oxide lewis structure,8100,,yes,/guides/lewis-structure/no
lewis_structure,no,nitrogen oxide lewis structure,8100,,yes,/guides/lewis-structure/no
lewis_structure,no,no lewis structure,8100,,yes,/guides/lewis-structure/no
lewis_structure,bh3,bh3 lewis dot structure,6600,,yes,/guides/lewis-structure/bh3
lewis_structure,bh3,bh3 lewis structure,6600,,yes,/guides/lewis-structure/bh3
lewis_structure,brf5,brf5 lewis structure,6600,,yes,/guides/lewis-structure/brf5
lewis_structure,cn,c n lewis structure,6600,,yes,/guides/lewis-structure/cn
lewis_structure,c2h5oh,c2h5oh lewis dot structure,6600,,yes,/guides/lewis-structure/c2h5oh
lewis_structure,c2h5oh,c2h5oh lewis structure,6600,,no,/guides/lewis-structure/c2h5oh
lewis_structure,cf4,cf4 lewis dot structure,6600,,yes,/guides/lewis-structure/cf4
lewis_structure,cf4,cf4 lewis structure,6600,,yes,/guides/lewis-structure/cf4
lewis_structure,chcl3,chcl3 lewis dot structure,6600,,yes,/guides/lewis-structure/chcl3
lewis_structure,chcl3,chcl3 lewis structure,6600,,yes,/guides/lewis-structure/chcl3
lewis_structure,chcl3,chloroform lewis structure,6600,,yes,/guides/lewis-structure/chcl3
lewis_structure,ci2,ci2 lewis structure,6600,,yes,/guides/lewis-structure/ci2
lewis_structure,cl2,cl2 lewis structure,6600,,yes,/guides/lewis-structure/cl2
lewis_structure,cn,cn lewis dot structure,6600,,yes,/guides/lewis-structure/cn
lewis_structure,cn,cn lewis structure,6600,,yes,/guides/lewis-structure/cn
lewis_structure,cocl2,cocl2 lewis structure,6600,,no,/guides/lewis-structure/cocl2
lewis_structure,c2h5oh,ethanol lewis dot structure,6600,,yes,/guides/lewis-structure/c2h5oh
lewis_structure,c2h5oh,ethanol lewis structure,6600,,yes,/guides/lewis-structure/c2h5oh
lewis_structure,f2,f2 lewis structure,6600,,yes,/guides/lewis-structure/f2
lewis_structure,hf,h f lewis structure,6600,,yes,/guides/lewis-structure/hf
lewis_structure,hcl,hcl lewis structure,6600,,yes,/guides/lewis-structure/hcl
lewis_structure,hf,hf lewis structure,6600,,yes,/guides/lewis-structure/hf
lewis_structure,hn03,hn03 lewis structure,6600,,yes,/guides/lewis-structure/hn03
lewis_structure,hno3,hno3 lewis dot structure,6600,,yes,/guides/lewis-structure/hno3
lewis_structure,hno3,hno3 lewis structure,6600,,yes,/guides/lewis-structure/hno3
lewis_structure,hf,hydrogen fluoride lewis structure,6600,,yes,/guides/lewis-structure/hf
lewis_structure,c2h5oh,lewis dot structure c2h5oh,6600,,yes,/guides/lewis-structure/c2h5oh
lewis_structure,bh3,lewis dot structure for bh3,6600,,yes,/guides/lewis-structure/bh3
lewis_structure,chcl3,lewis dot structure for chcl3,6600,,yes,/guides/lewis-structure/chcl3
lewis_structure,cocl2,lewis dot structure for cocl2,6600,,yes,/guides/lewis-structure/cocl2
lewis_structure,f2,lewis dot structure for f2,6600,,yes,/guides/lewis-structure/f2
lewis_structure,hcl,lewis dot structure for hcl,6600,,yes,/guides/lewis-structure/hcl
lewis_structure,hf,lewis dot structure for hf,6600,,yes,/guides/lewis-structure/hf
lewis_structure,hno3,lewis dot structure for hno3,6600,,yes,/guides/lewis-structure/hno3
lewis_structure,n3,lewis dot structure for n 3,6600,,yes,/guides/lewis-structure/n3
lewis_structure,n3,lewis dot structure for n3,6600,,no,/guides/lewis-structure/n3
lewis_structure,o,lewis dot structure for o,6600,,yes,/guides/lewis-structure/o
lewis_structure,o,lewis dot structure for oxygen,6600,,yes,/guides/lewis-structure/o
lewis_structure,hcl,lewis dot structure hcl,6600,,yes,/guides/lewis-structure/hcl
lewis_structure,hf,lewis dot structure hf,6600,,yes,/guides/lewis-structure/hf
lewis_structure,hno3,lewis dot structure hno3,6600,,yes,/guides/lewis-structure/hno3
lewis_structure,cf4,lewis dot structure of cf4,6600,,yes,/guides/lewis-structure/cf4
lewis_structure,chcl3,lewis dot structure of chcl3,6600,,yes,/guides/lewis-structure/chcl3
lewis_structure,cocl2,lewis dot structure of cocl2,6600,,yes,/guides/lewis-structure/cocl2
lewis_structure,hno3,lewis dot structure of hno3,6600,,yes,/guides/lewis-structure/hno3
lewis_structure,n3,lewis dot structure of n3,6600,,no,/guides/lewis-structure/n3
lewis_structure,o,lewis dot structure of oxygen,6600,,yes,/guides/lewis-structure/o
lewis_structure,bh3,lewis structure bh3,6600,,yes,/guides/lewis-structure/bh3
lewis_structure,brf5,lewis structure brf5,6600,,yes,/guides/lewis-structure/brf5
lewis_structure,c2h5oh,lewis structure c2h5oh,6600,,yes,/guides/lewis-structure/c2h5oh
lewis_structure,cf4,lewis structure cf4,6600,,yes,/guides/lewis-structure/cf4
lewis_structure,chcl3,lewis structure chcl3,6600,,yes,/guides/lewis-structure/chcl3
lewis_structure,cl2,lewis structure cl2,6600,,yes,/guides/lewis-structure/cl2
lewis_structure,cn,lewis structure cn,6600,,yes,/guides/lewis-structure/cn
lewis_structure,cocl2,lewis structure cocl2,6600,,yes,/guides/lewis-structure/cocl2
lewis_structure,c2h5oh,lewis structure ethanol,6600,,yes,/guides/lewis-structure/c2h5oh
lewis_structure,bh3,lewis structure for bh3,6600,,yes,/guides/lewis-structure/bh3
lewis_structure,brf5,lewis structure for brf5,6600,,yes,/guides/lewis-structure/brf5
lewis_structure,cn,lewis structure for c n,6600,,no,/guides/lewis-structure/cn
lewis_structure,c2h5oh,lewis structure for c2h5oh,6600,,yes,/guides/lewis-structure/c2h5oh
lewis_structure,cf4,lewis structure for cf4,6600,,yes,/guides/lewis-structure/cf4
lewis_structure,chcl3,lewis structure for chcl3,6600,,yes,/guides/lewis-structure/chcl3
lewis_structure,cl2,lewis structure for cl2,6600,,yes,/guides/lewis-structure/cl2
lewis_structure,cn,lewis structure for cn,6600,,yes,/guides/lewis-structure/cn
lewis_structure,cocl2,lewis structure for cocl2,6600,,yes,/guides/lewis-structure/cocl2
lewis_structure,c2h5oh,lewis structure for ethanol,6600,,yes,/guides/lewis-structure/c2h5oh
lewis_structure,c2h5oh,lewis structure for ethyl alcohol,6600,,yes,/guides/lewis-structure/c2h5oh
lewis_structure,f2,lewis structure for f2,6600,,yes,/guides/lewis-structure/f2
lewis_structure,hcl,lewis structure for hcl,6600,,yes,/guides/lewis-structure/hcl
lewis_structure,hf,lewis structure for hf,6600,,yes,/guides/lewis-structure/hf
lewis_structure,hno3,lewis structure for hno3,6600,,yes,/guides/lewis-structure/hno3
lewis_structure,n3,lewis structure for n 3,6600,,yes,/guides/lewis-structure/n3
lewis_structure,n3,lewis structure for n3,6600,,yes,/guides/lewis-structure/n3
lewis_structure,o,lewis structure for o,6600,,yes,/guides/lewis-structure/o
lewis_structure,pf3,lewis structure for pf3,6600,,yes,/guides/lewis-structure/pf3
lewis_structure,sf2,lewis structure for sf2,6600,,no,/guides/lewis-structure/sf2
lewis_structure,hcl,lewis structure hcl,6600,,yes,/guides/lewis-structure/hcl
lewis_structure,hf,lewis structure hf,6600,,yes,/guides/lewis-structure/hf
lewis_structure,hno3,lewis structure hno3,6600,,yes,/guides/lewis-structure/hno3
lewis_structure,n3,lewis structure n3,6600,,yes,/guides/lewis-structure/n3
lewis_structure,bh3,lewis structure of bh3,6600,,yes,/guides/lewis-structure/bh3
lewis_structure,brf5,lewis structure of brf5,6600,,yes,/guides/lewis-structure/brf5
lewis_structure,c2h5oh,lewis structure of c2h5oh,6600,,yes,/guides/lewis-structure/c2h5oh
lewis_structure,cf4,lewis structure of cf4,6600,,yes,/guides/lewis-structure/cf4
lewis_structure,chcl3,lewis structure of chcl3,6600,,yes,/guides/lewis-structure/chcl3
lewis_structure,chcl3,lewis structure of chloroform,6600,,yes,/guides/lewis-structure/chcl3
lewis_structure,cl2,lewis structure of cl2,6600,,yes,/guides/lewis-structure/cl2
lewis_structure,cn,lewis structure of cn,6600,,yes,/guides/lewis-structure/cn
lewis_structure,cocl2,lewis structure of cocl2,6600,,yes,/guides/lewis-structure/cocl2
lewis_structure,c2h5oh,lewis structure of ethanol,6600,,yes,/guides/lewis-structure/c2h5oh
lewis_structure,f2,lewis structure of f2,6600,,yes,/guides/lewis-structure/f2
lewis_structure,hcl,lewis structure of hcl,6600,,yes,/guides/lewis-structure/hcl
lewis_structure,hf,lewis structure of hf,6600,,yes,/guides/lewis-structure/hf
lewis_structure,hno3,lewis structure of hno3,6600,,yes,/guides/lewis-structure/hno3
lewis_structure,hcl,lewis structure of hydrogen chloride,6600,,yes,/guides/lewis-structure/hcl
lewis_structure,hf,lewis structure of hydrogen fluoride,6600,,yes,/guides/lewis-structure/hf
lewis_structure,n3,lewis structure of n3,6600,,yes,/guides/lewis-structure/n3
lewis_structure,hno3,lewis structure of nitric acid,6600,,no,/guides/lewis-structure/hno3
lewis_structure,o,lewis structure of o,6600,,yes,/guides/lewis-structure/o
lewis_structure,pf3,lewis structure of pf3,6600,,yes,/guides/lewis-structure/pf3
lewis_structure,sf2,lewis structure of sf2,6600,,yes,/guides/lewis-structure/sf2
lewis_structure,pf3,lewis structure pf3,6600,,yes,/guides/lewis-structure/pf3
lewis_structure,sf2,lewis structure sf2,6600,,yes,/guides/lewis-structure/sf2
lewis_structure,n3,n 3 lewis structure,6600,,yes,/guides/lewis-structure/n3
lewis_structure,n3,n-3 lewis structure,6600,,yes,/guides/lewis-structure/n3
lewis_structure,n3,n3 ion lewis structure,6600,,yes,/guides/lewis-structure/n3
lewis_structure,n3,n3 lewis dot structure,6600,,yes,/guides/lewis-structure/n3
lewis_structure,n3,n3 lewis structure,6600,,yes,/guides/lewis-structure/n3
lewis_structure,nho3,nho3 lewis structure,6600,,yes,/guides/lewis-structure/nho3
lewis_structure,hno3,nitric acid lewis structure,6600,,yes,/guides/lewis-structure/hno3
lewis_structure,no3h,no3h lewis structure,6600,,yes,/guides/lewis-structure/no3h
lewis_structure,o,o lewis dot structure,6600,,yes,/guides/lewis-structure/o
lewis_structure,o,oxygen lewis dot structure,6600,,yes,/guides/lewis-structure/o
lewis_structure,pf3,pf3 lewis dot structure,6600,,yes,/guides/lewis-structure/pf3
lewis_structure,pf3,pf3 lewis structure,6600,,yes,/guides/lewis-structure/pf3
lewis_structure,sf2,sf2 lewis dot structure,6600,,yes,/guides/lewis-structure/sf2
lewis_structure,sf2,sf2 lewis structure,6600,,yes,/guides/lewis-structure/sf2
lewis_structure,chcl3,trichloromethane lewis structure,6600,,yes,/guides/lewis-structure/chcl3
lewis_structure,becl2,becl2 lewis structure,5400,,yes,/guides/lewis-structure/becl2
lewis_structure,brf3,brf3 lewis structure,5400,,no,/guides/lewis-structure/brf3
lewis_structure,c,c lewis dot structure,5400,,yes,/guides/lewis-structure/c
lewis_structure,co2,carbon dioxide lewis dot structure,5400,,yes,/guides/lewis-structure/co2
lewis_structure,co2,carbon dioxide lewis structure,5400,,yes,/guides/lewis-structure/co2
lewis_structure,cl2s,cl2s lewis structure,5400,,yes,/guides/lewis-structure/cl2s
lewis_structure,h2,h2 lewis structure,5400,,yes,/guides/lewis-structure/h2
lewis_structure,oh,hydroxide ion lewis structure,5400,,yes,/guides/lewis-structure/oh
lewis_structure,oh,hydroxide lewis structure,5400,,yes,/guides/lewis-structure/oh
lewis_structure,if5,if5 lewis structure,5400,,yes,/guides/lewis-structure/if5
lewis_structure,becl2,lewis dot structure becl2,5400,,yes,/guides/lewis-structure/becl2
lewis_structure,co2,lewis dot structure carbon dioxide,5400,,yes,/guides/lewis-structure/co2
lewis_structure,co2,lewis dot structure for carbon dioxide,5400,,yes,/guides/lewis-structure/co2
lewis_structure,h2,lewis dot structure for h2,5400,,yes,/guides/lewis-structure/h2
lewis_structure,pbr3,lewis dot structure for pbr3,5400,,no,/guides/lewis-structure/pbr3
lewis_structure,scl2,lewis dot structure for scl2,5400,,no,/guides/lewis-structure/scl2
lewis_structure,na,lewis dot structure for sodium,5400,,yes,/guides/lewis-structure/na
lewis_structure,h2,lewis dot structure h2,5400,,yes,/guides/lewis-structure/h2
lewis_structure,n,lewis dot structure n,5400,,yes,/guides/lewis-structure/n
lewis_structure,c,lewis dot structure of carbon,5400,,yes,/guides/lewis-structure/c
lewis_structure,h2,lewis dot structure of h2,5400,,yes,/guides/lewis-structure/h2
lewis_structure,n,lewis dot structure of n,5400,,yes,/guides/lewis-structure/n
lewis_structure,n,lewis dot structure of nitrogen,5400,,yes,/guides/lewis-structure/n
lewis_structure,scl2,lewis dot structure of scl2,5400,,yes,/guides/lewis-structure/scl2
lewis_structure,becl2,lewis structure becl2,5400,,yes,/guides/lewis-structure/becl2
lewis_structure,brf3,lewis structure brf3,5400,,no,/guides/lewis-structure/brf3
lewis_structure,becl2,lewis structure for becl2,5400,,yes,/guides/lewis-structure/becl2
lewis_structure,brf3,lewis structure for brf3,5400,,no,/guides/lewis-structure/brf3
lewis_structure,co2,lewis structure for carbon dioxide,5400,,yes,/guides/lewis-structure/co2
lewis_structure,h2,lewis structure for h2,5400,,yes,/guides/lewis-structure/h2
lewis_structure,oh,lewis structure for hydroxide,5400,,yes,/guides/lewis-structure/oh
lewis_structure,oh,lewis structure for hydroxide ion,5400,,yes,/guides/lewis-structure/oh
lewis_structure,if5,lewis structure for if5,5400,,yes,/guides/lewis-structure/if5
lewis_structure,n,lewis structure for n,5400,,yes,/guides/lewis-structure/n
lewis_structure,na,lewis structure for na,5400,,yes,/guides/lewis-structure/na
lewis_structure,ncl3,lewis structure for ncl3,5400,,yes,/guides/lewis-structure/ncl3
lewis_structure,oh,lewis structure for oh,5400,,yes,/guides/lewis-structure/oh
lewis_structure,pbr3,lewis structure for pbr3,5400,,yes,/guides/lewis-structure/pbr3
lewis_structure,pf5,lewis structure for pf5,5400,,yes,/guides/lewis-structure/pf5
lewis_structure,scl2,lewis structure for scl2,5400,,yes,/guides/lewis-structure/scl2
lewis_structure,na,lewis structure for sodium,5400,,yes,/guides/lewis-structure/na
lewis_structure,h2,lewis structure h2,5400,,yes,/guides/lewis-structure/h2
lewis_structure,if5,lewis structure if5,5400,,yes,/guides/lewis-structure/if5
lewis_structure,n,lewis structure n,5400,,yes,/guides/lewis-structure/n
lewis_structure,ncl3,lewis structure ncl3,5400,,yes,/guides/lewis-structure/ncl3
lewis_structure,becl2,lewis structure of becl2,5400,,yes,/guides/lewis-structure/becl2
lewis_structure,brf3,lewis structure of brf3,5400,,no,/guides/lewis-structure/brf3
lewis_structure,co2,lewis structure of carbon dioxide,5400,,yes,/guides/lewis-structure/co2
lewis_structure,h2,lewis structure of h2,5400,,yes,/guides/lewis-structure/h2
lewis_structure,h2so4,lewis structure of h2so4,5400,,yes,/guides/lewis-structure/h2so4
lewis_structure,oh,lewis structure of hydroxide,5400,,yes,/guides/lewis-structure/oh
lewis_structure,oh,lewis structure of hydroxide ion,5400,,yes,/guides/lewis-structure/oh
lewis_structure,if5,lewis structure of if5,5400,,yes,/guides/lewis-structure/if5
lewis_structure,n,lewis structure of n,5400,,yes,/guides/lewis-structure/n
lewis_structure,ncl3,lewis structure of ncl3,5400,,yes,/guides/lewis-structure/ncl3
lewis_structure,oh,lewis structure of oh,5400,,yes,/guides/lewis-structure/oh
lewis_structure,pbr3,lewis structure of pbr3,5400,,yes,/guides/lewis-structure/pbr3
lewis_structure,pf5,lewis structure of pf5,5400,,yes,/guides/lewis-structure/pf5
lewis_structure,scl2,lewis structure of scl2,5400,,yes,/guides/lewis-structure/scl2
lewis_structure,na,lewis structure of sodium,5400,,yes,/guides/lewis-structure/na
lewis_structure,oh,lewis structure oh,5400,,yes,/guides/lewis-structure/oh
lewis_structure,pbr3,lewis structure pbr3,5400,,yes,/guides/lewis-structure/pbr3
lewis_structure,pf5,lewis structure pf5,5400,,yes,/guides/lewis-structure/pf5
lewis_structure,scl2,lewis structure scl2,5400,,yes,/guides/lewis-structure/scl2
lewis_structure,ncl3,ncl3 lewis structure,5400,,yes,/guides/lewis-structure/ncl3
lewis_structure,n,nitrogen lewis dot structure,5400,,yes,/guides/lewis-structure/n
lewis_structure,oh,oh lewis structure,5400,,yes,/guides/lewis-structure/oh
lewis_structure,pbr3,pbr3 lewis dot structure,5400,,yes,/guides/lewis-structure/pbr3
lewis_structure,pbr3,pbr3 lewis structure,5400,,yes,/guides/lewis-structure/pbr3
lewis_structure,pf5,pf5 lewis structure,5400,,yes,/guides/lewis-structure/pf5
lewis_structure,pf5,phosphorus pentafluoride lewis structure,5400,,yes,/guides/lewis-structure/pf5
lewis_structure,scl2,scl2 lewis structure,5400,,yes,/guides/lewis-structure/scl2
lewis_structure,na,sodium lewis structure,5400,,yes,/guides/lewis-structure/na
lewis_structure,h2so4,sulphuric acid lewis structure,5400,,yes,/guides/lewis-structure/h2so4
lewis_structure,bef2,bef2 lewis structure,4400,,yes,/guides/lewis-structure/bef2
lewis_structure,br2,br2 lewis dot structure,4400,,yes,/guides/lewis-structure/br2
lewis_structure,br2,br2 lewis structure,4400,,yes,/guides/lewis-structure/br2
lewis_structure,c,carbon lewis dot structure,4400,,yes,/guides/lewis-structure/c
lewis_structure,ch2o2,ch2o2 lewis structure,4400,,no,/guides/lewis-structure/ch2o2
lewis_structure,ch3cl,ch3cl lewis structure,4400,,yes,/guides/lewis-structure/ch3cl
lewis_structure,ch3cooh,ch3cooh lewis structure,4400,,yes,/guides/lewis-structure/ch3cooh
lewis_structure,clo,clo ion lewis structure,4400,,yes,/guides/lewis-structure/clo
lewis_structure,clo,clo lewis structure,4400,,yes,/guides/lewis-structure/clo
lewis_structure,clo4,clo4 lewis structure,4400,,yes,/guides/lewis-structure/clo4
lewis_structure,ch2o2,formic acid lewis structure,4400,,yes,/guides/lewis-structure/ch2o2
lewis_structure,hbr,hbr lewis structure,4400,,yes,/guides/lewis-structure/hbr
lewis_structure,hcooh,hcooh lewis structure,4400,,no,/guides/lewis-structure/hcooh
lewis_structure,hbr,hydrogen bromide lewis structure,4400,,yes,/guides/lewis-structure/hbr
lewis_structure,bef2,lewis dot structure bef2,4400,,yes,/guides/lewis-structure/bef2
lewis_structure,br2,lewis dot structure br2,4400,,yes,/guides/lewis-structure/br2
lewis_structure,c3h6o,lewis dot structure for acetone,4400,,yes,/guides/lewis-structure/c3h6o
lewis_structure,br2,lewis dot structure for br2,4400,,yes,/guides/lewis-structure/br2
lewis_structure,c,lewis dot structure for c,4400,,yes,/guides/lewis-structure/c
lewis_structure,hcooh,lewis dot structure for hcooh,4400,,no,/guides/lewis-structure/hcooh
lewis_structure,n2h2,lewis dot structure for n2h2,4400,,yes,/guides/lewis-structure/n2h2
lewis_structure,n,lewis dot structure for nitrogen,4400,,yes,/guides/lewis-structure/n
lewis_structure,nocl,lewis dot structure for nocl,4400,,no,/guides/lewis-structure/nocl
lewis_structure,n2h4,lewis dot structure n2h4,4400,,yes,/guides/lewis-structure/n2h4
lewis_structure,nh4,lewis dot structure nh4,4400,,yes,/guides/lewis-structure/nh4
lewis_structure,n,lewis dot structure nitrogen,4400,,yes,/guides/lewis-structure/n
lewis_structure,clo,lewis dot structure of clo,4400,,yes,/guides/lewis-structure/clo
lewis_structure,scn,lewis dot structure of scn,4400,,yes,/guides/lewis-structure/scn
lewis_structure,na,lewis dot structure sodium,4400,,yes,/guides/lewis-structure/na
lewis_structure,c3h6o,lewis structure acetone,4400,,yes,/guides/lewis-structure/c3h6o
lewis_structure,bef2,lewis structure bef2,4400,,yes,/guides/lewis-structure/bef2
lewis_structure,br2,lewis structure br2,4400,,yes,/guides/lewis-structure/br2
lewis_structure,ch3cooh,lewis structure ch3cooh,4400,,yes,/guides/lewis-structure/ch3cooh
lewis_structure,clo,lewis structure clo,4400,,yes,/guides/lewis-structure/clo
lewis_structure,clo4,lewis structure clo4,4400,,yes,/guides/lewis-structure/clo4
lewis_structure,c3h6o,lewis structure for acetone,4400,,yes,/guides/lewis-structure/c3h6o
lewis_structure,clo,lewis structure for clo,4400,,yes,/guides/lewis-structure/clo
lewis_structure,h2so4,lewis structure for h2so4,4400,,yes,/guides/lewis-structure/h2so4
lewis_structure,hbr,lewis structure for hbr,4400,,yes,/guides/lewis-structure/hbr
lewis_structure,n2h2,lewis structure for n2h2,4400,,yes,/guides/lewis-structure/n2h2
lewis_structure,n2h4,lewis structure for n2h4,4400,,yes,/guides/lewis-structure/n2h4
lewis_structure,n,lewis structure for nitrogen,4400,,yes,/guides/lewis-structure/n
lewis_structure,n2,lewis structure for nitrogen gas,4400,,yes,/guides/lewis-structure/n2
lewis_structure,sio2,lewis structure for sio2,4400,,yes,/guides/lewis-structure/sio2
lewis_structure,so3,lewis structure for sulfite ion,4400,,yes,/guides/lewis-structure/so3
lewis_structure,h2so4,lewis structure h2so4,4400,,yes,/guides/lewis-structure/h2so4
lewis_structure,n2h2,lewis structure n2h2,4400,,yes,/guides/lewis-structure/n2h2
lewis_structure,n2h4,lewis structure n2h4,4400,,yes,/guides/lewis-structure/n2h4
lewis_structure,n2,lewis structure nitrogen gas,4400,,yes,/guides/lewis-structure/n2
lewis_structure,br2,lewis structure of br2,4400,,yes,/guides/lewis-structure/br2
lewis_structure,ch2o2,lewis structure of ch2o2,4400,,yes,/guides/lewis-structure/ch2o2
lewis_structure,ch3cl,lewis structure of ch3cl,4400,,yes,/guides/lewis-structure/ch3cl
lewis_structure,ch3cooh,lewis structure of ch3cooh,4400,,yes,/guides/lewis-structure/ch3cooh
lewis_structure,clo4,lewis structure of clo4,4400,,yes,/guides/lewis-structure/clo4
lewis_structure,ch2o2,lewis structure of formic acid,4400,,yes,/guides/lewis-structure/ch2o2
lewis_structure,hbr,lewis structure of hbr,4400,,yes,/guides/lewis-structure/hbr
lewis_structure,hcooh,lewis structure of hcooh,4400,,no,/guides/lewis-structure/hcooh
lewis_structure,n2h2,lewis structure of n2h2,4400,,yes,/guides/lewis-structure/n2h2
lewis_structure,n2h4,lewis structure of n2h4,4400,,yes,/guides/lewis-structure/n2h4
lewis_structure,na,lewis structure of na,4400,,yes,/guides/lewis-structure/na
lewis_structure,n2,lewis structure of nitrogen gas,4400,,yes,/guides/lewis-structure/n2
lewis_structure,nocl,lewis structure of nocl,4400,,yes,/guides/lewis-structure/nocl
lewis_structure,scn,lewis structure of scn,4400,,no,/guides/lewis-structure/scn
lewis_structure,so32,lewis structure of so32,4400,,yes,/guides/lewis-structure/so32
lewis_structure,h2so4,lewis structure of sulfuric acid,4400,,yes,/guides/lewis-structure/h2so4
lewis_structure,h2o,lewis structure of water,4400,,yes,/guides/lewis-structure/h2o
lewis_structure,sio2,lewis structure sio2,4400,,yes,/guides/lewis-structure/sio2
lewis_structure,na,lewis structure sodium,4400,,yes,/guides/lewis-structure/na
lewis_structure,h2o,lewis structure water,4400,,yes,/guides/lewis-structure/h2o
lewis_structure,ch2o2,methanoic acid lewis structure,4400,,yes,/guides/lewis-structure/ch2o2
lewis_structure,n2h2,n2h2 lewis structure,4400,,yes,/guides/lewis-structure/n2h2
lewis_structure,n2h4,n2h4 lewis dot structure,4400,,yes,/guides/lewis-structure/n2h4
lewis_structure,na,na lewis structure,4400,,yes,/guides/lewis-structure/na
lewis_structure,nh4,nh4 lewis structure,4400,,yes,/guides/lewis-structure/nh4
lewis_structure,n2,nitrogen gas lewis dot structure,4400,,yes,/guides/lewis-structure/n2
lewis_structure,n,nitrogen lewis structure,4400,,yes,/guides/lewis-structure/n
lewis_structure,nocl,nocl lewis structure,4400,,no,/guides/lewis-structure/nocl
lewis_structure,propanone,propanone lewis structure,4400,,yes,/guides/lewis-structure/propanone
lewis_structure,s03,s03 2 lewis structure,4400,,yes,/guides/lewis-structure/s03
lewis_structure,scn,scn lewis structure,4400,,no,/guides/lewis-structure/scn
lewis_structure,sio2,sio2 lewis structure,4400,,yes,/guides/lewis-structure/sio2
lewis_structure,so3,so3 2 lewis structure,4400,,yes,/guides/lewis-structure/so3
lewis_structure,na,sodium lewis dot structure,4400,,yes,/guides/lewis-structure/na
lewis_structure,so3,sulfite ion lewis dot structure,4400,,yes,/guides/lewis-structure/so3
lewis_structure,so3,sulfite ion lewis structure,4400,,yes,/guides/lewis-structure/so3
lewis_structure,h2so4,sulfuric acid lewis structure,4400,,yes,/guides/lewis-structure/h2so4
molar_mass,co2,molar mass co2,33100,,yes,/tools/molar-mass/co2
molar_mass,co2,molar mass for co2,33100,,yes,/tools/molar-mass/co2
molar_mass,co2,molar mass of co2,33100,,yes,/tools/molar-mass/co2
molar_mass,naoh,molar mass for naoh,22200,,no,/tools/molar-mass/naoh
molar_mass,naoh,molar mass of naoh,22200,,no,/tools/molar-mass/naoh
molar_mass,naoh,naoh molar mass,22200,,no,/tools/molar-mass/naoh
molar_mass,nacl,nacl molar mass,18100,,yes,/tools/molar-mass/nacl
molar_mass,nacl,molar mass for nacl,14800,,yes,/tools/molar-mass/nacl
molar_mass,nacl,molar mass nacl,14800,,yes,/tools/molar-mass/nacl
molar_mass,nh3,molar mass nh3,14800,,yes,/tools/molar-mass/nh3
molar_mass,nacl,molar mass of nacl,14800,,yes,/tools/molar-mass/nacl
molar_mass,nh3,molar mass of nh3,14800,,yes,/tools/molar-mass/nh3
molar_mass,nh3,nh3 molar mass,14800,,yes,/tools/molar-mass/nh3
molar_mass,c,carbon molar mass,12100,,yes,/tools/molar-mass/c
molar_mass,c,molar mass carbon,12100,,yes,/tools/molar-mass/c
molar_mass,o2,molar mass for o2,12100,,no,/tools/molar-mass/o2
molar_mass,h2o,molar mass for water,12100,,no,/tools/molar-mass/h2o
molar_mass,n2,molar mass n2,12100,,no,/tools/molar-mass/n2
molar_mass,o2,molar mass o2,12100,,no,/tools/molar-mass/o2
molar_mass,o2,molar mass of 02,12100,,yes,/tools/molar-mass/o2
molar_mass,c,molar mass of carbon,12100,,yes,/tools/molar-mass/c
molar_mass,n2,molar mass of n2,12100,,no,/tools/molar-mass/n2
molar_mass,o2,molar mass of o2,12100,,yes,/tools/molar-mass/o2
molar_mass,h2o,molar mass of water,12100,,yes,/tools/molar-mass/h2o
molar_mass,h2o,molar mass water,12100,,no,/tools/molar-mass/h2o
molar_mass,n2,n2 molar mass,12100,,no,/tools/molar-mass/n2
molar_mass,o2,o2 molar mass,12100,,no,/tools/molar-mass/o2
molar_mass,h2o,water molar mass,12100,,yes,/tools/molar-mass/h2o
molar_mass,cacl2,cacl2 molar mass,9900,,no,/tools/molar-mass/cacl2
molar_mass,caco3,caco3 molar mass,9900,,yes,/tools/molar-mass/caco3
molar_mass,h2o,h2o molar mass,9900,,no,/tools/molar-mass/h2o
molar_mass,h,hydrogen molar mass,9900,,yes,/tools/molar-mass/h
molar_mass,kcl,kcl molar mass,9900,,yes,/tools/molar-mass/kcl
molar_mass,cacl2,molar mass cacl2,9900,,no,/tools/molar-mass/cacl2
molar_mass,caco3,molar mass calcium carbonate,9900,,yes,/tools/molar-mass/caco3
molar_mass,n,molar mass for nitrogen,9900,,no,/tools/molar-mass/n
molar_mass,h2o,molar mass h2o,9900,,no,/tools/molar-mass/h2o
molar_mass,h,molar mass hydrogen,9900,,yes,/tools/molar-mass/h
molar_mass,kcl,molar mass kcl,9900,,yes,/tools/molar-mass/kcl
molar_mass,n,molar mass nitrogen,9900,,no,/tools/molar-mass/n
molar_mass,cacl2,molar mass of cacl2,9900,,no,/tools/molar-mass/cacl2
molar_mass,caco3,molar mass of caco3,9900,,yes,/tools/molar-mass/caco3
molar_mass,caco3,molar mass of calcium carbonate,9900,,yes,/tools/molar-mass/caco3
molar_mass,h,molar mass of h,9900,,yes,/tools/molar-mass/h
molar_mass,h,molar mass of hydrogen,9900,,yes,/tools/molar-mass/h
molar_mass,h2,molar mass of hydrogen gas,9900,,yes,/tools/molar-mass/h2
molar_mass,kcl,molar mass of kcl,9900,,yes,/tools/molar-mass/kcl
molar_mass,n,molar mass of nitrogen,9900,,yes,/tools/molar-mass/n
molar_mass,o,molar mass of oxygen,9900,,yes,/tools/molar-mass/o
molar_mass,h,molar mass: hydrogen,9900,,yes,/tools/molar-mass/h
molar_mass,n,nitrogen molar mass,9900,,no,/tools/molar-mass/n
molar_mass,o,oxygen molar mass,9900,,yes,/tools/molar-mass/o
molar_mass,cl,cl molar mass,8100,,no,/tools/molar-mass/cl
molar_mass,h2,h2 molar mass,8100,,yes,/tools/molar-mass/h2
molar_mass,h2so4,h2so4 molar mass,8100,,no,/tools/molar-mass/h2so4
molar_mass,hcl,hcl molar mass,8100,,yes,/tools/molar-mass/hcl
molar_mass,hcl,hydrogen chloride molar mass,8100,,yes,/tools/molar-mass/hcl
molar_mass,mg,magnesium molar mass,8100,,no,/tools/molar-mass/mg
molar_mass,mg,mg molar mass,8100,,yes,/tools/molar-mass/mg
molar_mass,mgs,mgs molar mass,8100,,no,/tools/molar-mass/mgs
molar_mass,cl,molar mass chloride,8100,,yes,/tools/molar-mass/cl
molar_mass,cl,molar mass cl,8100,,yes,/tools/molar-mass/cl
molar_mass,fe,molar mass fe,8100,,no,/tools/molar-mass/fe
molar_mass,h2o,molar mass for h2o,8100,,no,/tools/molar-mass/h2o
molar_mass,h2so4,molar mass for h2so4,8100,,no,/tools/molar-mass/h2so4
molar_mass,h2,molar mass h2,8100,,no,/tools/molar-mass/h2
molar_mass,h2so4,molar mass h2so4,8100,,no,/tools/molar-mass/h2so4
molar_mass,hcl,molar mass hcl,8100,,yes,/tools/molar-mass/hcl
molar_mass,fe,molar mass iron,8100,,no,/tools/molar-mass/fe
molar_mass,ch4,molar mass of ch4,8100,,yes,/tools/molar-mass/ch4
molar_mass,cl,molar mass of chloride,8100,,yes,/tools/molar-mass/cl
molar_mass,cl,molar mass of cl,8100,,yes,/tools/molar-mass/cl
molar_mass,fe,molar mass of fe,8100,,no,/tools/molar-mass/fe
molar_mass,h2,molar mass of h2,8100,,no,/tools/molar-mass/h2
molar_mass,h2,molar mass of h2 s o4,8100,,yes,/tools/molar-mass/h2
molar_mass,h2o,molar mass of h2o,8100,,no,/tools/molar-mass/h2o
molar_mass,h2so4,molar mass of h2so4,8100,,no,/tools/molar-mass/h2so4
molar_mass,hcl,molar mass of hcl,8100,,yes,/tools/molar-mass/hcl
molar_mass,hcl,molar mass of hydrogen chloride,8100,,yes,/tools/molar-mass/hcl
molar_mass,fe,molar mass of iron,8100,,no,/tools/molar-mass/fe
molar_mass,h2o,molar mass of water h2o,8100,,yes,/tools/molar-mass/h2o
molar_mass,ch3cooh,acetic acid molar mass,6600,4.72,yes,/tools/molar-mass/ch3cooh
molar_mass,cl2,cl2 molar mass,6600,,yes,/tools/molar-mass/cl2
molar_mass,c2h5oh,ethanol molar mass,6600,,yes,/tools/molar-mass/c2h5oh
molar_mass,c2h5oh,ethyl alcohol molar mass,6600,,yes,/tools/molar-mass/c2h5oh
molar_mass,fe,fe molar mass,6600,,no,/tools/molar-mass/fe
molar_mass,he,he molar mass,6600,,yes,/tools/molar-mass/he
molar_mass,he,helium molar mass,6600,,yes,/tools/molar-mass/he
molar_mass,fe,iron molar mass,6600,,no,/tools/molar-mass/fe
molar_mass,ch3cooh,molar mass acetic acid,6600,,yes,/tools/molar-mass/ch3cooh
molar_mass,he,molar mass he,6600,,yes,/tools/molar-mass/he
molar_mass,he,molar mass helium,6600,,yes,/tools/molar-mass/he
molar_mass,na2co3,molar mass na2co3,6600,,no,/tools/molar-mass/na2co3
molar_mass,ch3cooh,molar mass of acetic acid,6600,,yes,/tools/molar-mass/ch3cooh
molar_mass,cl2,molar mass of cl2,6600,,yes,/tools/molar-mass/cl2
molar_mass,c2h5oh,molar mass of ethyl alcohol,6600,,yes,/tools/molar-mass/c2h5oh
molar_mass,he,molar mass of helium,6600,,yes,/tools/molar-mass/he
molar_mass,na2co3,molar mass of na2co3,6600,,no,/tools/molar-mass/na2co3
molar_mass,na2co3,na2co3 molar mass,6600,,no,/tools/molar-mass/na2co3
molar_mass,agno3,agno3 molar mass,5400,,no,/tools/molar-mass/agno3
molar_mass,fe2o3,fe2o3 molar mass,5400,,no,/tools/molar-mass/fe2o3
molar_mass,koh,koh molar mass,5400,,no,/tools/molar-mass/koh
molar_mass,agno3,molar mass agno3,5400,,no,/tools/molar-mass/agno3
molar_mass,c2h5oh,molar mass ethanol,5400,,yes,/tools/molar-mass/c2h5oh
molar_mass,fe2o3,molar mass fe2o3,5400,,no,/tools/molar-mass/fe2o3
molar_mass,agno3,molar mass for agno3,5400,,no,/tools/molar-mass/agno3
molar_mass,c6h12o6,molar mass glucose,5400,,yes,/tools/molar-mass/c6h12o6
molar_mass,h20,molar mass h20,5400,,no,/tools/molar-mass/h20
molar_mass,agno3,molar mass of agno3,5400,,no,/tools/molar-mass/agno3
molar_mass,c2h5oh,molar mass of ethanol,5400,,yes,/tools/molar-mass/c2h5oh
molar_mass,fe2o3,molar mass of fe2o3,5400,,no,/tools/molar-mass/fe2o3
molar_mass,c6h12o6,molar mass of glucose,5400,,yes,/tools/molar-mass/c6h12o6
molar_mass,h20,molar mass of h20,5400,,yes,/tools/molar-mass/h20
molar_mass,koh,molar mass of koh,5400,1.61,no,/tools/molar-mass/koh
molar_mass,nahco3,molar mass of nahco3,5400,,yes,/tools/molar-mass/nahco3
molar_mass,zn,molar mass of zinc,5400,,yes,/tools/molar-mass/zn
molar_mass,zn,molar mass zinc,5400,,no,/tools/molar-mass/zn
molar_mass,nahco3,nahco3 molar mass,5400,,yes,/tools/molar-mass/nahco3
molar_mass,zn,zinc molar mass,5400,,no,/tools/molar-mass/zn
molar_mass,zn,zn molar mass,5400,,no,/tools/molar-mass/zn
molar_mass,c3h6o,acetone molar mass,4400,,yes,/tools/molar-mass/c3h6o
molar_mass,agcl,agcl molar mass,4400,,no,/tools/molar-mass/agcl
molar_mass,al,al molar mass,4400,,no,/tools/molar-mass/al
molar_mass,al2o3,alumina molar mass,4400,,no,/tools/molar-mass/al2o3
molar_mass,al,aluminum molar mass,4400,,no,/tools/molar-mass/al
molar_mass,c3h8,c3h8 molar mass,4400,,no,/tools/molar-mass/c3h8
molar_mass,co,carbon monoxide molar mass,4400,,yes,/tools/molar-mass/co
molar_mass,co,co molar mass,4400,,yes,/tools/molar-mass/co
molar_mass,cuso4,cuso4 molar mass,4400,,no,/tools/molar-mass/cuso4
molar_mass,h20,h20 molar mass,4400,,no,/tools/molar-mass/h20
molar_mass,kclo3,kclo3 molar mass,4400,,yes,/tools/molar-mass/kclo3
molar_mass,ch3oh,methanol molar mass,4400,,no,/tools/molar-mass/ch3oh
molar_mass,mgcl2,mgcl2 molar mass,4400,,no,/tools/molar-mass/mgcl2
molar_mass,agcl,molar mass agcl,4400,,no,/tools/molar-mass/agcl
molar_mass,al,molar mass aluminum,4400,,no,/tools/molar-mass/al
molar_mass,c3h8,molar mass c3h8,4400,,no,/tools/molar-mass/c3h8
molar_mass,cu,molar mass copper,4400,,yes,/tools/molar-mass/cu
molar_mass,cu,molar mass cu,4400,,yes,/tools/molar-mass/cu
molar_mass,cuso4,molar mass cuso4,4400,,no,/tools/molar-mass/cuso4
molar_mass,nacl,molar mass for sodium chloride,4400,,yes,/tools/molar-mass/nacl
molar_mass,kclo3,molar mass kclo3,4400,,yes,/tools/molar-mass/kclo3
molar_mass,mgcl2,molar mass mgcl2,4400,,yes,/tools/molar-mass/mgcl2
molar_mass,n,molar mass n,4400,,no,/tools/molar-mass/n
molar_mass,agcl,molar mass of agcl,4400,,no,/tools/molar-mass/agcl
molar_mass,c3h8,molar mass of c3h8,4400,,no,/tools/molar-mass/c3h8
molar_mass,co,molar mass of carbon monoxide,4400,,yes,/tools/molar-mass/co
molar_mass,cu,molar mass of copper,4400,,yes,/tools/molar-mass/cu
molar_mass,cuso4,molar mass of cuso4,4400,,no,/tools/molar-mass/cuso4
molar_mass,kclo3,molar mass of kclo3,4400,,yes,/tools/molar-mass/kclo3
molar_mass,mg,molar mass of mg,4400,,no,/tools/molar-mass/mg
molar_mass,mgcl2,molar mass of mgcl2,4400,,no,/tools/molar-mass/mgcl2
molar_mass,n,molar mass of n,4400,,no,/tools/molar-mass/n
molar_mass,na,molar mass of sodium,4400,,yes,/tools/molar-mass/na
molar_mass,nacl,molar mass of sodium chloride,4400,,yes,/tools/molar-mass/nacl
molar_mass,s,molar mass of sulphur,4400,,no,/tools/molar-mass/s
molar_mass,nacl,molar mass sodium chloride,4400,,yes,/tools/molar-mass/nacl
molar_mass,n,n mass molar mass,4400,,yes,/tools/molar-mass/n
molar_mass,n,n molar mass,4400,,no,/tools/molar-mass/n
molar_mass,nacl,sodium chloride molar mass,4400,,yes,/tools/molar-mass/nacl
molar_mass,na,sodium molar mass,4400,,yes,/tools/molar-mass/na
molar_mass,s,sulfur molar mass,4400,,yes,/tools/molar-mass/s
molar_mass,s,sulphur molar mass,4400,,yes,/tools/molar-mass/s
molar_mass,c9h8o4,acetylsalicylic acid molar mass,3600,,yes,/tools/molar-mass/c9h8o4
molar_mass,ag,ag molar mass,3600,,no,/tools/molar-mass/ag
molar_mass,c9h8o4,aspirin molar mass,3600,,yes,/tools/molar-mass/c9h8o4
molar_mass,c7h6o2,benzoic acid molar mass,3600,,yes,/tools/molar-mass/c7h6o2
molar_mass,c4h10,butane molar mass,3600,,yes,/tools/molar-mass/c4h10
molar_mass,caco3,calcium carbonate molar mass,3600,,yes,/tools/molar-mass/caco3
molar_mass,ca,calcium molar mass,3600,,no,/tools/molar-mass/ca
molar_mass,cl,chlorine molar mass,3600,,yes,/tools/molar-mass/cl
molar_mass,c6h12o6,glucose molar mass,3600,,yes,/tools/molar-mass/c6h12o6
molar_mass,kno3,kno3 molar mass,3600,,yes,/tools/molar-mass/kno3
molar_mass,mg,magnesium metal molar mass,3600,,yes,/tools/molar-mass/mg
molar_mass,mgo,mgo molar mass,3600,,yes,/tools/molar-mass/mgo
molar_mass,ag,molar mass ag,3600,,no,/tools/molar-mass/ag
molar_mass,c9h8o4,molar mass aspirin,3600,,yes,/tools/molar-mass/c9h8o4
molar_mass,c7h6o2,molar mass benzoic acid,3600,,no,/tools/molar-mass/c7h6o2
molar_mass,c4h10,molar mass butane,3600,,yes,/tools/molar-mass/c4h10
molar_mass,c,molar mass c,3600,,yes,/tools/molar-mass/c
molar_mass,caco3,molar mass caco3,3600,,no,/tools/molar-mass/caco3
molar_mass,ca,molar mass calcium,3600,,no,/tools/molar-mass/ca
molar_mass,cl,molar mass chlorine,3600,,yes,/tools/molar-mass/cl
molar_mass,cl,molar mass for chlorine,3600,,yes,/tools/molar-mass/cl
molar_mass,kno3,molar mass for kno3,3600,,yes,/tools/molar-mass/kno3
molar_mass,mg,molar mass for magnesium,3600,,no,/tools/molar-mass/mg
molar_mass,mg,molar mass mg,3600,,no,/tools/molar-mass/mg
molar_mass,mgo,molar mass mgo,3600,,yes,/tools/molar-mass/mgo
molar_mass,c9h8o4,molar mass of acetylsalicylic acid,3600,,yes,/tools/molar-mass/c9h8o4
molar_mass,ag,molar mass of ag,3600,,no,/tools/molar-mass/ag
molar_mass,al,molar mass of al,3600,,no,/tools/molar-mass/al
molar_mass,al,molar mass of aluminium,3600,,no,/tools/molar-mass/al
molar_mass,al,molar mass of aluminum,3600,,yes,/tools/molar-mass/al
molar_mass,c9h8o4,molar mass of asa,3600,,yes,/tools/molar-mass/c9h8o4
molar_mass,c9h8o4,molar mass of aspirin,3600,,yes,/tools/molar-mass/c9h8o4
molar_mass,c7h6o2,molar mass of benzoic acid,3600,,no,/tools/molar-mass/c7h6o2
molar_mass,c4h10,molar mass of butane,3600,,yes,/tools/molar-mass/c4h10
molar_mass,c,molar mass of c,3600,,yes,/tools/molar-mass/c
molar_mass,ca,molar mass of calcium,3600,,no,/tools/molar-mass/ca
molar_mass,cl,molar mass of chlorine,3600,,yes,/tools/molar-mass/cl
molar_mass,mg,molar mass of magnesium,3600,,no,/tools/molar-mass/mg
molar_mass,mg,molar mass of magnesium metal,3600,,yes,/tools/molar-mass/mg
molar_mass,mgo,molar mass of magnesium oxide,3600,,yes,/tools/molar-mass/mgo
molar_mass,mgo,molar mass of mgo,3600,,yes,/tools/molar-mass/mgo
molar_mass,nh4cl,molar mass of nh4cl,3600,,yes,/tools/molar-mass/nh4cl
molar_mass,s,molar mass of s,3600,,no,/tools/molar-mass/s
molar_mass,na2co3,molar mass of sodium carbonate,3600,,yes,/tools/molar-mass/na2co3
molar_mass,h2so4,molar mass of sulfuric acid,3600,,yes,/tools/molar-mass/h2so4
molar_mass,s,molar mass s,3600,,no,/tools/molar-mass/s
molar_mass,na2co3,molar mass sodium carbonate,3600,,yes,/tools/molar-mass/na2co3
molar_mass,c12h22o11,molar mass sucrose,3600,,yes,/tools/molar-mass/c12h22o11
molar_mass,h2so4,molar mass sulfuric acid,3600,,no,/tools/molar-mass/h2so4
molar_mass,na,na molar mass,3600,,yes,/tools/molar-mass/na
molar_mass,nano3,nano3 molar mass,3600,,yes,/tools/molar-mass/nano3
molar_mass,nh4cl,nh4cl molar mass,3600,,yes,/tools/molar-mass/nh4cl
molar_mass,s,s molar mass,3600,,no,/tools/molar-mass/s
molar_mass,na2co3,sodium carbonate molar mass,3600,,yes,/tools/molar-mass/na2co3
molar_mass,h2so4,sulfuric acid molar mass,3600,,no,/tools/molar-mass/h2so4
molar_mass,h2so4,sulphuric acid molar mass,3600,,no,/tools/molar-mass/h2so4
molar_mass,ar,argon molar mass,2900,,no,/tools/molar-mass/ar
molar_mass,cano32,cano32 molar mass,2900,,no,/tools/molar-mass/cano32
molar_mass,ch3oh,ch3oh molar mass,2900,,yes,/tools/molar-mass/ch3oh
molar_mass,co,cobalt molar mass,2900,,no,/tools/molar-mass/co
molar_mass,cu,copper molar mass,2900,,yes,/tools/molar-mass/cu
molar_mass,c4h8o2,ethyl acetate molar mass,2900,,yes,/tools/molar-mass/c4h8o2
molar_mass,h3po4,h3po4 molar mass,2900,,yes,/tools/molar-mass/h3po4
molar_mass,k,k molar mass,2900,,no,/tools/molar-mass/k
molar_mass,khp,khp molar mass,2900,,yes,/tools/molar-mass/khp
molar_mass,mgso4,mgso4 molar mass,2900,,yes,/tools/molar-mass/mgso4
molar_mass,ar,molar mass argon,2900,,no,/tools/molar-mass/ar
molar_mass,c4h8o2,molar mass ethyl acetate,2900,,yes,/tools/molar-mass/c4h8o2
molar_mass,h3po4,molar mass h3po4,2900,,yes,/tools/molar-mass/h3po4
molar_mass,khp,molar mass khp,2900,,no,/tools/molar-mass/khp
molar_mass,mgso4,molar mass mgso4,2900,,no,/tools/molar-mass/mgso4
molar_mass,nano3,molar mass nano3,2900,,yes,/tools/molar-mass/nano3
molar_mass,naoh,molar mass naoh,2900,,no,/tools/molar-mass/naoh
molar_mass,nh4no3,molar mass nh4no3,2900,,yes,/tools/molar-mass/nh4no3
molar_mass,ar,molar mass of ar,2900,,no,/tools/molar-mass/ar
molar_mass,ch3oh,molar mass of ch3oh,2900,,yes,/tools/molar-mass/ch3oh
molar_mass,co,molar mass of co,2900,,yes,/tools/molar-mass/co
molar_mass,h3po4,molar mass of h3po4,2900,,yes,/tools/molar-mass/h3po4
molar_mass,k,molar mass of k,2900,,yes,/tools/molar-mass/k
molar_mass,mgso4,molar mass of mgso4,2900,,no,/tools/molar-mass/mgso4
molar_mass,n,molar mass of n a,2900,,yes,/tools/molar-mass/n
molar_mass,na,molar mass of na,2900,,yes,/tools/molar-mass/na
molar_mass,nano3,molar mass of nano3,2900,,yes,/tools/molar-mass/nano3
molar_mass,nh4no3,molar mass of nh4no3,2900,,yes,/tools/molar-mass/nh4no3
molar_mass,no3,molar mass of pb no3 2,2900,,yes,/tools/molar-mass/no3
molar_mass,c7h6o3,molar mass of salicylic acid,2900,,yes,/tools/molar-mass/c7h6o3
molar_mass,so2,molar mass of sulfur dioxide,2900,,yes,/tools/molar-mass/so2
molar_mass,so2,molar mass of sulphur dioxide,2900,,yes,/tools/molar-mass/so2
molar_mass,c7h6o3,salicylic acid molar mass,2900,,yes,/tools/molar-mass/c7h6o3
molar_mass,so2,so2 molar mass,2900,,yes,/tools/molar-mass/so2
molar_mass,naoh,sodium hydroxide molar mass,2900,,no,/tools/molar-mass/naoh
molar_mass,c12h22o11,sucrose molar mass,2900,,yes,/tools/molar-mass/c12h22o11
molar_mass,nh3,ammonia molar mass,2400,,yes,/tools/molar-mass/nh3
molar_mass,nh4,ammonium molar mass,2400,,no,/tools/molar-mass/nh4
molar_mass,c6h6,benzene molar mass,2400,,yes,/tools/molar-mass/c6h6
molar_mass,br,bromine molar mass,2400,,yes,/tools/molar-mass/br
molar_mass,c6,c6 h12 o6 molar mass,2400,,yes,/tools/molar-mass/c6
molar_mass,c6h12o6,c6h12o6 molar mass,2400,,yes,/tools/molar-mass/c6h12o6
molar_mass,caoh2,ca oh 2 molar mass,2400,,yes,/tools/molar-mass/caoh2
molar_mass,caoh2,caoh2 molar mass,2400,,no,/tools/molar-mass/caoh2
molar_mass,cu,cu molar mass,2400,,yes,/tools/molar-mass/cu
molar_mass,f,fluorine molar mass,2400,,no,/tools/molar-mass/f
molar_mass,hno3,hno3 molar mass,2400,,yes,/tools/molar-mass/hno3
molar_mass,i2,i2 molar mass,2400,,yes,/tools/molar-mass/i2
molar_mass,ki,ki molar mass,2400,,no,/tools/molar-mass/ki
molar_mass,c6h6,molar mass benzene,2400,,yes,/tools/molar-mass/c6h6
molar_mass,br,molar mass br,2400,,no,/tools/molar-mass/br
molar_mass,br,molar mass bromine,2400,,yes,/tools/molar-mass/br
molar_mass,c6h12o6,molar mass c6h12o6,2400,,yes,/tools/molar-mass/c6h12o6
molar_mass,f,molar mass fluorine,2400,,no,/tools/molar-mass/f
molar_mass,hno3,molar mass hno3,2400,,yes,/tools/molar-mass/hno3
molar_mass,i2,molar mass i2,2400,,yes,/tools/molar-mass/i2
molar_mass,ki,molar mass ki,2400,,no,/tools/molar-mass/ki
molar_mass,ch4,molar mass methane,2400,,yes,/tools/molar-mass/ch4
molar_mass,ch3oh,molar mass methanol,2400,,yes,/tools/molar-mass/ch3oh
molar_mass,nh3,molar mass of ammonia,2400,,yes,/tools/molar-mass/nh3
molar_mass,nh4,molar mass of ammonium,2400,,yes,/tools/molar-mass/nh4
molar_mass,br,molar mass of bromine,2400,,yes,/tools/molar-mass/br
molar_mass,c6,molar mass of c6 h12 o6,2400,,yes,/tools/molar-mass/c6
molar_mass,cu,molar mass of cu,2400,,yes,/tools/molar-mass/cu
molar_mass,f,molar mass of fluorine,2400,,no,/tools/molar-mass/f
molar_mass,i2,molar mass of i2,2400,,no,/tools/molar-mass/i2
molar_mass,ki,molar mass of k i,2400,,no,/tools/molar-mass/ki
molar_mass,ki,molar mass of ki,2400,,no,/tools/molar-mass/ki
molar_mass,ch4,molar mass of methane,2400,,yes,/tools/molar-mass/ch4
molar_mass,ch3oh,molar mass of methanol,2400,,yes,/tools/molar-mass/ch3oh
molar_mass,o,molar mass of o,2400,,no,/tools/molar-mass/o
molar_mass,c3h8,molar mass of propane,2400,,yes,/tools/molar-mass/c3h8
molar_mass,agno3,molar mass of silver nitrate,2400,,yes,/tools/molar-mass/agno3
molar_mass,s,molar mass of sulfur,2400,,yes,/tools/molar-mass/s
molar_mass,s,molar mass sulfur,2400,,yes,/tools/molar-mass/s
molar_mass,nh4no3,nh4no3 molar mass,2400,,yes,/tools/molar-mass/nh4no3
molar_mass,c3h8,propane molar mass,2400,,yes,/tools/molar-mass/c3h8
molar_mass,agno3,silver nitrate molar mass,2400,,no,/tools/molar-mass/agno3
molar_mass,ch4n2o,urea molar mass,2400,4.27,yes,/tools/molar-mass/ch4n2o
molar_mass,nh4no3,ammonium nitrate molar mass,1900,,no,/tools/molar-mass/nh4no3
molar_mass,baso4,baso4 molar mass,1900,,yes,/tools/molar-mass/baso4
molar_mass,br2,br2 molar mass,1900,,yes,/tools/molar-mass/br2
molar_mass,c,c molar mass,1900,,yes,/tools/molar-mass/c
molar_mass,c2h5oh,c2h5oh molar mass,1900,,yes,/tools/molar-mass/c2h5oh
molar_mass,c2h6,c2h6 molar mass,1900,,yes,/tools/molar-mass/c2h6
molar_mass,ca,ca molar mass,1900,,no,/tools/molar-mass/ca
molar_mass,cacl2,calcium chloride molar mass,1900,,yes,/tools/molar-mass/cacl2
molar_mass,cao,cao molar mass,1900,,no,/tools/molar-mass/cao
molar_mass,c2h6o2,ethylene glycol molar mass,1900,,yes,/tools/molar-mass/c2h6o2
molar_mass,f2,f2 molar mass,1900,,yes,/tools/molar-mass/f2
molar_mass,h2o2,h2o2 molar mass,1900,,no,/tools/molar-mass/h2o2
molar_mass,hf,hf molar mass,1900,,yes,/tools/molar-mass/hf
molar_mass,hcl,hydrochloric acid molar mass,1900,7.88,yes,/tools/molar-mass/hcl
molar_mass,kbr,kbr molar mass,1900,,no,/tools/molar-mass/kbr
molar_mass,pb,lead molar mass,1900,,yes,/tools/molar-mass/pb
molar_mass,br2,molar mass br2,1900,,yes,/tools/molar-mass/br2
molar_mass,c2h6,molar mass c2h6,1900,,yes,/tools/molar-mass/c2h6
molar_mass,c2h6o2,molar mass ethylene glycol,1900,,yes,/tools/molar-mass/c2h6o2
molar_mass,f2,molar mass f2,1900,,no,/tools/molar-mass/f2
molar_mass,na3po4,molar mass for na3po4,1900,,yes,/tools/molar-mass/na3po4
molar_mass,so2,molar mass for so2,1900,,yes,/tools/molar-mass/so2
molar_mass,h2o2,molar mass h2o2,1900,,no,/tools/molar-mass/h2o2
molar_mass,hf,molar mass hf,1900,,yes,/tools/molar-mass/hf
molar_mass,pb,molar mass lead,1900,,yes,/tools/molar-mass/pb
molar_mass,na3po4,molar mass na3po4,1900,,yes,/tools/molar-mass/na3po4
molar_mass,no,molar mass no,1900,,no,/tools/molar-mass/no
molar_mass,no2,molar mass no2,1900,,no,/tools/molar-mass/no2
molar_mass,nh4no3,molar mass of ammonium nitrate,1900,,no,/tools/molar-mass/nh4no3
molar_mass,br2,molar mass of br2,1900,,no,/tools/molar-mass/br2
molar_mass,c2h5oh,molar mass of c2h5oh,1900,,yes,/tools/molar-mass/c2h5oh
molar_mass,c2h6,molar mass of c2h6,1900,,no,/tools/molar-mass/c2h6
molar_mass,c6h12o6,molar mass of c6h12o6,1900,,yes,/tools/molar-mass/c6h12o6
molar_mass,caoh2,molar mass of ca oh 2,1900,,no,/tools/molar-mass/caoh2
molar_mass,cao,molar mass of cao,1900,,yes,/tools/molar-mass/cao
molar_mass,c2h6o2,molar mass of ethylene glycol,1900,,yes,/tools/molar-mass/c2h6o2
molar_mass,f2,molar mass of f2,1900,,yes,/tools/molar-mass/f2
molar_mass,c2h6o2,molar mass of glycol,1900,,yes,/tools/molar-mass/c2h6o2
molar_mass,hf,molar mass of hf,1900,,no,/tools/molar-mass/hf
molar_mass,hcl,molar mass of hydrochloric acid,1900,,yes,/tools/molar-mass/hcl
molar_mass,h2o2,molar mass of hydrogen peroxide,1900,,no,/tools/molar-mass/h2o2
molar_mass,khp,molar mass of khp,1900,,yes,/tools/molar-mass/khp
molar_mass,pb,molar mass of lead,1900,,yes,/tools/molar-mass/pb
molar_mass,na3po4,molar mass of na3po4,1900,,yes,/tools/molar-mass/na3po4
molar_mass,no2,molar mass of no2,1900,,no,/tools/molar-mass/no2
molar_mass,so2,molar mass of so2,1900,,yes,/tools/molar-mass/so2
molar_mass,naoh,molar mass of sodium hydroxide,1900,,no,/tools/molar-mass/naoh
molar_mass,na2so4,molar mass of sodium sulfate,1900,,yes,/tools/molar-mass/na2so4
molar_mass,na2so4,molar mass of sodium sulphate,1900,,yes,/tools/molar-mass/na2so4
molar_mass,pb,molar mass pb,1900,,no,/tools/molar-mass/pb
molar_mass,so2,molar mass so2,1900,,yes,/tools/molar-mass/so2
molar_mass,naoh,molar mass sodium hydroxide,1900,,no,/tools/molar-mass/naoh
molar_mass,so2,molar mass sulfur dioxide,1900,,yes,/tools/molar-mass/so2
molar_mass,c6h14,n hexane molar mass,1900,,yes,/tools/molar-mass/c6h14
molar_mass,c6h14,n-hexane molar mass,1900,,yes,/tools/molar-mass/c6h14
molar_mass,na3po4,na3po4 molar mass,1900,,yes,/tools/molar-mass/na3po4
molar_mass,no,no molar mass,1900,,no,/tools/molar-mass/no
molar_mass,no2,no2 molar mass,1900,,no,/tools/molar-mass/no2
molar_mass,na2so4,sodium sulfate molar mass,1900,,yes,/tools/molar-mass/na2so4
molar_mass,co2,what is molar mass of co2,1900,,yes,/tools/molar-mass/co2
molar_mass,h2o,what is molar mass of h2o,1900,,no,/tools/molar-mass/h2o
molar_mass,co2,what is the molar mass for co2,1900,,yes,/tools/molar-mass/co2
molar_mass,co2,what is the molar mass of co2,1900,,yes,/tools/molar-mass/co2
molar_mass,h2o,what is the molar mass of h2o,1900,,no,/tools/molar-mass/h2o
molar_mass,nacl,what is the molar mass of nacl,1900,,yes,/tools/molar-mass/nacl
molar_mass,h2o,what is the molar mass of water h2o,1900,,yes,/tools/molar-mass/h2o
molar_mass,c4h6o3,acetic anhydride molar mass,1600,,yes,/tools/molar-mass/c4h6o3
molar_mass,al2,al2 so4 3 molar mass,1600,,no,/tools/molar-mass/al2
molar_mass,al2o3,al2o3 molar mass,1600,,no,/tools/molar-mass/al2o3
molar_mass,alcl3,alcl3 molar mass,1600,,no,/tools/molar-mass/alcl3
molar_mass,nh4cl,ammonium chloride molar mass,1600,,yes,/tools/molar-mass/nh4cl
molar_mass,ba,ba molar mass,1600,,no,/tools/molar-mass/ba
molar_mass,baoh2,ba oh 2 molar mass,1600,,yes,/tools/molar-mass/baoh2
molar_mass,ba,barium molar mass,1600,,no,/tools/molar-mass/ba
molar_mass,c4h10,c4h10 molar mass,1600,,yes,/tools/molar-mass/c4h10
molar_mass,c6h6,c6h6 molar mass,1600,,yes,/tools/molar-mass/c6h6
molar_mass,cr,chromium molar mass,1600,,yes,/tools/molar-mass/cr
molar_mass,cr,cr molar mass,1600,,no,/tools/molar-mass/cr
molar_mass,f,f molar mass,1600,,no,/tools/molar-mass/f
molar_mass,fecl3,fecl3 molar mass,1600,5.78,no,/tools/molar-mass/fecl3
molar_mass,kmno4,kmno4 molar mass,1600,,yes,/tools/molar-mass/kmno4
molar_mass,li,li molar mass,1600,,no,/tools/molar-mass/li
molar_mass,li,lithium molar mass,1600,,yes,/tools/molar-mass/li
molar_mass,ch4,methane molar mass,1600,,yes,/tools/molar-mass/ch4
molar_mass,mgoh2,mg oh 2 molar mass,1600,,yes,/tools/molar-mass/mgoh2
molar_mass,mgoh2,mgoh2 molar mass,1600,,yes,/tools/molar-mass/mgoh2
molar_mass,c4h6o3,molar mass acetic anhydride,1600,,yes,/tools/molar-mass/c4h6o3
molar_mass,baoh2,molar mass ba oh 2,1600,,yes,/tools/molar-mass/baoh2
molar_mass,o,molar mass for o,1600,,yes,/tools/molar-mass/o
molar_mass,k,molar mass k,1600,,yes,/tools/molar-mass/k
molar_mass,kmno4,molar mass kmno4,1600,,yes,/tools/molar-mass/kmno4
molar_mass,mgoh2,molar mass mg oh 2,1600,,yes,/tools/molar-mass/mgoh2
molar_mass,nan3,molar mass nan3,1600,,yes,/tools/molar-mass/nan3
molar_mass,c10h8,molar mass naphthalene,1600,,yes,/tools/molar-mass/c10h8
molar_mass,nh4,molar mass nh4 2so4,1600,,yes,/tools/molar-mass/nh4
molar_mass,c4h6o3,molar mass of acetic anhydride,1600,5.4,yes,/tools/molar-mass/c4h6o3
molar_mass,al2,molar mass of al2 so4 3,1600,,yes,/tools/molar-mass/al2
molar_mass,nh4cl,molar mass of ammonium chloride,1600,,yes,/tools/molar-mass/nh4cl
molar_mass,ar,molar mass of argon,1600,,yes,/tools/molar-mass/ar
molar_mass,baoh2,molar mass of ba oh 2,1600,,yes,/tools/molar-mass/baoh2
molar_mass,ba,molar mass of barium,1600,,yes,/tools/molar-mass/ba
molar_mass,baso4,molar mass of baso4,1600,,yes,/tools/molar-mass/baso4
molar_mass,c6h6,molar mass of benzene,1600,,yes,/tools/molar-mass/c6h6
molar_mass,c4h10,molar mass of c4h10,1600,,yes,/tools/molar-mass/c4h10
molar_mass,ca,molar mass of ca,1600,,yes,/tools/molar-mass/ca
molar_mass,f,molar mass of f,1600,,yes,/tools/molar-mass/f
molar_mass,c6h12o6,molar mass of glucose c6h12o6,1600,,yes,/tools/molar-mass/c6h12o6
molar_mass,li,molar mass of li,1600,,yes,/tools/molar-mass/li
molar_mass,nan3,molar mass of nan3,1600,,yes,/tools/molar-mass/nan3
molar_mass,c10h8,molar mass of naphthalene,1600,,yes,/tools/molar-mass/c10h8
molar_mass,nh4,molar mass of nh4 2so4,1600,,yes,/tools/molar-mass/nh4
molar_mass,p,molar mass of p,1600,,yes,/tools/molar-mass/p
molar_mass,k,molar mass of potassium,1600,,yes,/tools/molar-mass/k
molar_mass,nahco3,molar mass of sodium bicarbonate,1600,,yes,/tools/molar-mass/nahco3
molar_mass,xe,molar mass of xe,1600,,yes,/tools/molar-mass/xe
molar_mass,xe,molar mass of xenon,1600,,yes,/tools/molar-mass/xe
molar_mass,zn,molar mass of zn,1600,,yes,/tools/molar-mass/zn
molar_mass,ag,molar mass silver,1600,,yes,/tools/molar-mass/ag
molar_mass,nahco3,molar mass sodium bicarbonate,1600,,yes,/tools/molar-mass/nahco3
molar_mass,xe,molar mass xe,1600,,yes,/tools/molar-mass/xe
molar_mass,xe,molar mass xenon,1600,,yes,/tools/molar-mass/xe
molar_mass,nan3,nan3 molar mass,1600,,yes,/tools/molar-mass/nan3
molar_mass,c10h8,naphthalene molar mass,1600,,yes,/tools/molar-mass/c10h8
molar_mass,nh4,nh4 2so4 molar mass,1600,,yes,/tools/molar-mass/nh4
molar_mass,nh42so4,nh42so4 molar mass,1600,,yes,/tools/molar-mass/nh42so4
molar_mass,o,o molar mass,1600,,yes,/tools/molar-mass/o
molar_mass,p,p molar mass,1600,,yes,/tools/molar-mass/p
molar_mass,koh,potassium hydroxide molar mass,1600,,yes,/tools/molar-mass/koh
molar_mass,k,potassium molar mass,1600,,yes,/tools/molar-mass/k
molar_mass,nahco3,sodium bicarbonate molar mass,1600,,yes,/tools/molar-mass/nahco3
molar_mass,h2o,what is the molar mass of water,1600,,yes,/tools/molar-mass/h2o
molar_mass,xe,xe molar mass,1600,,yes,/tools/molar-mass/xe
molar_mass,xe,xenon molar mass,1600,,yes,/tools/molar-mass/xe
oxidation_number,s,oxidation number s,27100,,yes,/guides/oxidation-number/sulfur
oxidation_number,o2,o2 oxidation number,4400,,yes,/guides/oxidation-number/o2
oxidation_number,o,oxidation number for o,4400,,yes,/guides/oxidation-number/oxygen
oxidation_number,o,oxidation number for oxygen,4400,,yes,/guides/oxidation-number/oxygen
oxidation_number,o,oxidation number of o,4400,,yes,/guides/oxidation-number/oxygen
oxidation_number,o2,oxidation number of o2,4400,,yes,/guides/oxidation-number/o2
oxidation_number,o,oxidation number of oxygen,4400,,yes,/guides/oxidation-number/oxygen
oxidation_number,o,oxidation number oxygen,4400,,yes,/guides/oxidation-number/oxygen
oxidation_number,o,oxygen oxidation number,4400,,yes,/guides/oxidation-number/oxygen
oxidation_number,c,c oxidation number,2400,,yes,/guides/oxidation-number/carbon
oxidation_number,c,carbon oxidation number,2400,,yes,/guides/oxidation-number/carbon
oxidation_number,cl2,chlorine gas oxidation number,2400,,yes,/guides/oxidation-number/cl2
oxidation_number,cl,chlorine oxidation number,2400,,yes,/guides/oxidation-number/chlorine
oxidation_number,cl,cl oxidation number,2400,,no,/guides/oxidation-number/chlorine
oxidation_number,c,oxidation number carbon,2400,,yes,/guides/oxidation-number/carbon
oxidation_number,cl,oxidation number cl,2400,,no,/guides/oxidation-number/chlorine
oxidation_number,c,oxidation number for carbon,2400,,yes,/guides/oxidation-number/carbon
oxidation_number,cl,oxidation number for chlorine,2400,,no,/guides/oxidation-number/chlorine
oxidation_number,cl,oxidation number for cl,2400,,no,/guides/oxidation-number/chlorine
oxidation_number,c,oxidation number of c,2400,,yes,/guides/oxidation-number/carbon
oxidation_number,c,oxidation number of carbon,2400,,yes,/guides/oxidation-number/carbon
oxidation_number,cl,oxidation number of chlorine,2400,,yes,/guides/oxidation-number/chlorine
oxidation_number,cl,oxidation number of cl,2400,,no,/guides/oxidation-number/chlorine
oxidation_number,h,h oxidation number,1900,,yes,/guides/oxidation-number/hydrogen
oxidation_number,h2,hydrogen gas oxidation number,1900,,yes,/guides/oxidation-number/h2
oxidation_number,h,hydrogen oxidation number,1900,,yes,/guides/oxidation-number/hydrogen
oxidation_number,n,n oxidation number,1900,,yes,/guides/oxidation-number/nitrogen
oxidation_number,n,nitrogen oxidation number,1900,,yes,/guides/oxidation-number/nitrogen
oxidation_number,h,oxidation number for h,1900,,yes,/guides/oxidation-number/hydrogen
oxidation_number,h,oxidation number for hydrogen,1900,,yes,/guides/oxidation-number/hydrogen
oxidation_number,n,oxidation number for nitrogen,1900,,yes,/guides/oxidation-number/nitrogen
oxidation_number,h,oxidation number hydrogen,1900,,yes,/guides/oxidation-number/hydrogen
oxidation_number,n,oxidation number nitrogen,1900,,yes,/guides/oxidation-number/nitrogen
oxidation_number,h,oxidation number of h,1900,,no,/guides/oxidation-number/hydrogen
oxidation_number,h,oxidation number of hydrogen,1900,,yes,/guides/oxidation-number/hydrogen
oxidation_number,n,oxidation number of n,1900,,yes,/guides/oxidation-number/nitrogen
oxidation_number,n,oxidation number of nitrogen,1900,,yes,/guides/oxidation-number/nitrogen
oxidation_number,na,na oxidation number,1300,,yes,/guides/oxidation-number/sodium
oxidation_number,na,oxidation number for na,1300,,yes,/guides/oxidation-number/sodium
oxidation_number,na,oxidation number for sodium,1300,,yes,/guides/oxidation-number/sodium
oxidation_number,s,oxidation number for sulfur,1300,,yes,/guides/oxidation-number/sulfur
oxidation_number,n,oxidation number of n a,1300,,yes,/guides/oxidation-number/nitrogen
oxidation_number,na,oxidation number of na,1300,,yes,/guides/oxidation-number/sodium
oxidation_number,na,oxidation number of sodium,1300,,yes,/guides/oxidation-number/sodium
oxidation_number,s,oxidation number of sulfur,1300,,yes,/guides/oxidation-number/sulfur
oxidation_number,s,oxidation number of sulphur,1300,,yes,/guides/oxidation-number/sulfur
oxidation_number,na,oxidation number sodium,1300,,yes,/guides/oxidation-number/sodium
oxidation_number,na,sodium oxidation number,1300,,yes,/guides/oxidation-number/sodium
oxidation_number,s,sulfur oxidation number,1300,,yes,/guides/oxidation-number/sulfur
oxidation_number,s,sulphur oxidation number,1300,,yes,/guides/oxidation-number/sulfur
oxidation_number,al,aluminum oxidation number,1000,,no,/guides/oxidation-number/aluminium
oxidation_number,cu,copper oxidation number,1000,,yes,/guides/oxidation-number/copper
oxidation_number,al,oxidation number for aluminum,1000,,yes,/guides/oxidation-number/aluminium
oxidation_number,al,oxidation number of al,1000,1.24,no,/guides/oxidation-number/aluminium
oxidation_number,al,oxidation number of aluminium,1000,,yes,/guides/oxidation-number/aluminium
oxidation_number,al,oxidation number of aluminum,1000,,yes,/guides/oxidation-number/aluminium
oxidation_number,cu,oxidation number of copper,1000,,yes,/guides/oxidation-number/copper
oxidation_number,zn,oxidation number of zinc,1000,,yes,/guides/oxidation-number/zinc
oxidation_number,zn,oxidation number of zn,1000,,yes,/guides/oxidation-number/zinc
oxidation_number,zn,zinc oxidation number,1000,,yes,/guides/oxidation-number/zinc
oxidation_number,zn,zn oxidation number,1000,,yes,/guides/oxidation-number/zinc
oxidation_number,nh3,ammonia oxidation number,880,,yes,/guides/oxidation-number/nh3
oxidation_number,nh4,ammonium oxidation number,880,,yes,/guides/oxidation-number/nh4
oxidation_number,f,fluoride oxidation number,880,,yes,/guides/oxidation-number/fluorine
oxidation_number,f,fluorine oxidation number,880,,yes,/guides/oxidation-number/fluorine
oxidation_number,h2o2,h2o2 oxidation number,880,,yes,/guides/oxidation-number/h2o2
oxidation_number,h2o2,hydrogen peroxide oxidation number,880,,yes,/guides/oxidation-number/h2o2
oxidation_number,fe,iron oxidation number,880,,yes,/guides/oxidation-number/iron
oxidation_number,nh3,nh3 oxidation number,880,,yes,/guides/oxidation-number/nh3
oxidation_number,no3,no3 oxidation number,880,,yes,/guides/oxidation-number/no3
oxidation_number,f,oxidation number for fluorine,880,,yes,/guides/oxidation-number/fluorine
oxidation_number,h2o2,oxidation number for h2o2,880,,yes,/guides/oxidation-number/h2o2
oxidation_number,h2o2,oxidation number h2o2,880,,yes,/guides/oxidation-number/h2o2
oxidation_number,h2o2,oxidation number in h2o2,880,,yes,/guides/oxidation-number/h2o2
oxidation_number,nh3,oxidation number nh3,880,,yes,/guides/oxidation-number/nh3
oxidation_number,nh3,oxidation number of ammonia,880,,yes,/guides/oxidation-number/nh3
oxidation_number,f,oxidation number of fluoride,880,,yes,/guides/oxidation-number/fluorine
oxidation_number,f,oxidation number of fluorine,880,,yes,/guides/oxidation-number/fluorine
oxidation_number,h2o2,oxidation number of h in h2o2,880,,yes,/guides/oxidation-number/h2o2
oxidation_number,h2o2,oxidation number of h2o2,880,,yes,/guides/oxidation-number/h2o2
oxidation_number,h2o2,oxidation number of hydrogen peroxide,880,,yes,/guides/oxidation-number/h2o2
oxidation_number,fe,oxidation number of iron,880,,yes,/guides/oxidation-number/iron
oxidation_number,nh3,oxidation number of nh3,880,,yes,/guides/oxidation-number/nh3
oxidation_number,no3,oxidation number of no3,880,,yes,/guides/oxidation-number/no3
oxidation_number,h2o2,oxidation number of o in h2o2,880,,yes,/guides/oxidation-number/h2o2
oxidation_number,br,br oxidation number,720,,yes,/guides/oxidation-number/bromine
oxidation_number,br,bromine oxidation number,720,,yes,/guides/oxidation-number/bromine
oxidation_number,cr,chromium oxidation number,720,,yes,/guides/oxidation-number/chromium
oxidation_number,cr,cr oxidation number,720,,yes,/guides/oxidation-number/chromium
oxidation_number,li,li oxidation number,720,,yes,/guides/oxidation-number/lithium
oxidation_number,li,lithium oxidation number,720,,yes,/guides/oxidation-number/lithium
oxidation_number,mg,magnesium oxidation number,720,,no,/guides/oxidation-number/magnesium
oxidation_number,mg,mg oxidation number,720,,yes,/guides/oxidation-number/magnesium
oxidation_number,cr,oxidation number cr,720,,yes,/guides/oxidation-number/chromium
oxidation_number,br,oxidation number for br,720,,yes,/guides/oxidation-number/bromine
oxidation_number,li,oxidation number for lithium,720,,yes,/guides/oxidation-number/lithium
oxidation_number,mg,oxidation number for magnesium,720,,yes,/guides/oxidation-number/magnesium
oxidation_number,li,oxidation number lithium,720,,yes,/guides/oxidation-number/lithium
oxidation_number,br,oxidation number of br,720,,yes,/guides/oxidation-number/bromine
oxidation_number,br,oxidation number of bromine,720,,yes,/guides/oxidation-number/bromine
oxidation_number,cr,oxidation number of chromium,720,,yes,/guides/oxidation-number/chromium
oxidation_number,li,oxidation number of li,720,,yes,/guides/oxidation-number/lithium
oxidation_number,li,oxidation number of lithium,720,,yes,/guides/oxidation-number/lithium
oxidation_number,mg,oxidation number of magnesium,720,,yes,/guides/oxidation-number/magnesium
oxidation_number,o,what is oxidation number of oxygen,720,,yes,/guides/oxidation-number/oxygen
oxidation_number,o,what is the oxidation number for oxygen,720,,yes,/guides/oxidation-number/oxygen
oxidation_number,o2,what is the oxidation number of o2,720,,yes,/guides/oxidation-number/o2
oxidation_number,o,what is the oxidation number of oxygen,720,,yes,/guides/oxidation-number/oxygen
oxidation_number,cl2,cl2 oxidation number,590,,yes,/guides/oxidation-number/cl2
oxidation_number,co2,co2 oxidation number,590,,yes,/guides/oxidation-number/co2
oxidation_number,k2,k2 cr2 o7 oxidation number,590,,yes,/guides/oxidation-number/k2
oxidation_number,k2cr2o7,k2cr2o7 oxidation number,590,,yes,/guides/oxidation-number/k2cr2o7
oxidation_number,mn,manganese oxidation number,590,,yes,/guides/oxidation-number/manganese
oxidation_number,no2,no2 oxidation number,590,,yes,/guides/oxidation-number/no2
oxidation_number,charts,oxidation number charts,590,,no,/guides/oxidation-number/charts
oxidation_number,cl2,oxidation number for cl2,590,,yes,/guides/oxidation-number/cl2
oxidation_number,k2cr2o7,oxidation number for k2cr2o7,590,,yes,/guides/oxidation-number/k2cr2o7
oxidation_number,p,oxidation number for phosphorus,590,,yes,/guides/oxidation-number/phosphorus
oxidation_number,k2cr2o7,oxidation number k2cr2o7,590,,yes,/guides/oxidation-number/k2cr2o7
oxidation_number,cl2,oxidation number of cl2,590,,yes,/guides/oxidation-number/cl2
oxidation_number,co2,oxidation number of co2,590,,yes,/guides/oxidation-number/co2
oxidation_number,k2cr2o7,oxidation number of k2cr2o7,590,,yes,/guides/oxidation-number/k2cr2o7
oxidation_number,mn,oxidation number of manganese,590,,yes,/guides/oxidation-number/manganese
oxidation_number,mn,oxidation number of mn,590,,yes,/guides/oxidation-number/manganese
oxidation_number,no2,oxidation number of no2,590,,yes,/guides/oxidation-number/no2
oxidation_number,p,oxidation number of phosphorus,590,,yes,/guides/oxidation-number/phosphorus
oxidation_number,ag,oxidation number of silver,590,,yes,/guides/oxidation-number/silver
oxidation_number,pb,oxidation number pb,590,,yes,/guides/oxidation-number/lead
oxidation_number,p,oxidation number phosphorus,590,,yes,/guides/oxidation-number/phosphorus
oxidation_number,p,p oxidation number,590,,yes,/guides/oxidation-number/phosphorus
oxidation_number,ag,silver oxidation number,590,,yes,/guides/oxidation-number/silver
oxidation_number,h2,h2 oxidation number,480,,yes,/guides/oxidation-number/h2
oxidation_number,h2o,h2o oxidation number,480,,yes,/guides/oxidation-number/h2o
oxidation_number,haucl4,haucl4 oxidation number,480,,yes,/guides/oxidation-number/haucl4
oxidation_number,ko2,ko2 oxidation number,480,,yes,/guides/oxidation-number/ko2
oxidation_number,pb,lead oxidation number,480,,yes,/guides/oxidation-number/lead
oxidation_number,mno4,mno4 oxidation number,480,,yes,/guides/oxidation-number/mno4
oxidation_number,no,nitric oxide oxidation number,480,,yes,/guides/oxidation-number/nobelium
oxidation_number,no,no oxidation number,480,,yes,/guides/oxidation-number/nobelium
oxidation_number,nos,nos oxidation number,480,,yes,/guides/oxidation-number/nos
oxidation_number,h2,oxidation number for h2,480,,yes,/guides/oxidation-number/h2
oxidation_number,h2o,oxidation number for h2o,480,,yes,/guides/oxidation-number/h2o
oxidation_number,pb,oxidation number for lead,480,,yes,/guides/oxidation-number/lead
oxidation_number,o2,oxidation number for o2,480,,yes,/guides/oxidation-number/o2
oxidation_number,k,oxidation number for potassium,480,,yes,/guides/oxidation-number/potassium
oxidation_number,s,oxidation number for s,480,,yes,/guides/oxidation-number/sulfur
oxidation_number,h2,oxidation number h2,480,,yes,/guides/oxidation-number/h2
oxidation_number,o2,oxidation number of 02,480,,yes,/guides/oxidation-number/o2
oxidation_number,h2,oxidation number of h2,480,,yes,/guides/oxidation-number/h2
oxidation_number,h2o,oxidation number of h2o,480,,yes,/guides/oxidation-number/h2o
oxidation_number,ko2,oxidation number of ko2,480,,yes,/guides/oxidation-number/ko2
oxidation_number,pb,oxidation number of lead,480,,yes,/guides/oxidation-number/lead
oxidation_number,mno4,oxidation number of mno4,480,,yes,/guides/oxidation-number/mno4
oxidation_number,no,oxidation number of no,480,,yes,/guides/oxidation-number/nobelium
oxidation_number,ko2,oxidation number of o in ko2,480,,yes,/guides/oxidation-number/ko2
oxidation_number,o2,oxidation number of o in o2,480,,yes,/guides/oxidation-number/o2
oxidation_number,ko2,oxidation number of oxygen in ko2,480,,yes,/guides/oxidation-number/ko2
oxidation_number,o2,oxidation number of oxygen in o2,480,,yes,/guides/oxidation-number/o2
oxidation_number,pb,oxidation number of pb,480,,yes,/guides/oxidation-number/lead
oxidation_number,k,oxidation number of potassium,480,,yes,/guides/oxidation-number/potassium
oxidation_number,s,oxidation number of s,480,,yes,/guides/oxidation-number/sulfur
oxidation_number,practice,oxidation number practice,480,0.93,no,/guides/oxidation-number/practice
oxidation_number,pb,pb oxidation number,480,,yes,/guides/oxidation-number/lead
oxidation_number,k,potassium oxidation number,480,,yes,/guides/oxidation-number/potassium
oxidation_number,s,s oxidation number,480,,yes,/guides/oxidation-number/sulfur
oxidation_number,ag,ag oxidation number,390,,yes,/guides/oxidation-number/silver
oxidation_number,co,c o oxidation number,390,,yes,/guides/oxidation-number/cobalt
oxidation_number,ch4,ch4 oxidation number,390,,yes,/guides/oxidation-number/ch4
oxidation_number,co,co oxidation number,390,,yes,/guides/oxidation-number/cobalt
oxidation_number,fe,fe oxidation number,390,,yes,/guides/oxidation-number/iron
oxidation_number,h2so4,h2so4 oxidation number,390,,yes,/guides/oxidation-number/h2so4
oxidation_number,k,k oxidation number,390,,yes,/guides/oxidation-number/potassium
oxidation_number,n2,n2 oxidation number,390,,yes,/guides/oxidation-number/n2
oxidation_number,oh,oh oxidation number,390,,yes,/guides/oxidation-number/oh
oxidation_number,ag,oxidation number ag,390,,yes,/guides/oxidation-number/silver
oxidation_number,ch4,oxidation number ch4,390,,yes,/guides/oxidation-number/ch4
oxidation_number,ag,oxidation number for ag,390,,yes,/guides/oxidation-number/silver
oxidation_number,n2,oxidation number for n2,390,,yes,/guides/oxidation-number/n2
oxidation_number,h2so4,oxidation number h2so4,390,,yes,/guides/oxidation-number/h2so4
oxidation_number,k,oxidation number k,390,,yes,/guides/oxidation-number/potassium
oxidation_number,ag,oxidation number of ag,390,,yes,/guides/oxidation-number/silver
oxidation_number,co,oxidation number of c o,390,,yes,/guides/oxidation-number/cobalt
oxidation_number,ch4,oxidation number of ch4,390,,yes,/guides/oxidation-number/ch4
oxidation_number,co,oxidation number of co,390,,yes,/guides/oxidation-number/cobalt
oxidation_number,fe,oxidation number of fe,390,,yes,/guides/oxidation-number/iron
oxidation_number,h2so4,oxidation number of h2so4,390,,yes,/guides/oxidation-number/h2so4
oxidation_number,k,oxidation number of k,390,,yes,/guides/oxidation-number/potassium
oxidation_number,ch4,oxidation number of methane,390,,yes,/guides/oxidation-number/ch4
oxidation_number,n2,oxidation number of n2,390,,yes,/guides/oxidation-number/n2
oxidation_number,oh,oxidation number of oh,390,,yes,/guides/oxidation-number/oh
oxidation_number,p,phosphorus oxidation number,390,,yes,/guides/oxidation-number/phosphorus
oxidation_number,n,what is oxidation number of nitrogen,390,,yes,/guides/oxidation-number/nitrogen
oxidation_number,n,what is the oxidation number for nitrogen,390,,yes,/guides/oxidation-number/nitrogen
oxidation_number,n,what is the oxidation number of n,390,,yes,/guides/oxidation-number/nitrogen
oxidation_number,n,what is the oxidation number of nitrogen,390,,yes,/guides/oxidation-number/nitrogen
oxidation_number,b,boron oxidation number,320,,no,/guides/oxidation-number/boron
oxidation_number,ca,ca oxidation number,320,,yes,/guides/oxidation-number/calcium
oxidation_number,co,cobalt oxidation number,320,,yes,/guides/oxidation-number/cobalt
oxidation_number,hso4,hso4 oxidation number,320,,yes,/guides/oxidation-number/hso4
oxidation_number,i,iodine oxidation number,320,,yes,/guides/oxidation-number/iodine
oxidation_number,b,oxidation number for boron,320,,no,/guides/oxidation-number/boron
oxidation_number,i,oxidation number for iodine,320,,yes,/guides/oxidation-number/iodine
oxidation_number,so2,oxidation number for so2,320,,yes,/guides/oxidation-number/so2
oxidation_number,so4,oxidation number for sulfate,320,,yes,/guides/oxidation-number/so4
oxidation_number,i,oxidation number iodine,320,,yes,/guides/oxidation-number/iodine
oxidation_number,b,oxidation number of boron,320,,yes,/guides/oxidation-number/boron
oxidation_number,ca,oxidation number of ca,320,,yes,/guides/oxidation-number/calcium
oxidation_number,co,oxidation number of cobalt,320,,yes,/guides/oxidation-number/cobalt
oxidation_number,i,oxidation number of iodine,320,,yes,/guides/oxidation-number/iodine
oxidation_number,o2,oxidation number of oxygen in superoxide is,320,,yes,/guides/oxidation-number/o2
oxidation_number,so2,oxidation number of so2,320,,yes,/guides/oxidation-number/so2
oxidation_number,so3,oxidation number of so3,320,,yes,/guides/oxidation-number/so3
oxidation_number,so4,oxidation number of sulfate,320,,yes,/guides/oxidation-number/so4
oxidation_number,so2,oxidation number so2,320,,yes,/guides/oxidation-number/so2
oxidation_number,so2,so2 oxidation number,320,,yes,/guides/oxidation-number/so2
oxidation_number,so3,so3 oxidation number,320,,yes,/guides/oxidation-number/so3
oxidation_number,so4,so4 oxidation number,320,,yes,/guides/oxidation-number/so4
oxidation_number,cl,what is the oxidation number for chlorine,320,,yes,/guides/oxidation-number/chlorine
oxidation_number,s,what is the oxidation number for sulfur,320,,yes,/guides/oxidation-number/sulfur
oxidation_number,cl,what is the oxidation number of chlorine,320,,yes,/guides/oxidation-number/chlorine
oxidation_number,cl,what is the oxidation number of cl,320,,yes,/guides/oxidation-number/chlorine
oxidation_number,s,what is the oxidation number of s,320,,yes,/guides/oxidation-number/sulfur
oxidation_number,s,what is the oxidation number of sulfur,320,,yes,/guides/oxidation-number/sulfur
oxidation_number,s,what is the oxidation number of sulphur,320,,yes,/guides/oxidation-number/sulfur
oxidation_number,be,beryllium oxidation number,260,,no,/guides/oxidation-number/beryllium
oxidation_number,ca,calcium oxidation number,260,,no,/guides/oxidation-number/calcium
oxidation_number,co2,carbon oxidation number in co2,260,,yes,/guides/oxidation-number/co2
oxidation_number,cn,cn oxidation number,260,,yes,/guides/oxidation-number/copernicium
oxidation_number,cr2o7,cr2o7 2 oxidation number,260,,yes,/guides/oxidation-number/cr2o7
oxidation_number,cr2o72,cr2o72 oxidation number,260,,yes,/guides/oxidation-number/cr2o72
oxidation_number,cu,cu oxidation number,260,,yes,/guides/oxidation-number/copper
oxidation_number,cn,cyanide oxidation number,260,,yes,/guides/oxidation-number/copernicium
oxidation_number,fe2o3,fe2o3 oxidation number,260,,yes,/guides/oxidation-number/fe2o3
oxidation_number,hno3,hno3 oxidation number,260,,yes,/guides/oxidation-number/hno3
oxidation_number,know,how to know oxidation number,260,,yes,/guides/oxidation-number/know
oxidation_number,know,how to know the oxidation number,260,,yes,/guides/oxidation-number/know
oxidation_number,i2,i2 oxidation number,260,,yes,/guides/oxidation-number/i2
oxidation_number,kmno4,kmno4 oxidation number,260,,yes,/guides/oxidation-number/kmno4
oxidation_number,kmno4,kmno4 oxidation number of mn,260,,yes,/guides/oxidation-number/kmno4
oxidation_number,kmno4,manganese oxidation number in kmno4,260,,yes,/guides/oxidation-number/kmno4
oxidation_number,kmno4,mn in kmno4 oxidation number,260,,yes,/guides/oxidation-number/kmno4
oxidation_number,mno2,mno2 oxidation number,260,,yes,/guides/oxidation-number/mno2
oxidation_number,be,oxidation number beryllium,260,,no,/guides/oxidation-number/beryllium
oxidation_number,v,oxidation number for vanadium,260,,yes,/guides/oxidation-number/vanadium
oxidation_number,hno3,oxidation number hno3,260,,yes,/guides/oxidation-number/hno3
oxidation_number,kmno4,oxidation number kmno4,260,,yes,/guides/oxidation-number/kmno4
oxidation_number,caocl2,oxidation number of chlorine in caocl2,260,,yes,/guides/oxidation-number/caocl2
oxidation_number,cn,oxidation number of cn,260,,yes,/guides/oxidation-number/copernicium
oxidation_number,fe2o3,oxidation number of fe2o3,260,,yes,/guides/oxidation-number/fe2o3
oxidation_number,i2,oxidation number of i in i2,260,,yes,/guides/oxidation-number/i2
oxidation_number,i2,oxidation number of i2,260,,yes,/guides/oxidation-number/i2
oxidation_number,kmno4,oxidation number of kmno4,260,,yes,/guides/oxidation-number/kmno4
oxidation_number,kmno4,oxidation number of manganese in kmno4,260,,yes,/guides/oxidation-number/kmno4
oxidation_number,kmno4,oxidation number of mn in kmno4,260,,yes,/guides/oxidation-number/kmno4
oxidation_number,mno2,oxidation number of mno2,260,,yes,/guides/oxidation-number/mno2
oxidation_number,so3,oxidation number of s in so3,260,,yes,/guides/oxidation-number/so3
oxidation_number,so4,oxidation number of so4,260,,yes,/guides/oxidation-number/so4
oxidation_number,so42,oxidation number of so42,260,,yes,/guides/oxidation-number/so42
oxidation_number,ti,oxidation number of ti,260,,yes,/guides/oxidation-number/titanium
oxidation_number,sn,oxidation number of tin,260,,yes,/guides/oxidation-number/tin
oxidation_number,ti,oxidation number of titanium,260,,yes,/guides/oxidation-number/titanium
oxidation_number,v,oxidation number of vanadium,260,,yes,/guides/oxidation-number/vanadium
oxidation_number,ti,oxidation number titanium,260,,yes,/guides/oxidation-number/titanium
oxidation_number,sn,sn oxidation number,260,,yes,/guides/oxidation-number/tin
oxidation_number,ti,ti oxidation number,260,,yes,/guides/oxidation-number/titanium
oxidation_number,sn,tin oxidation number,260,,yes,/guides/oxidation-number/tin
oxidation_number,ti,titanium oxidation number,260,,yes,/guides/oxidation-number/titanium
oxidation_number,v,v oxidation number,260,,yes,/guides/oxidation-number/vanadium
oxidation_number,v,vanadium oxidation number,260,,yes,/guides/oxidation-number/vanadium
oxidation_number,al,what is the oxidation number for aluminum,260,,no,/guides/oxidation-number/aluminium
oxidation_number,na,what is the oxidation number for sodium,260,,yes,/guides/oxidation-number/sodium
oxidation_number,al,what is the oxidation number of al,260,,no,/guides/oxidation-number/aluminium
oxidation_number,al,what is the oxidation number of aluminum,260,,no,/guides/oxidation-number/aluminium
oxidation_number,na,what is the oxidation number of na,260,,yes,/guides/oxidation-number/sodium
oxidation_number,na,what is the oxidation number of sodium,260,,no,/guides/oxidation-number/sodium
oxidation_number,al,al oxidation number,210,,no,/guides/oxidation-number/aluminium
oxidation_number,br2,br2 oxidation number,210,,yes,/guides/oxidation-number/br2
oxidation_number,cr2,cr2 oxidation number,210,,yes,/guides/oxidation-number/cr2
oxidation_number,au,gold oxidation number,210,,yes,/guides/oxidation-number/gold
oxidation_number,h2s,h2s oxidation number,210,,yes,/guides/oxidation-number/h2s
oxidation_number,he,helium oxidation number,210,,no,/guides/oxidation-number/helium
oxidation_number,h2s,hydrogen sulfide oxidation number,210,,yes,/guides/oxidation-number/h2s
oxidation_number,mn,mn oxidation number,210,,yes,/guides/oxidation-number/manganese
oxidation_number,nh3,nh3 oxidation number of n,210,,yes,/guides/oxidation-number/nh3
oxidation_number,nh4,nh4 oxidation number,210,,yes,/guides/oxidation-number/nh4
oxidation_number,ni,nickel oxidation number,210,,yes,/guides/oxidation-number/nickel
oxidation_number,no3,nitrate oxidation number,210,,yes,/guides/oxidation-number/no3
oxidation_number,br2,oxidation number for br2,210,,yes,/guides/oxidation-number/br2
oxidation_number,mn,oxidation number for mn,210,,yes,/guides/oxidation-number/manganese
oxidation_number,nh4,oxidation number for nh4,210,,yes,/guides/oxidation-number/nh4
oxidation_number,h2s,oxidation number h2s,210,,yes,/guides/oxidation-number/h2s
oxidation_number,br2,oxidation number of br2,210,,yes,/guides/oxidation-number/br2
oxidation_number,co2,oxidation number of c in co2,210,,yes,/guides/oxidation-number/co2
oxidation_number,c3o2,oxidation number of carbon in carbon suboxide,210,,yes,/guides/oxidation-number/c3o2
oxidation_number,co2,oxidation number of carbon in co2,210,,yes,/guides/oxidation-number/co2
oxidation_number,au,oxidation number of gold,210,,yes,/guides/oxidation-number/gold
oxidation_number,h2s,oxidation number of h2s,210,,yes,/guides/oxidation-number/h2s
oxidation_number,he,oxidation number of helium,210,,no,/guides/oxidation-number/helium
oxidation_number,nh3,oxidation number of n in nh3,210,,yes,/guides/oxidation-number/nh3
oxidation_number,nh4,oxidation number of nh4,210,,yes,/guides/oxidation-number/nh4
oxidation_number,no3,oxidation number of nitrate,210,,yes,/guides/oxidation-number/no3
oxidation_number,nh3,oxidation number of nitrogen in ammonia,210,,yes,/guides/oxidation-number/nh3
oxidation_number,p4,oxidation number of p4,210,,yes,/guides/oxidation-number/p4
oxidation_number,si,oxidation number of silicon,210,,no,/guides/oxidation-number/silicon
oxidation_number,so3,oxidation number of sulfur in so3,210,,yes,/guides/oxidation-number/so3
oxidation_number,p4,p4 oxidation number,210,,yes,/guides/oxidation-number/p4
oxidation_number,si,silicon oxidation number,210,,yes,/guides/oxidation-number/silicon
oxidation_number,c,what is oxidation number of carbon,210,,yes,/guides/oxidation-number/carbon
oxidation_number,c,what is the oxidation number of carbon,210,,yes,/guides/oxidation-number/carbon
oxidation_number,kmno4,what is the oxidation number of manganese in kmno4,210,,yes,/guides/oxidation-number/kmno4
oxidation_number,kmno4,what is the oxidation number of mn in kmno4,210,,yes,/guides/oxidation-number/kmno4
oxidation_number,cbr4,cbr4 oxidation number,170,,yes,/guides/oxidation-number/cbr4
oxidation_number,cuso4,cuso4 oxidation number,170,,yes,/guides/oxidation-number/cuso4
oxidation_number,kclo3,kclo3 oxidation number,170,,yes,/guides/oxidation-number/kclo3
oxidation_number,ni,oxidation number of nickel,170,,yes,/guides/oxidation-number/nickel
oxidation_number,so42,oxidation number so42,170,,yes,/guides/oxidation-number/so42
oxidation_number,o2,peroxide oxidation number,170,,yes,/guides/oxidation-number/o2
oxidation_number,p,what is the oxidation number for phosphorus,170,,yes,/guides/oxidation-number/phosphorus
oxidation_number,mg,what is the oxidation number of magnesium,170,,no,/guides/oxidation-number/magnesium
polyatomic_ions,srco3,enter the formula for the polyatomic ion in srco3,1300,,yes,/guides/polyatomic-ions/srco3
polyatomic_ions,so4,so4 polyatomic ion,590,,yes,/guides/polyatomic-ions/so4
polyatomic_ions,so4,sulfate polyatomic ion,590,,no,/guides/polyatomic-ions/so4
polyatomic_ions,co3,carbonate polyatomic ion,480,,no,/guides/polyatomic-ions/co3
polyatomic_ions,cn,cn polyatomic ion,480,,yes,/guides/polyatomic-ions/cn
polyatomic_ions,cn,cyanide polyatomic ion,480,,yes,/guides/polyatomic-ions/cn
polyatomic_ions,oh,oh polyatomic ion,390,,yes,/guides/polyatomic-ions/oh
polyatomic_ions,po4,phosphate polyatomic ion,390,,no,/guides/polyatomic-ions/po4
polyatomic_ions,po4,polyatomic ion phosphate,390,,no,/guides/polyatomic-ions/po4
polyatomic_ions,c2h3o2,acetate polyatomic ion,320,,no,/guides/polyatomic-ions/c2h3o2
polyatomic_ions,no3,nitrate polyatomic ion,320,,no,/guides/polyatomic-ions/no3
polyatomic_ions,clo,clo polyatomic ion,260,,yes,/guides/polyatomic-ions/clo
polyatomic_ions,co3,co3 polyatomic ion,260,,no,/guides/polyatomic-ions/co3
polyatomic_ions,nh4,ammonium polyatomic ion,210,,yes,/guides/polyatomic-ions/nh4
polyatomic_ions,co3,is co3 a polyatomic ion,210,,yes,/guides/polyatomic-ions/co3
polyatomic_ions,no2,no2 polyatomic ion,210,,yes,/guides/polyatomic-ions/no2
polyatomic_ions,no3,no3 polyatomic ion,210,,yes,/guides/polyatomic-ions/no3
polyatomic_ions,pdf,polyatomic ion list pdf,210,,yes,/guides/polyatomic-ions/pdf
polyatomic_ions,so3,so3 polyatomic ion,210,,yes,/guides/polyatomic-ions/so3
polyatomic_ions,clo3,chlorate polyatomic ion,170,,yes,/guides/polyatomic-ions/clo3
polyatomic_ions,oh,hydroxide polyatomic ion,170,,yes,/guides/polyatomic-ions/oh
polyatomic_ions,io3,io3 polyatomic ion,170,,yes,/guides/polyatomic-ions/io3
polyatomic_ions,nh3,is ammonia a polyatomic ion,170,,yes,/guides/polyatomic-ions/nh3
polyatomic_ions,nh4,is ammonium a polyatomic ion,170,,yes,/guides/polyatomic-ions/nh4
polyatomic_ions,oh,is oh a polyatomic ion,170,,yes,/guides/polyatomic-ions/oh
polyatomic_ions,s,sulfide polyatomic ion,170,,yes,/guides/polyatomic-ions/s
polyatomic_ions,so3,sulfite polyatomic ion,170,,yes,/guides/polyatomic-ions/so3
polyatomic_ions,cro4,chromate polyatomic ion,140,,yes,/guides/polyatomic-ions/cro4
polyatomic_ions,clo2,clo2 polyatomic ion,140,,yes,/guides/polyatomic-ions/clo2
polyatomic_ions,io,io polyatomic ion,140,,yes,/guides/polyatomic-ions/io
polyatomic_ions,no3,is no3 a polyatomic ion,140,,no,/guides/polyatomic-ions/no3
polyatomic_ions,o2,peroxide polyatomic ion,140,,yes,/guides/polyatomic-ions/o2
polyatomic_ions,po4,po4 polyatomic ion,140,,yes,/guides/polyatomic-ions/po4
polyatomic_ions,io,polyatomic ion io,140,,yes,/guides/polyatomic-ions/io
polyatomic_ions,bro,bro polyatomic ion,110,,yes,/guides/polyatomic-ions/bro
polyatomic_ions,co2,is co2 a polyatomic ion,110,,yes,/guides/polyatomic-ions/co2
polyatomic_ions,oh,is hydroxide a polyatomic ion,110,,yes,/guides/polyatomic-ions/oh
polyatomic_ions,nh3,is nh3 a polyatomic ion,110,,yes,/guides/polyatomic-ions/nh3
polyatomic_ions,so4,is so4 a polyatomic ion,110,,yes,/guides/polyatomic-ions/so4
polyatomic_ions,c2o4,oxalate polyatomic ion,110,,yes,/guides/polyatomic-ions/c2o4
polyatomic_ions,po3,po3 polyatomic ion,110,,yes,/guides/polyatomic-ions/po3
polyatomic_ions,hco3,bicarbonate polyatomic ion,90,,yes,/guides/polyatomic-ions/hco3
polyatomic_ions,cl,chloride polyatomic ion,90,,yes,/guides/polyatomic-ions/cl
polyatomic_ions,clo2,chlorite polyatomic ion,90,,yes,/guides/polyatomic-ions/clo2
polyatomic_ions,clo3,clo3 polyatomic ion,90,,yes,/guides/polyatomic-ions/clo3
polyatomic_ions,hcl,is hcl a polyatomic ion,90,,yes,/guides/polyatomic-ions/hcl
polyatomic_ions,nh4,is nh4 a polyatomic ion,90,,yes,/guides/polyatomic-ions/nh4
polyatomic_ions,no2,is no2 a polyatomic ion,90,,yes,/guides/polyatomic-ions/no2
polyatomic_ions,po4,is po4 a polyatomic ion,90,,yes,/guides/polyatomic-ions/po4
polyatomic_ions,nh4,nh4 polyatomic ion,90,,yes,/guides/polyatomic-ions/nh4
polyatomic_ions,no2,nitrite polyatomic ion,90,,yes,/guides/polyatomic-ions/no2
polyatomic_ions,c2h3o2,acetate formula polyatomic ion,70,,yes,/guides/polyatomic-ions/c2h3o2
polyatomic_ions,c2h3o2,acetate polyatomic ion formula,70,,yes,/guides/polyatomic-ions/c2h3o2
polyatomic_ions,bro3,bro3 polyatomic ion,70,,yes,/guides/polyatomic-ions/bro3
polyatomic_ions,bro3,bromate polyatomic ion,70,,yes,/guides/polyatomic-ions/bro3
polyatomic_ions,clo4,clo4 polyatomic ion,70,,yes,/guides/polyatomic-ions/clo4
polyatomic_ions,clo,hypochlorite polyatomic ion,70,,yes,/guides/polyatomic-ions/clo
polyatomic_ions,io4,io4 polyatomic ion,70,,yes,/guides/polyatomic-ions/io4
polyatomic_ions,co3,is carbonate a polyatomic ion,70,,yes,/guides/polyatomic-ions/co3
polyatomic_ions,ch3,is ch3 a polyatomic ion,70,,yes,/guides/polyatomic-ions/ch3
polyatomic_ions,cn,is cn a polyatomic ion,70,,yes,/guides/polyatomic-ions/cn
polyatomic_ions,cn,is cyanide a polyatomic ion,70,,yes,/guides/polyatomic-ions/cn
polyatomic_ions,no3,is nitrate a polyatomic ion,70,,yes,/guides/polyatomic-ions/no3
polyatomic_ions,po4,is phosphate a polyatomic ion,70,,yes,/guides/polyatomic-ions/po4
polyatomic_ions,so3,is so3 a polyatomic ion,70,,yes,/guides/polyatomic-ions/so3
polyatomic_ions,so4,is sulfate a polyatomic ion,70,,yes,/guides/polyatomic-ions/so4
polyatomic_ions,no,no polyatomic ion,70,,yes,/guides/polyatomic-ions/no
polyatomic_ions,o,oxide polyatomic ion,70,,yes,/guides/polyatomic-ions/o
polyatomic_ions,mno4,permanganate polyatomic ion,70,,yes,/guides/polyatomic-ions/mno4
polyatomic_ions,po3,phosphite polyatomic ion,70,,yes,/guides/polyatomic-ions/po3
polyatomic_ions,pdf,polyatomic ion pdf,70,,yes,/guides/polyatomic-ions/pdf
polyatomic_ions,nh3,ammonia polyatomic ion,50,,yes,/guides/polyatomic-ions/nh3
polyatomic_ions,bro2,bro2 polyatomic ion,50,,yes,/guides/polyatomic-ions/bro2
polyatomic_ions,bro4,bro4 polyatomic ion,50,,yes,/guides/polyatomic-ions/bro4
polyatomic_ions,c2o4,c2o4 polyatomic ion,50,,yes,/guides/polyatomic-ions/c2o4
polyatomic_ions,co,co polyatomic ion,50,,yes,/guides/polyatomic-ions/co
polyatomic_ions,cro4,cro4 polyatomic ion,50,,yes,/guides/polyatomic-ions/cro4
polyatomic_ions,cr2o7,dichromate polyatomic ion,50,,yes,/guides/polyatomic-ions/cr2o7
polyatomic_ions,hco3,hco3 polyatomic ion,50,,yes,/guides/polyatomic-ions/hco3
polyatomic_ions,know,how to know the charge of a polyatomic ion,50,,yes,/guides/polyatomic-ions/know
polyatomic_ions,c2h3o2,is acetate a polyatomic ion,50,,yes,/guides/polyatomic-ions/c2h3o2
polyatomic_ions,cl,is chloride a polyatomic ion,50,,yes,/guides/polyatomic-ions/cl
polyatomic_ions,cro4,is chromate a polyatomic ion,50,,yes,/guides/polyatomic-ions/cro4
polyatomic_ions,co,is co a polyatomic ion,50,,yes,/guides/polyatomic-ions/co
polyatomic_ions,cro4,is cro4 a polyatomic ion,50,,yes,/guides/polyatomic-ions/cro4
polyatomic_ions,h2o,is h2o a polyatomic ion,50,,yes,/guides/polyatomic-ions/h2o
polyatomic_ions,ch4,is methane a polyatomic ion,50,,yes,/guides/polyatomic-ions/ch4
polyatomic_ions,mno4,is mno4 a polyatomic ion,50,,yes,/guides/polyatomic-ions/mno4
polyatomic_ions,nacl,is nacl a polyatomic ion,50,,no,/guides/polyatomic-ions/nacl
polyatomic_ions,so2,is so2 a polyatomic ion,50,,yes,/guides/polyatomic-ions/so2
polyatomic_ions,s,is sulfide a polyatomic ion,50,,yes,/guides/polyatomic-ions/s
polyatomic_ions,mno4,mno4 polyatomic ion,50,,yes,/guides/polyatomic-ions/mno4
polyatomic_ions,oh,name the polyatomic ion oh,50,,yes,/guides/polyatomic-ions/oh
polyatomic_ions,oh,oh polyatomic ion name,50,,yes,/guides/polyatomic-ions/oh
polyatomic_ions,clo4,perchlorate polyatomic ion,50,,yes,/guides/polyatomic-ions/clo4
polyatomic_ions,sentence,polyatomic ion in a sentence,50,,yes,/guides/polyatomic-ions/sentence
polyatomic_ions,sio3,silicate polyatomic ion,50,,yes,/guides/polyatomic-ions/sio3
