domain,keyword,search_volume_us,rank_absolute,ranking_url,page_pattern
periodictable.one,element i on periodic table,368000,65,https://www.periodictable.one/,per-element
periodictable.one,elements on the periodic table,368000,50,https://www.periodictable.one/,other
periodictable.one,periodic table of chemical element,368000,67,https://www.periodictable.one/elements,other
periodictable.one,chemical element pa,135000,23,https://www.periodictable.one/element/91,per-element
periodictable.one,pa element,135000,24,https://www.periodictable.one/element/91,per-element
periodictable.one,element lanthanum,110000,40,https://www.periodictable.one/element/57,per-element
periodictable.one,interactive periodic table,110000,65,https://www.periodictable.one/,game
periodictable.one,interactive periodic table of elements,110000,83,https://www.periodictable.one/,game
periodictable.one,interactive periodic tables,110000,86,https://www.periodictable.one/,game
periodictable.one,interactive table of elements,110000,66,https://www.periodictable.one/,game
periodictable.one,lanthanum,110000,23,https://www.periodictable.one/element/57,per-element
periodictable.one,lanthanum element,110000,38,https://www.periodictable.one/element/57,per-element
periodictable.one,na sodium,110000,52,https://www.periodictable.one/element/11,per-element
periodictable.one,natrium element,110000,61,https://www.periodictable.one/element/11,per-element
periodictable.one,periodic table interactive,110000,71,https://www.periodictable.one/,game
periodictable.one,sodium na,110000,44,https://www.periodictable.one/element/11,per-element
periodictable.one,bi element,90500,33,https://www.periodictable.one/element/83,per-element
periodictable.one,element bi,90500,27,https://www.periodictable.one/element/83,per-element
periodictable.one,helium,90500,67,https://www.periodictable.one/element/2,per-element
periodictable.one,hydrogen element,90500,55,https://www.periodictable.one/element/1,per-element
periodictable.one,chlorine element,74000,48,https://www.periodictable.one/element/17,per-element
periodictable.one,nitrogen,74000,52,https://www.periodictable.one/element/7,per-element
periodictable.one,element fr,60500,38,https://www.periodictable.one/element/87,per-element
periodictable.one,element po,60500,26,https://www.periodictable.one/element/84,per-element
periodictable.one,elements po,60500,27,https://www.periodictable.one/element/84,per-element
periodictable.one,francium,60500,33,https://www.periodictable.one/element/87,per-element
periodictable.one,francium element,60500,31,https://www.periodictable.one/element/87,per-element
periodictable.one,francium metal,60500,42,https://www.periodictable.one/element/87,per-element
periodictable.one,mn element,60500,31,https://www.periodictable.one/element/25,per-element
periodictable.one,aluminium,49500,44,https://www.periodictable.one/element/13,per-element
periodictable.one,ar element,49500,33,https://www.periodictable.one/element/18,per-element
periodictable.one,argon,49500,62,https://www.periodictable.one/element/18,per-element
periodictable.one,argon element,49500,32,https://www.periodictable.one/element/18,per-element
periodictable.one,argon elements,49500,39,https://www.periodictable.one/element/18,per-element
periodictable.one,element ra,49500,24,https://www.periodictable.one/element/88,per-element
periodictable.one,element xe,49500,38,https://www.periodictable.one/element/54,per-element
periodictable.one,elements xe,49500,31,https://www.periodictable.one/element/54,per-element
periodictable.one,f element,49500,49,https://www.periodictable.one/element/9,per-element
periodictable.one,p in periodic table,49500,22,https://www.periodictable.one/element/15,per-element
periodictable.one,p on periodic table,49500,30,https://www.periodictable.one/element/15,per-element
periodictable.one,p periodic table,49500,51,https://www.periodictable.one/,per-element
periodictable.one,ptable periodic table,49500,61,https://www.periodictable.one/,other
periodictable.one,6 7 periodic table,40500,45,https://www.periodictable.one/element/67,per-element
periodictable.one,67 periodic table,40500,27,https://www.periodictable.one/element/67,per-element
periodictable.one,ba element,40500,31,https://www.periodictable.one/element/56,per-element
periodictable.one,element ba,40500,28,https://www.periodictable.one/element/56,per-element
periodictable.one,element f,40500,44,https://www.periodictable.one/element/9,per-element
periodictable.one,element fe periodic table,40500,38,https://www.periodictable.one/element/26,per-element
periodictable.one,element fluorine,40500,59,https://www.periodictable.one/element/9,per-element
periodictable.one,element iron periodic table,40500,33,https://www.periodictable.one/element/26,per-element
periodictable.one,fe element periodic table,40500,42,https://www.periodictable.one/element/26,per-element
periodictable.one,fe on periodic table,40500,39,https://www.periodictable.one/element/26,per-element
periodictable.one,fe periodic table,40500,35,https://www.periodictable.one/element/26,per-element
periodictable.one,fe periodic table element,40500,42,https://www.periodictable.one/element/26,per-element
periodictable.one,fluorine,40500,56,https://www.periodictable.one/element/9,per-element
periodictable.one,iron element periodic table,40500,48,https://www.periodictable.one/element/26,per-element
periodictable.one,iron in periodic table,40500,46,https://www.periodictable.one/element/26,per-element
periodictable.one,iron in table of elements,40500,60,https://www.periodictable.one/element/26,per-element
periodictable.one,iron in the periodic table,40500,58,https://www.periodictable.one/element/26,per-element
periodictable.one,iron on a periodic table,40500,65,https://www.periodictable.one/element/26,per-element
periodictable.one,iron on periodic table,40500,44,https://www.periodictable.one/element/26,per-element
periodictable.one,iron on the periodic table of elements,40500,55,https://www.periodictable.one/element/26,per-element
periodictable.one,iron periodic symbol,40500,38,https://www.periodictable.one/element/26,per-element
periodictable.one,iron periodic table,40500,50,https://www.periodictable.one/element/26,per-element
periodictable.one,iron periodic table of elements,40500,60,https://www.periodictable.one/element/26,per-element
periodictable.one,iron table of elements,40500,48,https://www.periodictable.one/element/26,per-element
periodictable.one,mo element,40500,37,https://www.periodictable.one/element/42,per-element
periodictable.one,p in the periodic table,40500,28,https://www.periodictable.one/element/15,per-element
periodictable.one,p on the periodic table,40500,34,https://www.periodictable.one/element/15,per-element
periodictable.one,periodic table 6 7,40500,30,https://www.periodictable.one/element/67,per-element
periodictable.one,periodic table 67,40500,14,https://www.periodictable.one/element/67,per-element
periodictable.one,periodic table element fe,40500,42,https://www.periodictable.one/element/26,per-element
periodictable.one,periodic table element iron,40500,51,https://www.periodictable.one/element/26,per-element
periodictable.one,periodic table iron,40500,50,https://www.periodictable.one/element/26,per-element
periodictable.one,periodic table of elements fe,40500,46,https://www.periodictable.one/element/26,per-element
periodictable.one,periodic table of elements iron,40500,62,https://www.periodictable.one/element/26,per-element
periodictable.one,periodic table of iron,40500,41,https://www.periodictable.one/element/26,per-element
periodictable.one,periodic table p,40500,40,https://www.periodictable.one/,per-element
periodictable.one,sr element,40500,38,https://www.periodictable.one/element/38,per-element
periodictable.one,table of elements fe,40500,33,https://www.periodictable.one/element/26,per-element
periodictable.one,table of elements iron,40500,47,https://www.periodictable.one/element/26,per-element
periodictable.one,chemical element hg,33100,35,https://www.periodictable.one/element/80,per-element
periodictable.one,hg element,33100,29,https://www.periodictable.one/element/80,per-element
periodictable.one,mercury hg element,33100,34,https://www.periodictable.one/element/80,per-element
periodictable.one,periodic table element labeled,33100,63,https://www.periodictable.one/,other
periodictable.one,the periodic table,33100,70,https://www.periodictable.one/,other
periodictable.one,astatine,27100,33,https://www.periodictable.one/element/85,per-element
periodictable.one,element na periodic table,27100,34,https://www.periodictable.one/element/11,per-element
periodictable.one,fe in periodic table,27100,42,https://www.periodictable.one/element/26,per-element
periodictable.one,iron on table of elements,27100,61,https://www.periodictable.one/element/26,per-element
periodictable.one,na element periodic table,27100,31,https://www.periodictable.one/element/11,per-element
periodictable.one,na in periodic table,27100,31,https://www.periodictable.one/element/11,per-element
periodictable.one,na in the periodic table,27100,26,https://www.periodictable.one/element/11,per-element
periodictable.one,na on periodic table,27100,34,https://www.periodictable.one/element/11,per-element
periodictable.one,na on the periodic table,27100,31,https://www.periodictable.one/element/11,per-element
periodictable.one,na periodic table,27100,29,https://www.periodictable.one/element/11,per-element
periodictable.one,na table of elements,27100,42,https://www.periodictable.one/element/11,per-element
periodictable.one,natrium periodic table,27100,26,https://www.periodictable.one/element/11,per-element
periodictable.one,ni-p,27100,95,https://www.periodictable.one/element/28,per-element
periodictable.one,periodic table element na,27100,35,https://www.periodictable.one/element/11,per-element
periodictable.one,periodic table na,27100,31,https://www.periodictable.one/element/11,per-element
periodictable.one,periodic table of elements na,27100,53,https://www.periodictable.one/element/11,per-element
periodictable.one,periodic table of elements sodium,27100,45,https://www.periodictable.one/element/11,per-element
periodictable.one,periodic table of elements with atomic weight,27100,67,https://www.periodictable.one/property/atomic-weight,other
periodictable.one,periodic table of na,27100,33,https://www.periodictable.one/element/11,per-element
periodictable.one,periodic table sodium,27100,36,https://www.periodictable.one/element/11,per-element
periodictable.one,sodium element periodic table,27100,37,https://www.periodictable.one/element/11,per-element
periodictable.one,sodium in periodic table,27100,26,https://www.periodictable.one/element/11,per-element
periodictable.one,sodium in the periodic table,27100,35,https://www.periodictable.one/element/11,per-element
periodictable.one,sodium on periodic table,27100,29,https://www.periodictable.one/element/11,per-element
periodictable.one,sodium on periodic table of elements,27100,34,https://www.periodictable.one/element/11,per-element
periodictable.one,sodium on the periodic table,27100,31,https://www.periodictable.one/element/11,per-element
periodictable.one,sodium periodic table,27100,29,https://www.periodictable.one/element/11,per-element
periodictable.one,t l metal,27100,27,https://www.periodictable.one/element/81,per-element
periodictable.one,ta element,27100,42,https://www.periodictable.one/element/73,per-element
periodictable.one,tabla periódica,27100,42,https://www.periodictable.one/es/elementos,other
periodictable.one,table of elements na,27100,43,https://www.periodictable.one/element/11,per-element
periodictable.one,table of elements sodium,27100,50,https://www.periodictable.one/element/11,per-element
periodictable.one,table of elements with atomic weight,27100,60,https://www.periodictable.one/property/atomic-weight,other
periodictable.one,chemical elements y,22200,35,https://www.periodictable.one/element/39,per-element
periodictable.one,element ne,22200,15,https://www.periodictable.one/element/10,per-element
periodictable.one,element of neon,22200,48,https://www.periodictable.one/element/10,per-element
periodictable.one,element og,22200,33,https://www.periodictable.one/element/118,per-element
periodictable.one,element y,22200,28,https://www.periodictable.one/element/39,per-element
periodictable.one,element yttrium,22200,38,https://www.periodictable.one/element/39,per-element
periodictable.one,element zr,22200,35,https://www.periodictable.one/element/40,per-element
periodictable.one,elements of neon,22200,52,https://www.periodictable.one/element/10,per-element
periodictable.one,elements y,22200,30,https://www.periodictable.one/element/39,per-element
periodictable.one,ge element,22200,36,https://www.periodictable.one/element/32,per-element
periodictable.one,germanium element,22200,38,https://www.periodictable.one/element/32,per-element
periodictable.one,germanium state,22200,42,https://www.periodictable.one/element/32,per-element
periodictable.one,germanum,22200,60,https://www.periodictable.one/element/32,per-element
periodictable.one,moscovium element,22200,52,https://www.periodictable.one/element/115,per-element
periodictable.one,og element,22200,31,https://www.periodictable.one/element/118,per-element
periodictable.one,oganesson,22200,44,https://www.periodictable.one/element/118,per-element
periodictable.one,oganesson element,22200,52,https://www.periodictable.one/element/118,per-element
periodictable.one,oganesson noble gas,22200,44,https://www.periodictable.one/element/118,per-element
periodictable.one,te element,22200,28,https://www.periodictable.one/element/52,per-element
periodictable.one,y element,22200,25,https://www.periodictable.one/element/39,per-element
periodictable.one,y elements,22200,37,https://www.periodictable.one/element/39,per-element
periodictable.one,a u on the periodic table,18100,19,https://www.periodictable.one/element/79,per-element
periodictable.one,atomic no of carbon,18100,22,https://www.periodictable.one/element/6,per-element
periodictable.one,atomic number carbon,18100,19,https://www.periodictable.one/element/6,per-element
periodictable.one,atomic number for carbon,18100,20,https://www.periodictable.one/element/6,per-element
periodictable.one,atomic number of c,18100,17,https://www.periodictable.one/element/6,per-element
periodictable.one,atomic number of carbon,18100,22,https://www.periodictable.one/element/6,per-element
periodictable.one,atomic number of carbon atom,18100,28,https://www.periodictable.one/element/6,per-element
periodictable.one,au element periodic table,18100,35,https://www.periodictable.one/element/79,per-element
periodictable.one,au gold periodic table,18100,35,https://www.periodictable.one/element/79,per-element
periodictable.one,au in periodic table,18100,35,https://www.periodictable.one/element/79,per-element
periodictable.one,au on periodic table,18100,11,https://www.periodictable.one/element/79,per-element
periodictable.one,au on the periodic table,18100,21,https://www.periodictable.one/element/79,per-element
periodictable.one,au on the periodic table of elements,18100,47,https://www.periodictable.one/element/79,per-element
periodictable.one,c atomic number,18100,33,https://www.periodictable.one/element/6,per-element
periodictable.one,carbon atom atomic number,18100,21,https://www.periodictable.one/element/6,per-element
periodictable.one,carbon atom number,18100,29,https://www.periodictable.one/element/6,per-element
periodictable.one,carbon atomic,18100,19,https://www.periodictable.one/element/6,per-element
periodictable.one,carbon atomic #,18100,20,https://www.periodictable.one/element/6,per-element
periodictable.one,carbon atomic number,18100,19,https://www.periodictable.one/element/6,per-element
periodictable.one,carbon element atomic number,18100,16,https://www.periodictable.one/element/6,per-element
periodictable.one,carbon element number,18100,16,https://www.periodictable.one/element/6,per-element
periodictable.one,carbon's atomic number,18100,17,https://www.periodictable.one/element/6,per-element
periodictable.one,chemical element ho,18100,28,https://www.periodictable.one/element/67,per-element
periodictable.one,chemical element rb,18100,41,https://www.periodictable.one/element/37,per-element
periodictable.one,copper element periodic table,18100,27,https://www.periodictable.one/element/29,per-element
periodictable.one,copper in periodic table,18100,32,https://www.periodictable.one/element/29,per-element
periodictable.one,copper in the periodic table,18100,20,https://www.periodictable.one/element/29,per-element
periodictable.one,copper on periodic table,18100,34,https://www.periodictable.one/element/29,per-element
periodictable.one,copper on the periodic table,18100,35,https://www.periodictable.one/element/29,per-element
periodictable.one,copper periodic symbol,18100,31,https://www.periodictable.one/element/29,per-element
periodictable.one,copper periodic table,18100,29,https://www.periodictable.one/element/29,per-element
periodictable.one,copper table of elements,18100,29,https://www.periodictable.one/element/29,per-element
periodictable.one,cu element periodic table,18100,21,https://www.periodictable.one/element/29,per-element
periodictable.one,cu on periodic table,18100,17,https://www.periodictable.one/element/29,per-element
periodictable.one,cu on the periodic table,18100,36,https://www.periodictable.one/element/29,per-element
periodictable.one,cu periodic table,18100,20,https://www.periodictable.one/element/29,per-element
periodictable.one,element au periodic table,18100,35,https://www.periodictable.one/element/79,per-element
periodictable.one,element cu,18100,34,https://www.periodictable.one/element/29,per-element
periodictable.one,element cu periodic table,18100,22,https://www.periodictable.one/element/29,per-element
periodictable.one,element gold periodic table,18100,43,https://www.periodictable.one/element/79,per-element
periodictable.one,element ho,18100,11,https://www.periodictable.one/element/67,per-element
periodictable.one,element rb,18100,39,https://www.periodictable.one/element/37,per-element
periodictable.one,elements of gold periodic table,18100,59,https://www.periodictable.one/element/79,per-element
periodictable.one,elements on periodic table names,18100,56,https://www.periodictable.one/elements,other
periodictable.one,elements table gold,18100,39,https://www.periodictable.one/element/79,per-element
periodictable.one,gold au periodic table,18100,35,https://www.periodictable.one/element/79,per-element
periodictable.one,gold element periodic table,18100,44,https://www.periodictable.one/element/79,per-element
periodictable.one,gold elements periodic table,18100,44,https://www.periodictable.one/element/79,per-element
periodictable.one,gold in periodic table,18100,43,https://www.periodictable.one/element/79,per-element
periodictable.one,gold in periodic table of elements,18100,55,https://www.periodictable.one/element/79,per-element
periodictable.one,gold in the periodic table,18100,54,https://www.periodictable.one/element/79,per-element
periodictable.one,gold on periodic table of elements,18100,25,https://www.periodictable.one/element/79,per-element
periodictable.one,gold on the periodic table,18100,52,https://www.periodictable.one/element/79,per-element
periodictable.one,gold periodic symbol,18100,38,https://www.periodictable.one/element/79,per-element
periodictable.one,gold periodic table element,18100,47,https://www.periodictable.one/element/79,per-element
periodictable.one,gold periodic table of elements,18100,57,https://www.periodictable.one/element/79,per-element
periodictable.one,ho element,18100,21,https://www.periodictable.one/element/67,per-element
periodictable.one,holmium element,18100,14,https://www.periodictable.one/element/67,per-element
periodictable.one,holmium metal,18100,35,https://www.periodictable.one/element/67,per-element
periodictable.one,lead element pb,18100,35,https://www.periodictable.one/element/82,per-element
periodictable.one,lead the element,18100,45,https://www.periodictable.one/element/82,per-element
periodictable.one,nb element,18100,23,https://www.periodictable.one/element/41,per-element
periodictable.one,number of atoms in carbon,18100,56,https://www.periodictable.one/element/6,per-element
periodictable.one,number of proton in carbon,18100,24,https://www.periodictable.one/element/6,per-element
periodictable.one,number of protons for carbon,18100,29,https://www.periodictable.one/element/6,per-element
periodictable.one,pb chemical element,18100,44,https://www.periodictable.one/element/82,per-element
periodictable.one,pb element,18100,34,https://www.periodictable.one/element/82,per-element
periodictable.one,pb lead element,18100,36,https://www.periodictable.one/element/82,per-element
periodictable.one,period of a periodic table,18100,73,https://www.periodictable.one/history/timeline,trend
periodictable.one,period on the periodic table,18100,81,https://www.periodictable.one/history/timeline,trend
periodictable.one,period periodic table,18100,42,https://www.periodictable.one/,trend
periodictable.one,periodic symbol for gold,18100,49,https://www.periodictable.one/element/79,per-element
periodictable.one,periodic table and name of elements,18100,72,https://www.periodictable.one/elements,other
periodictable.one,periodic table copper,18100,31,https://www.periodictable.one/element/29,per-element
periodictable.one,periodic table copper element,18100,32,https://www.periodictable.one/element/29,per-element
periodictable.one,periodic table cu,18100,28,https://www.periodictable.one/element/29,per-element
periodictable.one,periodic table element gold,18100,46,https://www.periodictable.one/element/79,per-element
periodictable.one,periodic table elements gold,18100,48,https://www.periodictable.one/element/79,per-element
periodictable.one,periodic table of copper,18100,32,https://www.periodictable.one/element/29,per-element
periodictable.one,periodic table of element gold,18100,57,https://www.periodictable.one/element/79,per-element
periodictable.one,periodic table of elements au,18100,41,https://www.periodictable.one/element/79,per-element
periodictable.one,periodic table of elements copper,18100,33,https://www.periodictable.one/element/29,per-element
periodictable.one,periodic table of elements cu,18100,28,https://www.periodictable.one/element/29,per-element
periodictable.one,periodic table of elements periods,18100,71,https://www.periodictable.one/history/timeline,trend
periodictable.one,periodic table of gold,18100,43,https://www.periodictable.one/element/79,per-element
periodictable.one,periodic table what is a period,18100,72,https://www.periodictable.one/,trend
periodictable.one,periods in the periodic table,18100,69,https://www.periodictable.one/history/timeline,trend
periodictable.one,periods of the periodic table,18100,71,https://www.periodictable.one/history/timeline,trend
periodictable.one,periods on the periodic table,18100,71,https://www.periodictable.one/history/timeline,trend
periodictable.one,table of elements copper,18100,36,https://www.periodictable.one/element/29,per-element
periodictable.one,ag element,14800,52,https://www.periodictable.one/element/47,per-element
periodictable.one,ag element charge,14800,47,https://www.periodictable.one/element/47,per-element
periodictable.one,ag element periodic table,14800,36,https://www.periodictable.one/element/47,per-element
periodictable.one,ag in periodic table,14800,16,https://www.periodictable.one/element/47,per-element
periodictable.one,ag periodic table,14800,33,https://www.periodictable.one/element/47,per-element
periodictable.one,ag silver charge,14800,42,https://www.periodictable.one/element/47,per-element
periodictable.one,am element,14800,42,https://www.periodictable.one/element/95,per-element
periodictable.one,americium,14800,48,https://www.periodictable.one/element/95,per-element
periodictable.one,americium element,14800,48,https://www.periodictable.one/element/95,per-element
periodictable.one,atom h,14800,37,https://www.periodictable.one/element/1,per-element
periodictable.one,atomic no of oxygen,14800,43,https://www.periodictable.one/element/8,per-element
periodictable.one,atomic number for o,14800,41,https://www.periodictable.one/element/8,per-element
periodictable.one,atomic number for oxygen,14800,44,https://www.periodictable.one/element/8,per-element
periodictable.one,atomic number of o,14800,41,https://www.periodictable.one/element/8,per-element
periodictable.one,au periodic table,14800,29,https://www.periodictable.one/element/79,per-element
periodictable.one,ca element,14800,45,https://www.periodictable.one/element/20,per-element
periodictable.one,calcium ca,14800,43,https://www.periodictable.one/element/20,per-element
periodictable.one,charge of ag,14800,54,https://www.periodictable.one/element/47,per-element
periodictable.one,chemical element cr,14800,32,https://www.periodictable.one/element/24,per-element
periodictable.one,chemical symbol for potassium,14800,17,https://www.periodictable.one/element/19,per-element
periodictable.one,chromium element,14800,43,https://www.periodictable.one/element/24,per-element
periodictable.one,cl mass,14800,55,https://www.periodictable.one/element/17,per-element
periodictable.one,cr element,14800,39,https://www.periodictable.one/element/24,per-element
periodictable.one,element americium,14800,53,https://www.periodictable.one/element/95,per-element
periodictable.one,element cr,14800,41,https://www.periodictable.one/element/24,per-element
periodictable.one,element fe,14800,34,https://www.periodictable.one/element/26,per-element
periodictable.one,element pb periodic table,14800,32,https://www.periodictable.one/element/82,per-element
periodictable.one,element sn periodic table,14800,22,https://www.periodictable.one/element/50,per-element
periodictable.one,element sodium symbol,14800,39,https://www.periodictable.one/element/11,per-element
periodictable.one,element symbol for potassium,14800,19,https://www.periodictable.one/element/19,per-element
periodictable.one,element symbol for sodium,14800,41,https://www.periodictable.one/element/11,per-element
periodictable.one,element symbol of potassium,14800,18,https://www.periodictable.one/element/19,per-element
periodictable.one,element symbol of sodium,14800,39,https://www.periodictable.one/element/11,per-element
periodictable.one,element symbol potassium,14800,18,https://www.periodictable.one/element/19,per-element
periodictable.one,elements cr,14800,27,https://www.periodictable.one/element/24,per-element
periodictable.one,fe element,14800,41,https://www.periodictable.one/element/26,per-element
periodictable.one,fe metal,14800,53,https://www.periodictable.one/element/26,per-element
periodictable.one,gold on a periodic table,14800,55,https://www.periodictable.one/element/79,per-element
periodictable.one,iron element fe,14800,48,https://www.periodictable.one/element/26,per-element
periodictable.one,lead element periodic table,14800,40,https://www.periodictable.one/element/82,per-element
periodictable.one,lead element table,14800,41,https://www.periodictable.one/element/82,per-element
periodictable.one,lead in periodic table,14800,41,https://www.periodictable.one/element/82,per-element
periodictable.one,lead on periodic table,14800,39,https://www.periodictable.one/element/82,per-element
periodictable.one,lead on the periodic table,14800,46,https://www.periodictable.one/element/82,per-element
periodictable.one,lead on the periodic table of elements,14800,42,https://www.periodictable.one/element/82,per-element
periodictable.one,lead periodic symbol,14800,41,https://www.periodictable.one/element/82,per-element
periodictable.one,lead periodic table,14800,37,https://www.periodictable.one/element/82,per-element
periodictable.one,lead table of elements,14800,44,https://www.periodictable.one/element/82,per-element
periodictable.one,na element,14800,49,https://www.periodictable.one/element/11,per-element
periodictable.one,na for sodium,14800,37,https://www.periodictable.one/element/11,per-element
periodictable.one,na sodium symbol,14800,37,https://www.periodictable.one/element/11,per-element
periodictable.one,o atomic number,14800,46,https://www.periodictable.one/element/8,per-element
periodictable.one,oxygen atomic no,14800,44,https://www.periodictable.one/element/8,per-element
periodictable.one,oxygen atomic number,14800,44,https://www.periodictable.one/element/8,per-element
periodictable.one,pb element periodic table,14800,33,https://www.periodictable.one/element/82,per-element
periodictable.one,pb on the periodic table,14800,36,https://www.periodictable.one/element/82,per-element
periodictable.one,pb periodic table,14800,31,https://www.periodictable.one/element/82,per-element
periodictable.one,periodic symbol for silver,14800,43,https://www.periodictable.one/element/47,per-element
periodictable.one,periodic table element pb,14800,33,https://www.periodictable.one/element/82,per-element
periodictable.one,periodic table element sn,14800,31,https://www.periodictable.one/element/50,per-element
periodictable.one,periodic table lead,14800,35,https://www.periodictable.one/element/82,per-element
periodictable.one,periodic table of elements gold,14800,60,https://www.periodictable.one/element/79,per-element
periodictable.one,periodic table of elements lead,14800,38,https://www.periodictable.one/element/82,per-element
periodictable.one,periodic table of elements pb,14800,43,https://www.periodictable.one/element/82,per-element
periodictable.one,periodic table of elements sn,14800,39,https://www.periodictable.one/element/50,per-element
periodictable.one,periodic table of elements tin,14800,44,https://www.periodictable.one/element/50,per-element
periodictable.one,periodic table of the elements lead,14800,29,https://www.periodictable.one/element/82,per-element
periodictable.one,periodic table sn,14800,30,https://www.periodictable.one/element/50,per-element
periodictable.one,periodic table tin,14800,32,https://www.periodictable.one/element/50,per-element
periodictable.one,potassium atomic symbol,14800,16,https://www.periodictable.one/element/19,per-element
periodictable.one,potassium element symbol,14800,17,https://www.periodictable.one/element/19,per-element
periodictable.one,potassium symbol,14800,19,https://www.periodictable.one/element/19,per-element
periodictable.one,potassium's chemical symbol,14800,15,https://www.periodictable.one/element/19,per-element
periodictable.one,sc element,14800,32,https://www.periodictable.one/element/21,per-element
periodictable.one,silver ag element,14800,36,https://www.periodictable.one/element/47,per-element
periodictable.one,silver element periodic table,14800,39,https://www.periodictable.one/element/47,per-element
periodictable.one,silver in periodic table,14800,34,https://www.periodictable.one/element/47,per-element
periodictable.one,silver on periodic table,14800,38,https://www.periodictable.one/element/47,per-element
periodictable.one,sn element,14800,25,https://www.periodictable.one/element/50,per-element
periodictable.one,sn elements,14800,40,https://www.periodictable.one/element/50,per-element
periodictable.one,sn in periodic table,14800,27,https://www.periodictable.one/element/50,per-element
periodictable.one,sn in the periodic table,14800,33,https://www.periodictable.one/element/50,per-element
periodictable.one,sn on periodic table,14800,28,https://www.periodictable.one/element/50,per-element
periodictable.one,sn on the periodic table,14800,36,https://www.periodictable.one/element/50,per-element
periodictable.one,sn periodic element,14800,28,https://www.periodictable.one/element/50,per-element
periodictable.one,sn periodic table,14800,29,https://www.periodictable.one/element/50,per-element
periodictable.one,sn periodic table element,14800,28,https://www.periodictable.one/element/50,per-element
periodictable.one,sn tin periodic table,14800,33,https://www.periodictable.one/element/50,per-element
periodictable.one,sodium chemical symbol,14800,19,https://www.periodictable.one/element/11,per-element
periodictable.one,sodium element symbol,14800,40,https://www.periodictable.one/element/11,per-element
periodictable.one,sodium sign,14800,62,https://www.periodictable.one/element/11,per-element
periodictable.one,sodium symbol,14800,40,https://www.periodictable.one/element/11,per-element
periodictable.one,symbol for potassium,14800,21,https://www.periodictable.one/element/19,per-element
periodictable.one,symbol for sodium,14800,38,https://www.periodictable.one/element/11,per-element
periodictable.one,symbol of potassium,14800,22,https://www.periodictable.one/element/19,per-element
periodictable.one,symbol of sodium,14800,42,https://www.periodictable.one/element/11,per-element
periodictable.one,table of elements silver,14800,46,https://www.periodictable.one/element/47,per-element
periodictable.one,table of elements tin,14800,39,https://www.periodictable.one/element/50,per-element
periodictable.one,tin element on periodic table,14800,47,https://www.periodictable.one/element/50,per-element
periodictable.one,tin element periodic table,14800,31,https://www.periodictable.one/element/50,per-element
periodictable.one,tin in periodic table,14800,37,https://www.periodictable.one/element/50,per-element
periodictable.one,tin on the periodic table,14800,48,https://www.periodictable.one/element/50,per-element
periodictable.one,tin sn periodic table,14800,31,https://www.periodictable.one/element/50,per-element
periodictable.one,3 he,12100,40,https://www.periodictable.one/element/2,per-element
periodictable.one,atomic number for hydrogen,12100,31,https://www.periodictable.one/element/1,per-element
periodictable.one,atomic number hydrogen,12100,37,https://www.periodictable.one/element/1,per-element
periodictable.one,atomic number of h,12100,35,https://www.periodictable.one/element/1,per-element
periodictable.one,atomic number of hydrogen,12100,38,https://www.periodictable.one/element/1,per-element
periodictable.one,atomic symbol for gold,12100,39,https://www.periodictable.one/element/79,per-element
periodictable.one,atomic symbol s,12100,26,https://www.periodictable.one/element/16,per-element
periodictable.one,au chemical symbol,12100,33,https://www.periodictable.one/element/79,per-element
periodictable.one,au element symbol,12100,33,https://www.periodictable.one/element/79,per-element
periodictable.one,carbon molecular weight,12100,16,https://www.periodictable.one/element/6,per-element
periodictable.one,charge of zinc,12100,65,https://www.periodictable.one/element/30,per-element
periodictable.one,charge of zn,12100,55,https://www.periodictable.one/element/30,per-element
periodictable.one,charge on zinc,12100,65,https://www.periodictable.one/element/30,per-element
periodictable.one,charge on zn,12100,52,https://www.periodictable.one/element/30,per-element
periodictable.one,charge zn,12100,62,https://www.periodictable.one/element/30,per-element
periodictable.one,charges of zinc,12100,55,https://www.periodictable.one/element/30,per-element
periodictable.one,charges of zn,12100,52,https://www.periodictable.one/element/30,per-element
periodictable.one,chemical element er,12100,12,https://www.periodictable.one/element/68,per-element
periodictable.one,chemical element kr,12100,31,https://www.periodictable.one/element/36,per-element
periodictable.one,chemical element krypton,12100,32,https://www.periodictable.one/element/36,per-element
periodictable.one,chemical symbol au,12100,25,https://www.periodictable.one/element/79,per-element
periodictable.one,chemical symbol for gold,12100,38,https://www.periodictable.one/element/79,per-element
periodictable.one,chemical symbol gold,12100,38,https://www.periodictable.one/element/79,per-element
periodictable.one,chemical symbol of gold,12100,37,https://www.periodictable.one/element/79,per-element
periodictable.one,chemistry gold symbol,12100,43,https://www.periodictable.one/element/79,per-element
periodictable.one,einsteinium,12100,43,https://www.periodictable.one/element/99,per-element
periodictable.one,element 117,12100,24,https://www.periodictable.one/element/117,per-element
periodictable.one,element er,12100,15,https://www.periodictable.one/element/68,per-element
periodictable.one,element erbium,12100,29,https://www.periodictable.one/element/68,per-element
periodictable.one,element gold symbol,12100,48,https://www.periodictable.one/element/79,per-element
periodictable.one,element kr,12100,14,https://www.periodictable.one/element/36,per-element
periodictable.one,element mg periodic table,12100,25,https://www.periodictable.one/element/12,per-element
periodictable.one,element neon periodic table,12100,49,https://www.periodictable.one/element/10,per-element
periodictable.one,element oxygen periodic table,12100,34,https://www.periodictable.one/element/8,per-element
periodictable.one,element symbol au,12100,25,https://www.periodictable.one/element/79,per-element
periodictable.one,element symbol of gold,12100,43,https://www.periodictable.one/element/79,per-element
periodictable.one,element ts,12100,28,https://www.periodictable.one/element/117,per-element
periodictable.one,element uus,12100,75,https://www.periodictable.one/element/117,per-element
periodictable.one,elements 117,12100,54,https://www.periodictable.one/element/117,per-element
periodictable.one,elements krypton,12100,59,https://www.periodictable.one/element/36,per-element
periodictable.one,er element,12100,15,https://www.periodictable.one/element/68,per-element
periodictable.one,er elements,12100,10,https://www.periodictable.one/element/68,per-element
periodictable.one,erbium,12100,22,https://www.periodictable.one/element/68,per-element
periodictable.one,erbium element,12100,21,https://www.periodictable.one/element/68,per-element
periodictable.one,gold atomic symbol,12100,43,https://www.periodictable.one/element/79,per-element
periodictable.one,gold au symbol,12100,37,https://www.periodictable.one/element/79,per-element
periodictable.one,gold chemical symbol,12100,33,https://www.periodictable.one/element/79,per-element
periodictable.one,gold element symbol,12100,41,https://www.periodictable.one/element/79,per-element
periodictable.one,gold symbol chemistry,12100,43,https://www.periodictable.one/element/79,per-element
periodictable.one,gold symbol element,12100,44,https://www.periodictable.one/element/79,per-element
periodictable.one,gold symbol in chemistry,12100,42,https://www.periodictable.one/element/79,per-element
periodictable.one,gold's chemical symbol,12100,39,https://www.periodictable.one/element/79,per-element
periodictable.one,gold's element symbol,12100,48,https://www.periodictable.one/element/79,per-element
periodictable.one,h atomic number,12100,33,https://www.periodictable.one/element/1,per-element
periodictable.one,hg element periodic table,12100,26,https://www.periodictable.one/element/80,per-element
periodictable.one,hg in periodic table,12100,31,https://www.periodictable.one/element/80,per-element
periodictable.one,hg on the periodic table,12100,33,https://www.periodictable.one/element/80,per-element
periodictable.one,hg periodic table,12100,25,https://www.periodictable.one/element/80,per-element
periodictable.one,hydrogen atom atomic number,12100,52,https://www.periodictable.one/element/1,per-element
periodictable.one,hydrogen atom number,12100,55,https://www.periodictable.one/element/1,per-element
periodictable.one,hydrogen atomic number,12100,41,https://www.periodictable.one/element/1,per-element
periodictable.one,hydrogen number of atoms,12100,52,https://www.periodictable.one/element/1,per-element
periodictable.one,hydrogen's atomic number,12100,41,https://www.periodictable.one/element/1,per-element
periodictable.one,is na a metal,12100,46,https://www.periodictable.one/element/11,per-element
periodictable.one,kr element,12100,30,https://www.periodictable.one/element/36,per-element
periodictable.one,kr elements,12100,33,https://www.periodictable.one/element/36,per-element
periodictable.one,krypton element,12100,37,https://www.periodictable.one/element/36,per-element
periodictable.one,kryptonium element,12100,48,https://www.periodictable.one/element/36,per-element
periodictable.one,magnesium element table,12100,31,https://www.periodictable.one/element/12,per-element
periodictable.one,magnesium on periodic table,12100,30,https://www.periodictable.one/element/12,per-element
periodictable.one,magnesium periodic table,12100,34,https://www.periodictable.one/element/12,per-element
periodictable.one,mercury element on periodic table,12100,39,https://www.periodictable.one/element/80,per-element
periodictable.one,mercury element periodic table,12100,30,https://www.periodictable.one/element/80,per-element
periodictable.one,mercury in periodic table,12100,33,https://www.periodictable.one/element/80,per-element
periodictable.one,mercury on periodic table,12100,37,https://www.periodictable.one/element/80,per-element
periodictable.one,mercury periodic table,12100,36,https://www.periodictable.one/element/80,per-element
periodictable.one,mercury table of elements,12100,40,https://www.periodictable.one/element/80,per-element
periodictable.one,mg element periodic table,12100,29,https://www.periodictable.one/element/12,per-element
periodictable.one,mg in periodic table,12100,29,https://www.periodictable.one/element/12,per-element
periodictable.one,mg on periodic table,12100,33,https://www.periodictable.one/element/12,per-element
periodictable.one,mg on the periodic table,12100,38,https://www.periodictable.one/element/12,per-element
periodictable.one,mg periodic table,12100,32,https://www.periodictable.one/element/12,per-element
periodictable.one,mgs periodic table,12100,29,https://www.periodictable.one/element/12,per-element
periodictable.one,ne on periodic table,12100,27,https://www.periodictable.one/element/10,per-element
periodictable.one,ne periodic table,12100,33,https://www.periodictable.one/element/10,per-element
periodictable.one,ne periodic table element,12100,28,https://www.periodictable.one/element/10,per-element
periodictable.one,neon element periodic table,12100,42,https://www.periodictable.one/element/10,per-element
periodictable.one,neon in periodic table,12100,40,https://www.periodictable.one/element/10,per-element
periodictable.one,neon on periodic table,12100,20,https://www.periodictable.one/element/10,per-element
periodictable.one,neon on the periodic table,12100,49,https://www.periodictable.one/element/10,per-element
periodictable.one,neon periodic table,12100,38,https://www.periodictable.one/element/10,per-element
periodictable.one,neon periodic table of elements,12100,48,https://www.periodictable.one/element/10,per-element
periodictable.one,neon table of elements,12100,39,https://www.periodictable.one/element/10,per-element
periodictable.one,number of proton in hydrogen,12100,51,https://www.periodictable.one/element/1,per-element
periodictable.one,o element periodic table,12100,35,https://www.periodictable.one/element/8,per-element
periodictable.one,o2 on the periodic table,12100,55,https://www.periodictable.one/element/8,per-element
periodictable.one,o2 periodic table,12100,41,https://www.periodictable.one/element/8,per-element
periodictable.one,oxygen element periodic table,12100,50,https://www.periodictable.one/element/8,per-element
periodictable.one,oxygen in periodic table,12100,46,https://www.periodictable.one/element/8,per-element
periodictable.one,oxygen in the periodic table,12100,61,https://www.periodictable.one/element/8,per-element
periodictable.one,oxygen on periodic table,12100,44,https://www.periodictable.one/element/8,per-element
periodictable.one,oxygen on the periodic table,12100,58,https://www.periodictable.one/element/8,per-element
periodictable.one,oxygen periodic table,12100,44,https://www.periodictable.one/element/8,per-element
periodictable.one,oxygen table of elements,12100,28,https://www.periodictable.one/element/8,per-element
periodictable.one,periodic element oxygen,12100,47,https://www.periodictable.one/element/8,per-element
periodictable.one,periodic table element hg,12100,31,https://www.periodictable.one/element/80,per-element
periodictable.one,periodic table element mercury,12100,31,https://www.periodictable.one/element/80,per-element
periodictable.one,periodic table element neon,12100,41,https://www.periodictable.one/element/10,per-element
periodictable.one,periodic table element oxygen,12100,44,https://www.periodictable.one/element/8,per-element
periodictable.one,periodic table elements oxygen,12100,45,https://www.periodictable.one/element/8,per-element
periodictable.one,periodic table for oxygen,12100,37,https://www.periodictable.one/element/8,per-element
periodictable.one,periodic table hg,12100,34,https://www.periodictable.one/element/80,per-element
periodictable.one,periodic table magnesium,12100,34,https://www.periodictable.one/element/12,per-element
periodictable.one,periodic table mercury,12100,42,https://www.periodictable.one/element/80,per-element
periodictable.one,periodic table mg,12100,30,https://www.periodictable.one/element/12,per-element
periodictable.one,periodic table ne,12100,33,https://www.periodictable.one/element/10,per-element
periodictable.one,periodic table neon,12100,44,https://www.periodictable.one/element/10,per-element
periodictable.one,periodic table o2,12100,43,https://www.periodictable.one/element/8,per-element
periodictable.one,periodic table of elements hg,12100,36,https://www.periodictable.one/element/80,per-element
periodictable.one,periodic table of elements magnesium,12100,43,https://www.periodictable.one/element/12,per-element
periodictable.one,periodic table of elements mercury,12100,39,https://www.periodictable.one/element/80,per-element
periodictable.one,periodic table of elements mg,12100,43,https://www.periodictable.one/element/12,per-element
periodictable.one,periodic table of elements ne,12100,44,https://www.periodictable.one/element/10,per-element
periodictable.one,periodic table of elements neon,12100,53,https://www.periodictable.one/element/10,per-element
periodictable.one,periodic table of elements oxygen,12100,50,https://www.periodictable.one/element/8,per-element
periodictable.one,periodic table of oxygen,12100,39,https://www.periodictable.one/element/8,per-element
periodictable.one,periodic table of the elements neon,12100,46,https://www.periodictable.one/element/10,per-element
periodictable.one,periodic table oxygen,12100,43,https://www.periodictable.one/element/8,per-element
periodictable.one,ru element,12100,11,https://www.periodictable.one/element/44,per-element
periodictable.one,ruthenium,12100,36,https://www.periodictable.one/element/44,per-element
periodictable.one,si element,12100,52,https://www.periodictable.one/element/14,per-element
periodictable.one,silica element,12100,72,https://www.periodictable.one/element/14,per-element
periodictable.one,silicon element,12100,60,https://www.periodictable.one/element/14,per-element
periodictable.one,table of elements hg,12100,28,https://www.periodictable.one/element/80,per-element
periodictable.one,table of elements magnesium,12100,41,https://www.periodictable.one/element/12,per-element
periodictable.one,table of elements mercury,12100,38,https://www.periodictable.one/element/80,per-element
periodictable.one,table of elements oxygen,12100,49,https://www.periodictable.one/element/8,per-element
periodictable.one,technetium element,12100,48,https://www.periodictable.one/element/43,per-element
periodictable.one,tennessine,12100,36,https://www.periodictable.one/element/117,per-element
periodictable.one,tennessine element,12100,28,https://www.periodictable.one/element/117,per-element
periodictable.one,ununseptium element,12100,72,https://www.periodictable.one/element/117,per-element
periodictable.one,uus element,12100,77,https://www.periodictable.one/element/117,per-element
periodictable.one,what is i in periodic table,12100,80,https://www.periodictable.one/,per-element
periodictable.one,what is i periodic table,12100,79,https://www.periodictable.one/,per-element
periodictable.one,what is the periodic table,12100,77,https://www.periodictable.one/,other
periodictable.one,zinc charges,12100,59,https://www.periodictable.one/element/30,per-element
periodictable.one,zn charge,12100,62,https://www.periodictable.one/element/30,per-element
periodictable.one,zn charges,12100,55,https://www.periodictable.one/element/30,per-element
periodictable.one,67 on the periodic table,9900,14,https://www.periodictable.one/element/67,per-element
periodictable.one,atomic gold number,9900,52,https://www.periodictable.one/element/79,per-element
periodictable.one,atomic mass of oxygen atom,9900,62,https://www.periodictable.one/element/8,per-element
periodictable.one,atomic no of fe,9900,42,https://www.periodictable.one/element/26,per-element
periodictable.one,atomic no of gold,9900,53,https://www.periodictable.one/element/79,per-element
periodictable.one,atomic no of helium,9900,36,https://www.periodictable.one/element/2,per-element
periodictable.one,atomic number fe,9900,46,https://www.periodictable.one/element/26,per-element
periodictable.one,atomic number for fe,9900,41,https://www.periodictable.one/element/26,per-element
periodictable.one,atomic number for gold,9900,50,https://www.periodictable.one/element/79,per-element
periodictable.one,atomic number for helium,9900,40,https://www.periodictable.one/element/2,per-element
periodictable.one,atomic number for iron,9900,41,https://www.periodictable.one/element/26,per-element
periodictable.one,atomic number for lithium,9900,43,https://www.periodictable.one/element/3,per-element
periodictable.one,atomic number gold,9900,49,https://www.periodictable.one/element/79,per-element
periodictable.one,atomic number he,9900,31,https://www.periodictable.one/element/2,per-element
periodictable.one,atomic number helium,9900,37,https://www.periodictable.one/element/2,per-element
periodictable.one,atomic number iron,9900,41,https://www.periodictable.one/element/26,per-element
periodictable.one,atomic number lithium,9900,32,https://www.periodictable.one/element/3,per-element
periodictable.one,atomic number of au,9900,39,https://www.periodictable.one/element/79,per-element
periodictable.one,atomic number of fe,9900,40,https://www.periodictable.one/element/26,per-element
periodictable.one,atomic number of gold,9900,49,https://www.periodictable.one/element/79,per-element
periodictable.one,atomic number of he,9900,37,https://www.periodictable.one/element/2,per-element
periodictable.one,atomic number of helium,9900,39,https://www.periodictable.one/element/2,per-element
periodictable.one,atomic number of iron,9900,45,https://www.periodictable.one/element/26,per-element
periodictable.one,atomic number of lithium,9900,42,https://www.periodictable.one/element/3,per-element
periodictable.one,atomic symbol nitrogen,9900,29,https://www.periodictable.one/element/7,per-element
periodictable.one,au atomic number,9900,30,https://www.periodictable.one/element/79,per-element
periodictable.one,au chemical element,9900,40,https://www.periodictable.one/element/79,per-element
periodictable.one,au element,9900,38,https://www.periodictable.one/element/79,per-element
periodictable.one,aurum element,9900,38,https://www.periodictable.one/element/79,per-element
periodictable.one,br chemical element,9900,12,https://www.periodictable.one/element/35,per-element
periodictable.one,br element,9900,19,https://www.periodictable.one/element/35,per-element
periodictable.one,br element periodic table,9900,11,https://www.periodictable.one/element/35,per-element
periodictable.one,br in periodic table,9900,5,https://www.periodictable.one/element/35,per-element
periodictable.one,br on periodic table,9900,8,https://www.periodictable.one/element/35,per-element
periodictable.one,br on the periodic table,9900,9,https://www.periodictable.one/element/35,per-element
periodictable.one,br on the periodic table of elements,9900,12,https://www.periodictable.one/element/35,per-element
periodictable.one,br periodic table,9900,7,https://www.periodictable.one/element/35,per-element
periodictable.one,br periodic table of elements,9900,6,https://www.periodictable.one/element/35,per-element
periodictable.one,br table of elements,9900,11,https://www.periodictable.one/element/35,per-element
periodictable.one,bromine element,9900,23,https://www.periodictable.one/element/35,per-element
periodictable.one,bromine in periodic table,9900,6,https://www.periodictable.one/element/35,per-element
periodictable.one,bromine on periodic table,9900,4,https://www.periodictable.one/element/35,per-element
periodictable.one,bromine on the periodic table,9900,4,https://www.periodictable.one/element/35,per-element
periodictable.one,bromine periodic table,9900,6,https://www.periodictable.one/element/35,per-element
periodictable.one,carbon atom periodic table,9900,11,https://www.periodictable.one/element/6,per-element
periodictable.one,carbon element periodic table,9900,10,https://www.periodictable.one/element/6,per-element
periodictable.one,carbon in periodic table,9900,11,https://www.periodictable.one/element/6,per-element
periodictable.one,carbon in the periodic table,9900,14,https://www.periodictable.one/element/6,per-element
periodictable.one,carbon on periodic table,9900,9,https://www.periodictable.one/element/6,per-element
periodictable.one,carbon on the periodic table,9900,11,https://www.periodictable.one/element/6,per-element
periodictable.one,carbon periodic symbol,9900,9,https://www.periodictable.one/element/6,per-element
periodictable.one,carbon periodic table,9900,15,https://www.periodictable.one/element/6,per-element
periodictable.one,carbon table of elements,9900,16,https://www.periodictable.one/element/6,per-element
periodictable.one,ce chemical element,9900,20,https://www.periodictable.one/element/58,per-element
periodictable.one,ce element,9900,38,https://www.periodictable.one/element/58,per-element
periodictable.one,cerium,9900,23,https://www.periodictable.one/element/58,per-element
periodictable.one,chemical element bromine,9900,15,https://www.periodictable.one/element/35,per-element
periodictable.one,chemical element gold,9900,51,https://www.periodictable.one/element/79,per-element
periodictable.one,chemical element iron,9900,50,https://www.periodictable.one/element/26,per-element
periodictable.one,chemical element nickel,9900,43,https://www.periodictable.one/element/28,per-element
periodictable.one,chemical element sn,9900,33,https://www.periodictable.one/element/50,per-element
periodictable.one,chemical element yb,9900,34,https://www.periodictable.one/element/70,per-element
periodictable.one,chemical sign for nitrogen,9900,39,https://www.periodictable.one/element/7,per-element
periodictable.one,chemical symbol nitrogen,9900,36,https://www.periodictable.one/element/7,per-element
periodictable.one,chemical symbol of nitrogen,9900,32,https://www.periodictable.one/element/7,per-element
periodictable.one,chlorine element table,9900,30,https://www.periodictable.one/element/17,per-element
periodictable.one,chlorine gas periodic table,9900,26,https://www.periodictable.one/element/17,per-element
periodictable.one,chlorine in periodic table,9900,35,https://www.periodictable.one/element/17,per-element
periodictable.one,chlorine on the periodic table,9900,17,https://www.periodictable.one/element/17,per-element
periodictable.one,chlorine periodic table,9900,31,https://www.periodictable.one/element/17,per-element
periodictable.one,chlorine the element,9900,42,https://www.periodictable.one/element/17,per-element
periodictable.one,cl element,9900,32,https://www.periodictable.one/element/17,per-element
periodictable.one,cl element periodic table,9900,20,https://www.periodictable.one/element/17,per-element
periodictable.one,cl in periodic table,9900,28,https://www.periodictable.one/element/17,per-element
periodictable.one,cl periodic table,9900,30,https://www.periodictable.one/element/17,per-element
periodictable.one,cu density,9900,108,https://www.periodictable.one/element/29,per-element
periodictable.one,electron cl,9900,35,https://www.periodictable.one/element/17,per-element
periodictable.one,element au gold,9900,44,https://www.periodictable.one/element/79,per-element
periodictable.one,element br periodic table,9900,6,https://www.periodictable.one/element/35,per-element
periodictable.one,element bromine,9900,15,https://www.periodictable.one/element/35,per-element
periodictable.one,element carbon periodic table,9900,14,https://www.periodictable.one/element/6,per-element
periodictable.one,element chlorine,9900,51,https://www.periodictable.one/element/17,per-element
periodictable.one,element chlorine gas,9900,49,https://www.periodictable.one/element/17,per-element
periodictable.one,element cm,9900,25,https://www.periodictable.one/element/96,per-element
periodictable.one,element for chlorine,9900,38,https://www.periodictable.one/element/17,per-element
periodictable.one,element for cl,9900,30,https://www.periodictable.one/element/17,per-element
periodictable.one,element for fe,9900,42,https://www.periodictable.one/element/26,per-element
periodictable.one,element for gold,9900,53,https://www.periodictable.one/element/79,per-element
periodictable.one,element k periodic table,9900,16,https://www.periodictable.one/element/19,per-element
periodictable.one,element ni,9900,37,https://www.periodictable.one/element/28,per-element
periodictable.one,element pm,9900,27,https://www.periodictable.one/element/61,per-element
periodictable.one,element re,9900,26,https://www.periodictable.one/element/75,per-element
periodictable.one,element sn,9900,28,https://www.periodictable.one/element/50,per-element
periodictable.one,element yb,9900,18,https://www.periodictable.one/element/70,per-element
periodictable.one,element ytterbium,9900,43,https://www.periodictable.one/element/70,per-element
periodictable.one,elements cl,9900,36,https://www.periodictable.one/element/17,per-element
periodictable.one,elements of nickel,9900,42,https://www.periodictable.one/element/28,per-element
periodictable.one,fe atomic no,9900,44,https://www.periodictable.one/element/26,per-element
periodictable.one,fe atomic number,9900,43,https://www.periodictable.one/element/26,per-element
periodictable.one,gold atomic no,9900,55,https://www.periodictable.one/element/79,per-element
periodictable.one,gold atomic number,9900,50,https://www.periodictable.one/element/79,per-element
periodictable.one,gold element atomic number,9900,43,https://www.periodictable.one/element/79,per-element
periodictable.one,gold in table of elements,9900,62,https://www.periodictable.one/element/79,per-element
periodictable.one,gold number of protons,9900,42,https://www.periodictable.one/element/79,per-element
periodictable.one,gold periodic table,9900,53,https://www.periodictable.one/element/79,per-element
periodictable.one,gold the periodic table,9900,40,https://www.periodictable.one/element/79,per-element
periodictable.one,gold's atomic number,9900,51,https://www.periodictable.one/element/79,per-element
periodictable.one,gold's symbol,9900,40,https://www.periodictable.one/element/79,per-element
periodictable.one,h in periodic table,9900,32,https://www.periodictable.one/element/1,per-element
periodictable.one,h in the periodic table,9900,110,https://www.periodictable.one/element/2,per-element
periodictable.one,h on the periodic table,9900,29,https://www.periodictable.one/element/1,per-element
periodictable.one,h periodic table,9900,31,https://www.periodictable.one/element/1,per-element
periodictable.one,helium atom atomic number,9900,41,https://www.periodictable.one/element/2,per-element
periodictable.one,helium atom number,9900,49,https://www.periodictable.one/element/2,per-element
periodictable.one,helium atomic no,9900,38,https://www.periodictable.one/element/2,per-element
periodictable.one,helium atomic number,9900,38,https://www.periodictable.one/element/2,per-element
periodictable.one,helium proton number,9900,41,https://www.periodictable.one/element/2,per-element
periodictable.one,helium's atomic number,9900,36,https://www.periodictable.one/element/2,per-element
periodictable.one,how many valence electrons do nitrogen have,9900,64,https://www.periodictable.one/element/7,per-element
periodictable.one,how many valence electrons does nitrogen have,9900,59,https://www.periodictable.one/element/7,per-element
periodictable.one,hydrogen element periodic table,9900,33,https://www.periodictable.one/element/1,per-element
periodictable.one,hydrogen element table,9900,41,https://www.periodictable.one/element/1,per-element
periodictable.one,hydrogen in the periodic table,9900,52,https://www.periodictable.one/element/1,per-element
periodictable.one,hydrogen on the periodic table,9900,49,https://www.periodictable.one/element/1,per-element
periodictable.one,hydrogen periodic symbol,9900,29,https://www.periodictable.one/element/1,per-element
periodictable.one,hydrogen periodic table,9900,40,https://www.periodictable.one/element/1,per-element
periodictable.one,hydrogen periodic table of elements,9900,52,https://www.periodictable.one/element/1,per-element
periodictable.one,hydrogen table of elements,9900,50,https://www.periodictable.one/element/1,per-element
periodictable.one,iron atomic number,9900,40,https://www.periodictable.one/element/26,per-element
periodictable.one,iron chemical element,9900,52,https://www.periodictable.one/element/26,per-element
periodictable.one,iron element,9900,65,https://www.periodictable.one/element/26,per-element
periodictable.one,iron element atomic number,9900,41,https://www.periodictable.one/element/26,per-element
periodictable.one,iron number of protons,9900,50,https://www.periodictable.one/element/26,per-element
periodictable.one,iron the element,9900,58,https://www.periodictable.one/element/26,per-element
periodictable.one,iron's atomic number,9900,43,https://www.periodictable.one/element/26,per-element
periodictable.one,is al a metal,9900,35,https://www.periodictable.one/element/13,per-element
periodictable.one,k element periodic table,9900,16,https://www.periodictable.one/element/19,per-element
periodictable.one,k elements periodic table,9900,18,https://www.periodictable.one/element/19,per-element
periodictable.one,k in periodic table,9900,17,https://www.periodictable.one/element/19,per-element
periodictable.one,k periodic table,9900,17,https://www.periodictable.one/element/19,per-element
periodictable.one,k periodic table element,9900,17,https://www.periodictable.one/element/19,per-element
periodictable.one,l i in periodic table,9900,20,https://www.periodictable.one/element/3,per-element
periodictable.one,li atomic number,9900,41,https://www.periodictable.one/element/3,per-element
periodictable.one,li in periodic table,9900,19,https://www.periodictable.one/element/3,per-element
periodictable.one,li on periodic table,9900,19,https://www.periodictable.one/element/3,per-element
periodictable.one,li periodic table,9900,21,https://www.periodictable.one/element/3,per-element
periodictable.one,lithium atomic number,9900,39,https://www.periodictable.one/element/3,per-element
periodictable.one,lithium in periodic table,9900,21,https://www.periodictable.one/element/3,per-element
periodictable.one,lithium on periodic table,9900,25,https://www.periodictable.one/element/3,per-element
periodictable.one,lithium on the periodic table,9900,28,https://www.periodictable.one/element/3,per-element
periodictable.one,lithium periodic symbol,9900,32,https://www.periodictable.one/element/3,per-element
periodictable.one,lithium periodic table,9900,28,https://www.periodictable.one/element/3,per-element
periodictable.one,molecular weight of h,9900,59,https://www.periodictable.one/element/1,per-element
periodictable.one,molybdenum diagram,9900,8,https://www.periodictable.one/element/42,per-element
periodictable.one,ni element,9900,32,https://www.periodictable.one/element/28,per-element
periodictable.one,nickel element,9900,62,https://www.periodictable.one/element/28,per-element
periodictable.one,nitrogen chemical symbol,9900,30,https://www.periodictable.one/element/7,per-element
periodictable.one,nitrogen element symbol,9900,27,https://www.periodictable.one/element/7,per-element
periodictable.one,nitrogen symbol,9900,40,https://www.periodictable.one/element/7,per-element
periodictable.one,number of atoms in gold,9900,71,https://www.periodictable.one/element/79,per-element
periodictable.one,number of atoms in iron,9900,88,https://www.periodictable.one/element/26,per-element
periodictable.one,oxygen chemical symbol,9900,28,https://www.periodictable.one/element/8,per-element
periodictable.one,periodic element cl,9900,39,https://www.periodictable.one/element/17,per-element
periodictable.one,periodic symbol for carbon,9900,9,https://www.periodictable.one/element/6,per-element
periodictable.one,periodic table br,9900,10,https://www.periodictable.one/element/35,per-element
periodictable.one,periodic table bromine,9900,6,https://www.periodictable.one/element/35,per-element
periodictable.one,periodic table carbon,9900,9,https://www.periodictable.one/element/6,per-element
periodictable.one,periodic table chlorine,9900,28,https://www.periodictable.one/element/17,per-element
periodictable.one,periodic table element hydrogen,9900,19,https://www.periodictable.one/element/1,per-element
periodictable.one,periodic table element k,9900,18,https://www.periodictable.one/element/19,per-element
periodictable.one,periodic table for potassium,9900,18,https://www.periodictable.one/element/19,per-element
periodictable.one,periodic table h,9900,32,https://www.periodictable.one/element/1,per-element
periodictable.one,periodic table hydrogen,9900,29,https://www.periodictable.one/element/1,per-element
periodictable.one,periodic table k element,9900,15,https://www.periodictable.one/element/19,per-element
periodictable.one,periodic table li,9900,21,https://www.periodictable.one/element/3,per-element
periodictable.one,periodic table lithium,9900,27,https://www.periodictable.one/element/3,per-element
periodictable.one,periodic table of elements br,9900,11,https://www.periodictable.one/element/35,per-element
periodictable.one,periodic table of elements bromine,9900,8,https://www.periodictable.one/element/35,per-element
periodictable.one,periodic table of elements carbon,9900,47,https://www.periodictable.one/element/6,per-element
periodictable.one,periodic table of elements chlorine,9900,39,https://www.periodictable.one/element/17,per-element
periodictable.one,periodic table of elements cl,9900,38,https://www.periodictable.one/element/17,per-element
periodictable.one,periodic table of elements hydrogen,9900,51,https://www.periodictable.one/element/1,per-element
periodictable.one,periodic table of elements li,9900,44,https://www.periodictable.one/element/3,per-element
periodictable.one,periodic table of elements lithium,9900,32,https://www.periodictable.one/element/3,per-element
periodictable.one,periodic table of elements potassium,9900,17,https://www.periodictable.one/element/19,per-element
periodictable.one,periodic table of hydrogen,9900,41,https://www.periodictable.one/element/1,per-element
periodictable.one,periodic table of lithium,9900,20,https://www.periodictable.one/element/3,per-element
periodictable.one,periodic table of potassium,9900,17,https://www.periodictable.one/element/19,per-element
periodictable.one,periodic table potassium,9900,20,https://www.periodictable.one/element/19,per-element
periodictable.one,potassium in periodic table,9900,17,https://www.periodictable.one/element/19,per-element
periodictable.one,potassium on periodic table,9900,16,https://www.periodictable.one/element/19,per-element
periodictable.one,potassium on the periodic table,9900,17,https://www.periodictable.one/element/19,per-element
periodictable.one,potassium table of elements,9900,18,https://www.periodictable.one/element/19,per-element
periodictable.one,proton number of lithium,9900,48,https://www.periodictable.one/element/3,per-element
periodictable.one,sb element,9900,11,https://www.periodictable.one/element/51,per-element
periodictable.one,se chemical element,9900,14,https://www.periodictable.one/element/34,per-element
periodictable.one,se element,9900,17,https://www.periodictable.one/element/34,per-element
periodictable.one,selenium chemical element,9900,15,https://www.periodictable.one/element/34,per-element
periodictable.one,selenium se,9900,9,https://www.periodictable.one/element/34,per-element
periodictable.one,silver periodic table,9900,39,https://www.periodictable.one/element/47,per-element
periodictable.one,sn is what element,9900,27,https://www.periodictable.one/element/50,per-element
periodictable.one,sn tin,9900,33,https://www.periodictable.one/element/50,per-element
periodictable.one,symbol for nitrogen,9900,36,https://www.periodictable.one/element/7,per-element
periodictable.one,symbol for nitrogen gas,9900,49,https://www.periodictable.one/element/7,per-element
periodictable.one,symbol of nitrogen,9900,33,https://www.periodictable.one/element/7,per-element
periodictable.one,table of elements br,9900,10,https://www.periodictable.one/element/35,per-element
periodictable.one,table of elements chlorine,9900,45,https://www.periodictable.one/element/17,per-element
periodictable.one,table of elements lithium,9900,24,https://www.periodictable.one/element/3,per-element
periodictable.one,table of elements potassium,9900,17,https://www.periodictable.one/element/19,per-element
periodictable.one,tin sn,9900,29,https://www.periodictable.one/element/50,per-element
periodictable.one,what are periods in periodic table,9900,98,https://www.periodictable.one/history/timeline,trend
periodictable.one,what are periods in the periodic table,9900,83,https://www.periodictable.one/history/timeline,trend
periodictable.one,what are periods on periodic table,9900,83,https://www.periodictable.one/history/timeline,trend
periodictable.one,what are the periods on the periodic table,9900,73,https://www.periodictable.one/history/timeline,trend
periodictable.one,what is a period in the periodic table,9900,88,https://www.periodictable.one/,trend
periodictable.one,what is the period of a periodic table,9900,88,https://www.periodictable.one/history/timeline,trend
periodictable.one,yb element,9900,13,https://www.periodictable.one/element/70,per-element
periodictable.one,yb metal,9900,67,https://www.periodictable.one/element/70,per-element
periodictable.one,ytterbium,9900,16,https://www.periodictable.one/element/70,per-element
periodictable.one,ytterbium element,9900,37,https://www.periodictable.one/element/70,per-element
periodictable.one,z n,9900,20,https://www.periodictable.one/element/30,per-element
periodictable.one,z:n,9900,42,https://www.periodictable.one/element/30,per-element
periodictable.one,zn,9900,31,https://www.periodictable.one/element/30,per-element
periodictable.one,67 element,8100,32,https://www.periodictable.one/element/67,per-element
periodictable.one,actinides,8100,36,https://www.periodictable.one/elements/actinides,other
periodictable.one,ag chemistry symbol,8100,40,https://www.periodictable.one/element/47,per-element
periodictable.one,ag element symbol,8100,39,https://www.periodictable.one/element/47,per-element
periodictable.one,ag symbol,8100,20,https://www.periodictable.one/element/47,per-element
periodictable.one,ag symbol for silver,8100,32,https://www.periodictable.one/element/47,per-element
periodictable.one,antimony periodic table,8100,10,https://www.periodictable.one/element/51,per-element
periodictable.one,atom for helium,8100,52,https://www.periodictable.one/element/2,per-element
periodictable.one,atom of helium,8100,42,https://www.periodictable.one/element/2,per-element
periodictable.one,atomic no of chlorine,8100,37,https://www.periodictable.one/element/17,per-element
periodictable.one,atomic no of cl,8100,38,https://www.periodictable.one/element/17,per-element
periodictable.one,atomic number chlorine,8100,39,https://www.periodictable.one/element/17,per-element
periodictable.one,atomic number cl,8100,37,https://www.periodictable.one/element/17,per-element
periodictable.one,atomic number for chlorine,8100,40,https://www.periodictable.one/element/17,per-element
periodictable.one,atomic number for ne,8100,21,https://www.periodictable.one/element/10,per-element
periodictable.one,atomic number of chlorine,8100,44,https://www.periodictable.one/element/17,per-element
periodictable.one,atomic number of cl,8100,28,https://www.periodictable.one/element/17,per-element
periodictable.one,atomic number of ne,8100,37,https://www.periodictable.one/element/10,per-element
periodictable.one,atomic number of neon,8100,43,https://www.periodictable.one/element/10,per-element
periodictable.one,atomic symbol for silver,8100,42,https://www.periodictable.one/element/47,per-element
periodictable.one,atomic symbol of silver,8100,48,https://www.periodictable.one/element/47,per-element
periodictable.one,atomic symbol phosphorus,8100,30,https://www.periodictable.one/element/15,per-element
periodictable.one,atoms of helium,8100,51,https://www.periodictable.one/element/2,per-element
periodictable.one,ba element periodic table,8100,35,https://www.periodictable.one/element/56,per-element
periodictable.one,ba in periodic table,8100,27,https://www.periodictable.one/element/56,per-element
periodictable.one,ba on periodic table,8100,24,https://www.periodictable.one/element/56,per-element
periodictable.one,ba on the periodic table,8100,29,https://www.periodictable.one/element/56,per-element
periodictable.one,ba periodic table,8100,25,https://www.periodictable.one/element/56,per-element
periodictable.one,barium element periodic table,8100,38,https://www.periodictable.one/element/56,per-element
periodictable.one,barium in periodic table,8100,27,https://www.periodictable.one/element/56,per-element
periodictable.one,barium on periodic table,8100,37,https://www.periodictable.one/element/56,per-element
periodictable.one,barium on the periodic table,8100,24,https://www.periodictable.one/element/56,per-element
periodictable.one,barium periodic table,8100,27,https://www.periodictable.one/element/56,per-element
periodictable.one,ca element periodic table,8100,43,https://www.periodictable.one/element/20,per-element
periodictable.one,ca element symbol,8100,39,https://www.periodictable.one/element/20,per-element
periodictable.one,ca in periodic table,8100,24,https://www.periodictable.one/element/20,per-element
periodictable.one,calcium element periodic table,8100,50,https://www.periodictable.one/element/20,per-element
periodictable.one,calcium element symbol,8100,41,https://www.periodictable.one/element/20,per-element
periodictable.one,calcium in periodic table,8100,36,https://www.periodictable.one/element/20,per-element
periodictable.one,calcium on periodic table,8100,39,https://www.periodictable.one/element/20,per-element
periodictable.one,calcium on the periodic table,8100,40,https://www.periodictable.one/element/20,per-element
periodictable.one,calcium periodic symbol,8100,26,https://www.periodictable.one/element/20,per-element
periodictable.one,calcium periodic table,8100,41,https://www.periodictable.one/element/20,per-element
periodictable.one,calcium symbol,8100,40,https://www.periodictable.one/element/20,per-element
periodictable.one,carbon elements,8100,21,https://www.periodictable.one/element/6,per-element
periodictable.one,carbon is an element,8100,16,https://www.periodictable.one/element/6,per-element
periodictable.one,carbonium element,8100,16,https://www.periodictable.one/element/6,per-element
periodictable.one,chemical element carbon,8100,11,https://www.periodictable.one/element/6,per-element
periodictable.one,chemical element cu,8100,28,https://www.periodictable.one/element/29,per-element
periodictable.one,chemical element for potassium,8100,33,https://www.periodictable.one/element/19,per-element
periodictable.one,chemical element ti,8100,32,https://www.periodictable.one/element/22,per-element
periodictable.one,chemical element zn,8100,43,https://www.periodictable.one/element/30,per-element
periodictable.one,chemical elements cu,8100,24,https://www.periodictable.one/element/29,per-element
periodictable.one,chemical symbol ag,8100,36,https://www.periodictable.one/element/47,per-element
periodictable.one,chemical symbol for chlorine,8100,27,https://www.periodictable.one/element/17,per-element
periodictable.one,chemical symbol for silver,8100,51,https://www.periodictable.one/element/47,per-element
periodictable.one,chemical symbol of chlorine,8100,15,https://www.periodictable.one/element/17,per-element
periodictable.one,chemistry periodic table,8100,58,https://www.periodictable.one/,other
periodictable.one,chlorine atomic number,8100,33,https://www.periodictable.one/element/17,per-element
periodictable.one,chlorine atomic symbol,8100,33,https://www.periodictable.one/element/17,per-element
periodictable.one,chlorine electron arrangement,8100,31,https://www.periodictable.one/element/17,per-element
periodictable.one,chlorine electron configuration,8100,34,https://www.periodictable.one/element/17,per-element
periodictable.one,chlorine element symbol,8100,24,https://www.periodictable.one/element/17,per-element
periodictable.one,chlorine number of protons,8100,34,https://www.periodictable.one/element/17,per-element
periodictable.one,chlorine symbol,8100,10,https://www.periodictable.one/element/17,per-element
periodictable.one,cl molar weight,8100,38,https://www.periodictable.one/element/17,per-element
periodictable.one,copper element,8100,47,https://www.periodictable.one/element/29,per-element
periodictable.one,copper element charge,8100,64,https://www.periodictable.one/element/29,per-element
periodictable.one,copper symbol,8100,28,https://www.periodictable.one/element/29,per-element
periodictable.one,copper symbols,8100,26,https://www.periodictable.one/element/29,per-element
periodictable.one,cu chemistry element,8100,37,https://www.periodictable.one/element/29,per-element
periodictable.one,cu element,8100,36,https://www.periodictable.one/element/29,per-element
periodictable.one,cu for copper,8100,42,https://www.periodictable.one/element/29,per-element
periodictable.one,dy element,8100,9,https://www.periodictable.one/element/66,per-element
periodictable.one,element 67,8100,16,https://www.periodictable.one/element/67,per-element
periodictable.one,element calcium periodic table,8100,48,https://www.periodictable.one/element/20,per-element
periodictable.one,element k potassium,8100,37,https://www.periodictable.one/element/19,per-element
periodictable.one,element na,8100,54,https://www.periodictable.one/element/11,per-element
periodictable.one,element of carbon,8100,22,https://www.periodictable.one/element/6,per-element
periodictable.one,element of the periodic table,8100,73,https://www.periodictable.one/elements,other
periodictable.one,element phosphorus symbol,8100,27,https://www.periodictable.one/element/15,per-element
periodictable.one,element potassium,8100,66,https://www.periodictable.one/element/19,per-element
periodictable.one,element sb periodic table,8100,9,https://www.periodictable.one/element/51,per-element
periodictable.one,element symbol ag,8100,41,https://www.periodictable.one/element/47,per-element
periodictable.one,element symbol for chlorine,8100,30,https://www.periodictable.one/element/17,per-element
periodictable.one,element symbol of chlorine,8100,20,https://www.periodictable.one/element/17,per-element
periodictable.one,element symbol of silver,8100,48,https://www.periodictable.one/element/47,per-element
periodictable.one,element ti,8100,36,https://www.periodictable.one/element/22,per-element
periodictable.one,element zn,8100,51,https://www.periodictable.one/element/30,per-element
periodictable.one,element zn periodic table,8100,43,https://www.periodictable.one/element/30,per-element
periodictable.one,elemental copper,8100,39,https://www.periodictable.one/element/29,per-element
periodictable.one,elemental sodium,8100,70,https://www.periodictable.one/element/11,per-element
periodictable.one,elemental table,8100,41,https://www.periodictable.one/,other
periodictable.one,elements of carbon,8100,52,https://www.periodictable.one/element/6,per-element
periodictable.one,elements zn,8100,52,https://www.periodictable.one/element/30,per-element
periodictable.one,gold element,8100,62,https://www.periodictable.one/element/79,per-element
periodictable.one,he element periodic table,8100,24,https://www.periodictable.one/element/2,per-element
periodictable.one,he in periodic table,8100,29,https://www.periodictable.one/element/2,per-element
periodictable.one,he on periodic table,8100,29,https://www.periodictable.one/element/2,per-element
periodictable.one,he on the periodic table,8100,28,https://www.periodictable.one/element/2,per-element
periodictable.one,helium atom,8100,70,https://www.periodictable.one/element/2,per-element
periodictable.one,helium atomic,8100,54,https://www.periodictable.one/element/2,per-element
periodictable.one,helium atomic #,8100,46,https://www.periodictable.one/element/2,per-element
periodictable.one,helium element periodic table,8100,31,https://www.periodictable.one/element/2,per-element
periodictable.one,helium element table,8100,31,https://www.periodictable.one/element/2,per-element
periodictable.one,helium in periodic table,8100,16,https://www.periodictable.one/element/2,per-element
periodictable.one,helium on periodic table,8100,38,https://www.periodictable.one/element/2,per-element
periodictable.one,helium on the periodic table,8100,41,https://www.periodictable.one/element/2,per-element
periodictable.one,helium periodic table,8100,35,https://www.periodictable.one/element/2,per-element
periodictable.one,iodine express your answer as a chemical formula,8100,87,https://www.periodictable.one/element/53,per-element
periodictable.one,is k potassium,8100,27,https://www.periodictable.one/element/19,per-element
periodictable.one,is potassium a metal,8100,26,https://www.periodictable.one/element/19,per-element
periodictable.one,k for potassium,8100,36,https://www.periodictable.one/element/19,per-element
periodictable.one,molecular weight cl,8100,42,https://www.periodictable.one/element/17,per-element
periodictable.one,ne atomic number,8100,35,https://www.periodictable.one/element/10,per-element
periodictable.one,neon atomic number,8100,47,https://www.periodictable.one/element/10,per-element
periodictable.one,neon number of protons,8100,41,https://www.periodictable.one/element/10,per-element
periodictable.one,neons atomic number,8100,43,https://www.periodictable.one/element/10,per-element
periodictable.one,number of atoms in chlorine,8100,73,https://www.periodictable.one/element/17,per-element
periodictable.one,number of electrons in neon,8100,52,https://www.periodictable.one/element/10,per-element
periodictable.one,number of protons in chlorine,8100,47,https://www.periodictable.one/element/17,per-element
periodictable.one,periodic element zinc,8100,52,https://www.periodictable.one/element/30,per-element
periodictable.one,periodic table ba,8100,30,https://www.periodictable.one/element/56,per-element
periodictable.one,periodic table barium,8100,36,https://www.periodictable.one/element/56,per-element
periodictable.one,periodic table calcium,8100,42,https://www.periodictable.one/element/20,per-element
periodictable.one,periodic table element ba,8100,30,https://www.periodictable.one/element/56,per-element
periodictable.one,periodic table elements zinc,8100,46,https://www.periodictable.one/element/30,per-element
periodictable.one,periodic table for sulfur,8100,18,https://www.periodictable.one/element/16,per-element
periodictable.one,periodic table for zinc,8100,35,https://www.periodictable.one/element/30,per-element
periodictable.one,periodic table he,8100,31,https://www.periodictable.one/element/2,per-element
periodictable.one,periodic table helium,8100,36,https://www.periodictable.one/element/2,per-element
periodictable.one,periodic table of elements ba,8100,31,https://www.periodictable.one/element/56,per-element
periodictable.one,periodic table of elements barium,8100,47,https://www.periodictable.one/element/56,per-element
periodictable.one,periodic table of elements ca,8100,54,https://www.periodictable.one/element/20,per-element
periodictable.one,periodic table of elements calcium,8100,48,https://www.periodictable.one/element/20,per-element
periodictable.one,periodic table of elements he,8100,47,https://www.periodictable.one/element/2,per-element
periodictable.one,periodic table of elements helium,8100,44,https://www.periodictable.one/element/2,per-element
periodictable.one,periodic table of elements sb,8100,8,https://www.periodictable.one/element/51,per-element
periodictable.one,periodic table of elements sulfur,8100,38,https://www.periodictable.one/element/16,per-element
periodictable.one,periodic table of elements zinc,8100,49,https://www.periodictable.one/element/30,per-element
periodictable.one,periodic table of elements zn,8100,44,https://www.periodictable.one/element/30,per-element
periodictable.one,periodic table of helium,8100,33,https://www.periodictable.one/element/2,per-element
periodictable.one,periodic table of zinc,8100,40,https://www.periodictable.one/element/30,per-element
periodictable.one,periodic table sb,8100,11,https://www.periodictable.one/element/51,per-element
periodictable.one,periodic table sulfur,8100,7,https://www.periodictable.one/element/16,per-element
periodictable.one,periodic table zinc,8100,41,https://www.periodictable.one/element/30,per-element
periodictable.one,periodic table zn,8100,36,https://www.periodictable.one/element/30,per-element
periodictable.one,phosphorus atomic symbol,8100,24,https://www.periodictable.one/element/15,per-element
periodictable.one,potassium element,8100,16,https://www.periodictable.one/element/19,per-element
periodictable.one,proton number of chlorine,8100,51,https://www.periodictable.one/element/17,per-element
periodictable.one,sb element periodic table,8100,19,https://www.periodictable.one/element/51,per-element
periodictable.one,sb in periodic table,8100,10,https://www.periodictable.one/element/51,per-element
periodictable.one,sb on periodic table,8100,9,https://www.periodictable.one/element/51,per-element
periodictable.one,sb on the periodic table,8100,8,https://www.periodictable.one/element/51,per-element
periodictable.one,sb periodic table,8100,9,https://www.periodictable.one/element/51,per-element
periodictable.one,silver atomic symbol,8100,48,https://www.periodictable.one/element/47,per-element
periodictable.one,sodium element,8100,58,https://www.periodictable.one/element/11,per-element
periodictable.one,sodium metal element,8100,62,https://www.periodictable.one/element/11,per-element
periodictable.one,sodium the element,8100,53,https://www.periodictable.one/element/11,per-element
periodictable.one,sulfur in periodic table,8100,22,https://www.periodictable.one/element/16,per-element
periodictable.one,sulfur on periodic table,8100,20,https://www.periodictable.one/element/16,per-element
periodictable.one,sulfur on the periodic table,8100,28,https://www.periodictable.one/element/16,per-element
periodictable.one,sulfur periodic table,8100,20,https://www.periodictable.one/element/16,per-element
periodictable.one,sulfur valence electrons,8100,31,https://www.periodictable.one/element/16,per-element
periodictable.one,sulfur valence number,8100,31,https://www.periodictable.one/element/16,per-element
periodictable.one,sulphur in periodic table,8100,25,https://www.periodictable.one/element/16,per-element
periodictable.one,sulphur periodic table,8100,20,https://www.periodictable.one/element/16,per-element
periodictable.one,symbol ag,8100,26,https://www.periodictable.one/element/47,per-element
periodictable.one,symbol calcium,8100,35,https://www.periodictable.one/element/20,per-element
periodictable.one,symbol for chlorine,8100,31,https://www.periodictable.one/element/17,per-element
periodictable.one,symbol for copper,8100,32,https://www.periodictable.one/element/29,per-element
periodictable.one,symbol of calcium,8100,48,https://www.periodictable.one/element/20,per-element
periodictable.one,symbol of chlorine,8100,20,https://www.periodictable.one/element/17,per-element
periodictable.one,symbol of copper,8100,31,https://www.periodictable.one/element/29,per-element
periodictable.one,table of elements ba,8100,40,https://www.periodictable.one/element/56,per-element
periodictable.one,table of elements calcium,8100,50,https://www.periodictable.one/element/20,per-element
periodictable.one,table of elements zinc,8100,44,https://www.periodictable.one/element/30,per-element
periodictable.one,the elements in the periodic table,8100,75,https://www.periodictable.one/elements,per-element
periodictable.one,the elements of the periodic table,8100,77,https://www.periodictable.one/,other
periodictable.one,the periodic table with elements,8100,80,https://www.periodictable.one/elements,other
periodictable.one,ti element,8100,41,https://www.periodictable.one/element/22,per-element
periodictable.one,valence electron of sulfur,8100,33,https://www.periodictable.one/element/16,per-element
periodictable.one,valence electrons in sulfur,8100,34,https://www.periodictable.one/element/16,per-element
periodictable.one,valence number of sulfur,8100,26,https://www.periodictable.one/element/16,per-element
periodictable.one,zinc element table,8100,38,https://www.periodictable.one/element/30,per-element
periodictable.one,zinc in periodic table,8100,39,https://www.periodictable.one/element/30,per-element
periodictable.one,zinc on periodic table,8100,38,https://www.periodictable.one/element/30,per-element
periodictable.one,zinc on the periodic table,8100,35,https://www.periodictable.one/element/30,per-element
periodictable.one,zinc periodic symbol,8100,31,https://www.periodictable.one/element/30,per-element
periodictable.one,zinc periodic table,8100,40,https://www.periodictable.one/element/30,per-element
periodictable.one,zn element periodic table,8100,46,https://www.periodictable.one/element/30,per-element
periodictable.one,zn in periodic table,8100,38,https://www.periodictable.one/element/30,per-element
periodictable.one,zn on the periodic table,8100,41,https://www.periodictable.one/element/30,per-element
periodictable.one,zn periodic table,8100,38,https://www.periodictable.one/element/30,per-element
periodictable.one,96th element,6600,39,https://www.periodictable.one/element/96,per-element
periodictable.one,ag atomic number,6600,25,https://www.periodictable.one/element/47,per-element
periodictable.one,as on periodic table,6600,67,https://www.periodictable.one/,per-element
periodictable.one,as periodic table,6600,52,https://www.periodictable.one/,per-element
periodictable.one,atomic mass fe,6600,60,https://www.periodictable.one/element/26,per-element
periodictable.one,atomic mass for chlorine,6600,61,https://www.periodictable.one/element/17,per-element
periodictable.one,atomic mass for fe,6600,58,https://www.periodictable.one/element/26,per-element
periodictable.one,atomic mass iron,6600,54,https://www.periodictable.one/element/26,per-element
periodictable.one,atomic mass of chlorine,6600,57,https://www.periodictable.one/element/17,per-element
periodictable.one,atomic mass of fe,6600,63,https://www.periodictable.one/element/26,per-element
periodictable.one,atomic mass of ir,6600,38,https://www.periodictable.one/element/77,per-element
periodictable.one,atomic no of boron,6600,40,https://www.periodictable.one/element/5,per-element
periodictable.one,atomic number ag,6600,44,https://www.periodictable.one/element/47,per-element
periodictable.one,atomic number boron,6600,39,https://www.periodictable.one/element/5,per-element
periodictable.one,atomic number for silver,6600,47,https://www.periodictable.one/element/47,per-element
periodictable.one,atomic number of ag,6600,41,https://www.periodictable.one/element/47,per-element
periodictable.one,atomic number of boron,6600,42,https://www.periodictable.one/element/5,per-element
periodictable.one,atomic number of nitrogen,6600,38,https://www.periodictable.one/element/7,per-element
periodictable.one,atomic number of sodium,6600,47,https://www.periodictable.one/element/11,per-element
periodictable.one,atomic number silver,6600,43,https://www.periodictable.one/element/47,per-element
periodictable.one,atomic weight of chlorine,6600,58,https://www.periodictable.one/element/17,per-element
periodictable.one,b atomic number,6600,22,https://www.periodictable.one/element/5,per-element
periodictable.one,be element,6600,41,https://www.periodictable.one/element/4,per-element
periodictable.one,beryllium element,6600,42,https://www.periodictable.one/element/4,per-element
periodictable.one,boron atomic number,6600,36,https://www.periodictable.one/element/5,per-element
periodictable.one,boron number of protons,6600,31,https://www.periodictable.one/element/5,per-element
periodictable.one,ca electron configuration,6600,17,https://www.periodictable.one/element/20,per-element
periodictable.one,calcium electron configuration,6600,8,https://www.periodictable.one/element/20,per-element
periodictable.one,carbon symbol,6600,11,https://www.periodictable.one/element/6,per-element
periodictable.one,chemical element helium,6600,39,https://www.periodictable.one/element/2,per-element
periodictable.one,chemical element lu,6600,27,https://www.periodictable.one/element/71,per-element
periodictable.one,chemical elements list,6600,32,https://www.periodictable.one/elements,other
periodictable.one,chlorine atomic mass,6600,55,https://www.periodictable.one/element/17,per-element
periodictable.one,cl atomic mass,6600,49,https://www.periodictable.one/element/17,per-element
periodictable.one,co element,6600,23,https://www.periodictable.one/element/27,per-element
periodictable.one,electron arrangement calcium,6600,16,https://www.periodictable.one/element/20,per-element
periodictable.one,electron arrangement for calcium,6600,21,https://www.periodictable.one/element/20,per-element
periodictable.one,electron arrangement of calcium,6600,34,https://www.periodictable.one/element/20,per-element
periodictable.one,electron arrangement of copper,6600,40,https://www.periodictable.one/element/29,per-element
periodictable.one,electron arrangement of sulfur,6600,32,https://www.periodictable.one/element/16,per-element
periodictable.one,electron arrangement sulfur,6600,37,https://www.periodictable.one/element/16,per-element
periodictable.one,electron configuration ca,6600,7,https://www.periodictable.one/element/20,per-element
periodictable.one,electron configuration calcium,6600,6,https://www.periodictable.one/element/20,per-element
periodictable.one,electron configuration copper,6600,42,https://www.periodictable.one/element/29,per-element
periodictable.one,electron configuration fe,6600,47,https://www.periodictable.one/element/26,per-element
periodictable.one,electron configuration for ca,6600,22,https://www.periodictable.one/element/20,per-element
periodictable.one,electron configuration for calcium,6600,8,https://www.periodictable.one/element/20,per-element
periodictable.one,electron configuration for sulfur,6600,32,https://www.periodictable.one/element/16,per-element
periodictable.one,electron configuration for sulfur atom,6600,35,https://www.periodictable.one/element/16,per-element
periodictable.one,electron configuration of ca,6600,13,https://www.periodictable.one/element/20,per-element
periodictable.one,electron configuration of s,6600,35,https://www.periodictable.one/element/16,per-element
periodictable.one,electron configuration of sulfur,6600,31,https://www.periodictable.one/element/16,per-element
periodictable.one,electron configuration sulfur,6600,34,https://www.periodictable.one/element/16,per-element
periodictable.one,electron configuration sulphur,6600,38,https://www.periodictable.one/element/16,per-element
periodictable.one,electron distribution of calcium,6600,25,https://www.periodictable.one/element/20,per-element
periodictable.one,electron structure of iron,6600,39,https://www.periodictable.one/element/26,per-element
periodictable.one,electronic configuration ca,6600,9,https://www.periodictable.one/element/20,per-element
periodictable.one,electronic configuration calcium,6600,7,https://www.periodictable.one/element/20,per-element
periodictable.one,electronic configuration of ca,6600,10,https://www.periodictable.one/element/20,per-element
periodictable.one,electronic configuration of calcium,6600,9,https://www.periodictable.one/element/20,per-element
periodictable.one,electronic configuration of copper,6600,40,https://www.periodictable.one/element/29,per-element
periodictable.one,electronic configuration of sulfur,6600,36,https://www.periodictable.one/element/16,per-element
periodictable.one,electronic structure of calcium,6600,21,https://www.periodictable.one/element/20,per-element
periodictable.one,electronic structure of copper,6600,41,https://www.periodictable.one/element/29,per-element
periodictable.one,element beryllium,6600,48,https://www.periodictable.one/element/4,per-element
periodictable.one,element for helium,6600,44,https://www.periodictable.one/element/2,per-element
periodictable.one,element he,6600,36,https://www.periodictable.one/element/2,per-element
periodictable.one,element helium,6600,55,https://www.periodictable.one/element/2,per-element
periodictable.one,element iron atomic mass,6600,48,https://www.periodictable.one/element/26,per-element
periodictable.one,element np,6600,35,https://www.periodictable.one/element/93,per-element
periodictable.one,element of helium,6600,45,https://www.periodictable.one/element/2,per-element
periodictable.one,element ti periodic table,6600,33,https://www.periodictable.one/element/22,per-element
periodictable.one,element tm,6600,41,https://www.periodictable.one/element/69,per-element
periodictable.one,element u periodic table,6600,21,https://www.periodictable.one/element/92,per-element
periodictable.one,elements he,6600,46,https://www.periodictable.one/element/2,per-element
periodictable.one,elements helium,6600,67,https://www.periodictable.one/element/2,per-element
periodictable.one,elements of helium,6600,41,https://www.periodictable.one/element/2,per-element
periodictable.one,eu chemical element,6600,28,https://www.periodictable.one/element/63,per-element
periodictable.one,europium element,6600,73,https://www.periodictable.one/element/63,per-element
periodictable.one,f element periodic table,6600,29,https://www.periodictable.one/element/9,per-element
periodictable.one,f in periodic table,6600,31,https://www.periodictable.one/element/9,per-element
periodictable.one,f on periodic table,6600,31,https://www.periodictable.one/element/9,per-element
periodictable.one,f on the periodic table,6600,32,https://www.periodictable.one/element/9,per-element
periodictable.one,f periodic table,6600,30,https://www.periodictable.one/element/9,per-element
periodictable.one,f periodic table element,6600,32,https://www.periodictable.one/element/9,per-element
periodictable.one,f table of elements,6600,39,https://www.periodictable.one/element/9,per-element
periodictable.one,fe atomic mass,6600,66,https://www.periodictable.one/element/26,per-element
periodictable.one,fe electron configuration,6600,42,https://www.periodictable.one/element/26,per-element
periodictable.one,fe element electron configuration,6600,40,https://www.periodictable.one/element/26,per-element
periodictable.one,fluorine element symbol,6600,36,https://www.periodictable.one/element/9,per-element
periodictable.one,fluorine symbol,6600,37,https://www.periodictable.one/element/9,per-element
periodictable.one,he element,6600,41,https://www.periodictable.one/element/2,per-element
periodictable.one,helium element,6600,42,https://www.periodictable.one/element/2,per-element
periodictable.one,helium the element,6600,38,https://www.periodictable.one/element/2,per-element
periodictable.one,hf chemical element,6600,36,https://www.periodictable.one/element/72,per-element
periodictable.one,how to read a periodic table element,6600,88,https://www.periodictable.one/,other
periodictable.one,iron atomic mass,6600,65,https://www.periodictable.one/element/26,per-element
periodictable.one,iron electron structure,6600,42,https://www.periodictable.one/element/26,per-element
periodictable.one,iron's electron configuration,6600,39,https://www.periodictable.one/element/26,per-element
periodictable.one,k element,6600,40,https://www.periodictable.one/element/19,per-element
periodictable.one,k is for potassium,6600,21,https://www.periodictable.one/element/19,per-element
periodictable.one,k is potassium,6600,50,https://www.periodictable.one/element/19,per-element
coolperiodictable.com,chemical element pa,135000,90,https://www.coolperiodictable.com/protactinium/,per-element
coolperiodictable.com,pa element,135000,54,https://www.coolperiodictable.com/protactinium/,per-element
coolperiodictable.com,protactinium element,135000,60,https://www.coolperiodictable.com/protactinium/,per-element
coolperiodictable.com,interactive periodic table of elements,110000,64,https://www.coolperiodictable.com/,game
coolperiodictable.com,periodic table interactive,110000,42,https://www.coolperiodictable.com/,game
coolperiodictable.com,hydrogen element,90500,58,https://www.coolperiodictable.com/hydrogen/,per-element
coolperiodictable.com,which compound has the atom with the highest oxidation number,90500,48,https://www.coolperiodictable.com/resources/chemical-formulas/oxidation-numbers.php,other
coolperiodictable.com,halogens,60500,59,https://www.coolperiodictable.com/resources/nonmetals/halogens/,other
coolperiodictable.com,element xe,49500,50,http://www.coolperiodictable.com/xenon/,per-element
coolperiodictable.com,elements xe,49500,42,http://www.coolperiodictable.com/xenon/,per-element
coolperiodictable.com,gas noble,49500,32,https://www.coolperiodictable.com/resources/nonmetals/noble-gas/,other
coolperiodictable.com,group a elements in the periodic table,49500,37,https://www.coolperiodictable.com/resources/periodic-table-groups/,trend
coolperiodictable.com,group a elements on the periodic table,49500,17,https://www.coolperiodictable.com/resources/periodic-table-groups/,trend
coolperiodictable.com,group elements in periodic table,49500,53,https://www.coolperiodictable.com/resources/periodic-table-groups/,trend
coolperiodictable.com,group in periodic table of elements,49500,38,https://www.coolperiodictable.com/resources/periodic-table-groups/,trend
coolperiodictable.com,group in the periodic table,49500,37,https://www.coolperiodictable.com/resources/periodic-table-groups/,trend
coolperiodictable.com,group of elements in periodic table,49500,45,https://www.coolperiodictable.com/resources/periodic-table-groups/,trend
coolperiodictable.com,group of elements periodic table,49500,21,https://www.coolperiodictable.com/resources/periodic-table-groups/,trend
coolperiodictable.com,groups for periodic table,49500,51,https://www.coolperiodictable.com/resources/periodic-table-groups/,trend
coolperiodictable.com,groups in the periodic table,49500,47,https://www.coolperiodictable.com/resources/periodic-table-groups/,trend
coolperiodictable.com,groups of elements periodic table,49500,35,https://www.coolperiodictable.com/resources/periodic-table-groups/,trend
coolperiodictable.com,groups of the periodic table,49500,37,https://www.coolperiodictable.com/resources/periodic-table-groups/,trend
coolperiodictable.com,inert gas noble gas,49500,31,https://www.coolperiodictable.com/resources/nonmetals/noble-gas/,trend
coolperiodictable.com,inert gases noble gases,49500,25,https://www.coolperiodictable.com/resources/nonmetals/noble-gas/,other
coolperiodictable.com,noble gas,49500,33,https://www.coolperiodictable.com/resources/nonmetals/noble-gas/,trend
coolperiodictable.com,noble gases,49500,49,https://www.coolperiodictable.com/resources/nonmetals/noble-gas/,other
coolperiodictable.com,noble gasses,49500,47,https://www.coolperiodictable.com/resources/nonmetals/noble-gas/,other
coolperiodictable.com,p in periodic table,49500,42,https://www.coolperiodictable.com/phosphorus/,per-element
coolperiodictable.com,p on periodic table,49500,53,https://www.coolperiodictable.com/phosphorus/,per-element
coolperiodictable.com,periodic table element groups,49500,12,https://www.coolperiodictable.com/resources/periodic-table-groups/,trend
coolperiodictable.com,periodic table elements group,49500,14,https://www.coolperiodictable.com/resources/periodic-table-groups/,trend
coolperiodictable.com,periodic table group,49500,38,https://www.coolperiodictable.com/resources/periodic-table-groups/,trend
coolperiodictable.com,periodic table groups,49500,20,https://www.coolperiodictable.com/resources/periodic-table-groups/,trend
coolperiodictable.com,periodic table of element groups,49500,41,https://www.coolperiodictable.com/resources/periodic-table-groups/,trend
coolperiodictable.com,periodic table of elements and groups,49500,38,https://www.coolperiodictable.com/resources/periodic-table-groups/,trend
coolperiodictable.com,periodic table of elements group,49500,11,https://www.coolperiodictable.com/resources/periodic-table-groups/,trend
coolperiodictable.com,periodic table of elements with groups,49500,47,https://www.coolperiodictable.com/resources/periodic-table-groups/,trend
coolperiodictable.com,periodic table of the elements groups,49500,37,https://www.coolperiodictable.com/resources/periodic-table-groups/,trend
coolperiodictable.com,periodic table what is a group,49500,20,https://www.coolperiodictable.com/resources/periodic-table-groups/,trend
coolperiodictable.com,periodic table which is group,49500,42,https://www.coolperiodictable.com/resources/periodic-table-groups/,trend
coolperiodictable.com,table of elements group,49500,15,https://www.coolperiodictable.com/resources/periodic-table-groups/,trend
coolperiodictable.com,alkali metal,40500,55,https://coolperiodictable.com/resources/metals/alkali-metals/,trend
coolperiodictable.com,alkali metals,40500,48,https://coolperiodictable.com/resources/metals/alkali-metals/,trend
coolperiodictable.com,element iron periodic table,40500,41,https://www.coolperiodictable.com/iron/,per-element
coolperiodictable.com,fe element periodic table,40500,50,https://www.coolperiodictable.com/iron/,per-element
coolperiodictable.com,fe periodic table,40500,40,https://www.coolperiodictable.com/iron/,per-element
coolperiodictable.com,fe periodic table element,40500,46,https://www.coolperiodictable.com/iron/,per-element
coolperiodictable.com,iron element periodic table,40500,54,https://www.coolperiodictable.com/iron/,per-element
coolperiodictable.com,iron in periodic table,40500,48,https://www.coolperiodictable.com/iron/,per-element
coolperiodictable.com,iron in table of elements,40500,56,https://www.coolperiodictable.com/iron/,per-element
coolperiodictable.com,iron in the periodic table,40500,60,https://www.coolperiodictable.com/iron/,per-element
coolperiodictable.com,iron on a periodic table,40500,68,https://www.coolperiodictable.com/iron/,per-element
coolperiodictable.com,iron on the periodic table of elements,40500,54,https://www.coolperiodictable.com/iron/,per-element
coolperiodictable.com,iron periodic table,40500,48,https://www.coolperiodictable.com/iron/,per-element
coolperiodictable.com,iron periodic table of elements,40500,48,https://www.coolperiodictable.com/iron/,per-element
coolperiodictable.com,iron table of elements,40500,33,https://www.coolperiodictable.com/iron/,per-element
coolperiodictable.com,periodic table element fe,40500,43,https://www.coolperiodictable.com/iron/,per-element
coolperiodictable.com,periodic table element iron,40500,46,https://www.coolperiodictable.com/iron/,per-element
coolperiodictable.com,periodic table iron,40500,47,https://www.coolperiodictable.com/iron/,per-element
coolperiodictable.com,periodic table of elements fe,40500,48,https://www.coolperiodictable.com/iron/,per-element
coolperiodictable.com,periodic table of elements iron,40500,25,https://www.coolperiodictable.com/iron/,per-element
coolperiodictable.com,periodic table of iron,40500,44,https://www.coolperiodictable.com/iron/,per-element
coolperiodictable.com,table of elements fe,40500,35,https://www.coolperiodictable.com/iron/,per-element
coolperiodictable.com,table of elements iron,40500,35,https://www.coolperiodictable.com/iron/,per-element
coolperiodictable.com,metal and non-metal periodic table,33100,49,http://www.coolperiodictable.com/resources/nonmetals/other-nonmetals/,trend
coolperiodictable.com,metal and nonmetals periodic table,33100,44,http://www.coolperiodictable.com/resources/nonmetals/other-nonmetals/,trend
coolperiodictable.com,metal or nonmetal periodic table,33100,51,https://www.coolperiodictable.com/resources/nonmetals/,trend
coolperiodictable.com,metals and non metals in periodic table,33100,41,https://www.coolperiodictable.com/resources/nonmetals/,trend
coolperiodictable.com,metals and non metals in the periodic table,33100,37,https://www.coolperiodictable.com/resources/nonmetals/,trend
coolperiodictable.com,metals and non metals on periodic table,33100,39,https://www.coolperiodictable.com/resources/nonmetals/,trend
coolperiodictable.com,metals and non-metals in periodic table,33100,40,https://www.coolperiodictable.com/resources/nonmetals/,trend
coolperiodictable.com,metals and non-metals on periodic table,33100,39,https://www.coolperiodictable.com/resources/nonmetals/,trend
coolperiodictable.com,metals and nonmetal periodic table,33100,38,https://www.coolperiodictable.com/resources/nonmetals/,trend
coolperiodictable.com,metals and nonmetals in periodic table,33100,37,https://www.coolperiodictable.com/resources/nonmetals/,trend
coolperiodictable.com,metals and nonmetals on periodic table,33100,51,http://www.coolperiodictable.com/resources/nonmetals/other-nonmetals/,trend
coolperiodictable.com,metals nonmetals on periodic table,33100,49,http://www.coolperiodictable.com/resources/nonmetals/other-nonmetals/,trend
coolperiodictable.com,metals or nonmetals on periodic table,33100,47,http://www.coolperiodictable.com/resources/nonmetals/other-nonmetals/,trend
coolperiodictable.com,metals vs nonmetals periodic table,33100,44,https://www.coolperiodictable.com/resources/nonmetals/,trend
coolperiodictable.com,non metal periodic table,33100,29,http://www.coolperiodictable.com/resources/nonmetals/other-nonmetals/,trend
coolperiodictable.com,non metals of periodic table,33100,15,http://www.coolperiodictable.com/resources/nonmetals/other-nonmetals/,trend
coolperiodictable.com,non metals periodic table,33100,30,http://www.coolperiodictable.com/resources/nonmetals/other-nonmetals/,trend
coolperiodictable.com,non metals periodic table of elements,33100,29,http://www.coolperiodictable.com/resources/nonmetals/other-nonmetals/,trend
coolperiodictable.com,non-metal periodic table,33100,13,http://www.coolperiodictable.com/resources/nonmetals/other-nonmetals/,trend
coolperiodictable.com,nonmetal and metal periodic table,33100,37,https://www.coolperiodictable.com/resources/nonmetals/,trend
coolperiodictable.com,nonmetal periodic table,33100,29,http://www.coolperiodictable.com/resources/nonmetals/other-nonmetals/,trend
coolperiodictable.com,nonmetals and metals on periodic table,33100,38,https://www.coolperiodictable.com/resources/nonmetals/,trend
coolperiodictable.com,nonmetals and metals periodic table,33100,44,https://www.coolperiodictable.com/resources/nonmetals/,trend
coolperiodictable.com,periodic table metal non metal,33100,38,http://www.coolperiodictable.com/resources/nonmetals/other-nonmetals/,trend
coolperiodictable.com,periodic table nonmetals and metals,33100,32,https://www.coolperiodictable.com/resources/nonmetals/,trend
coolperiodictable.com,periodic table of metals and nonmetals,33100,58,http://www.coolperiodictable.com/resources/nonmetals/other-nonmetals/,trend
coolperiodictable.com,table of elements metals and nonmetals,33100,58,https://www.coolperiodictable.com/resources/nonmetals/,trend
coolperiodictable.com,iron on table of elements,27100,55,https://www.coolperiodictable.com/iron/,per-element
coolperiodictable.com,na in the periodic table,27100,49,https://www.coolperiodictable.com/sodium/,per-element
coolperiodictable.com,natrium periodic table,27100,50,https://www.coolperiodictable.com/sodium/,other
coolperiodictable.com,periodic table na,27100,48,https://www.coolperiodictable.com/sodium/,per-element
coolperiodictable.com,periodic table of elements sodium,27100,42,https://www.coolperiodictable.com/sodium/,per-element
coolperiodictable.com,periodic table sodium,27100,51,https://www.coolperiodictable.com/sodium/,per-element
coolperiodictable.com,sodium element periodic table,27100,61,https://www.coolperiodictable.com/sodium/,per-element
coolperiodictable.com,sodium in the periodic table,27100,61,https://www.coolperiodictable.com/sodium/,per-element
coolperiodictable.com,sodium on periodic table of elements,27100,61,https://www.coolperiodictable.com/sodium/,per-element
coolperiodictable.com,sodium on the periodic table,27100,55,https://www.coolperiodictable.com/sodium/,per-element
coolperiodictable.com,sodium periodic table,27100,46,https://www.coolperiodictable.com/sodium/,per-element
coolperiodictable.com,table of elements sodium,27100,28,https://www.coolperiodictable.com/sodium/,per-element
coolperiodictable.com,alkali and alkaline earth metals,22200,71,https://coolperiodictable.com/resources/metals/alkaline-earth-metals/,trend
coolperiodictable.com,alkaline earth,22200,55,https://www.coolperiodictable.com/resources/metals/alkaline-earth-metals/,trend
coolperiodictable.com,alkaline earth metal,22200,28,https://coolperiodictable.com/resources/metals/alkaline-earth-metals/,trend
coolperiodictable.com,alkaline earth metals,22200,61,https://www.coolperiodictable.com/resources/metals/alkaline-earth-metals/,trend
coolperiodictable.com,alkaline earths,22200,48,https://www.coolperiodictable.com/resources/metals/alkaline-earth-metals/,trend
coolperiodictable.com,earth alkali metal,22200,41,https://www.coolperiodictable.com/resources/metals/alkaline-earth-metals/,trend
coolperiodictable.com,element uuo,22200,22,https://www.coolperiodictable.com/ununoctium/,other
coolperiodictable.com,metals and the periodic table,22200,66,https://www.coolperiodictable.com/resources/metals/,trend
coolperiodictable.com,metals elements on the periodic table,22200,37,https://www.coolperiodictable.com/resources/metals/,trend
coolperiodictable.com,metals on periodic table of elements,22200,63,https://www.coolperiodictable.com/resources/metals/,trend
coolperiodictable.com,periodic table of elements metals,22200,34,https://www.coolperiodictable.com/resources/metals/,trend
coolperiodictable.com,periodic table of metals,22200,54,https://www.coolperiodictable.com/resources/metals/,trend
coolperiodictable.com,periodic table which are metals,22200,71,https://www.coolperiodictable.com/resources/metals/,trend
coolperiodictable.com,te element,22200,26,https://www.coolperiodictable.com/tellurium/,per-element
coolperiodictable.com,the metals in the periodic table,22200,27,https://www.coolperiodictable.com/resources/metals/,trend
coolperiodictable.com,uuo noble gas,22200,5,https://www.coolperiodictable.com/resources/nonmetals/noble-gas/,trend
coolperiodictable.com,chemical element lead,18100,75,http://coolperiodictable.com/lead/lead-facts/,per-element
coolperiodictable.com,copper element periodic table,18100,40,https://www.coolperiodictable.com/copper/,per-element
coolperiodictable.com,copper in periodic table,18100,50,https://www.coolperiodictable.com/copper/,per-element
coolperiodictable.com,copper in the periodic table,18100,57,https://www.coolperiodictable.com/copper/,per-element
coolperiodictable.com,copper on periodic table,18100,56,https://www.coolperiodictable.com/copper/,per-element
coolperiodictable.com,copper on the periodic table,18100,60,https://www.coolperiodictable.com/copper/,per-element
coolperiodictable.com,copper periodic table,18100,52,https://www.coolperiodictable.com/copper/,per-element
coolperiodictable.com,copper table of elements,18100,30,https://www.coolperiodictable.com/copper/,per-element
coolperiodictable.com,cu element periodic table,18100,38,https://www.coolperiodictable.com/copper/,per-element
coolperiodictable.com,cu on the periodic table,18100,60,https://www.coolperiodictable.com/copper/,per-element
coolperiodictable.com,cu periodic table,18100,53,https://www.coolperiodictable.com/copper/,per-element
coolperiodictable.com,electron configuration and periodic table,18100,41,http://www.coolperiodictable.com/electron-configuration/periodic-table-with-electron-configuration/,other
coolperiodictable.com,electron configuration from periodic table,18100,44,http://www.coolperiodictable.com/electron-configuration/periodic-table-with-electron-configuration/,other
coolperiodictable.com,electron configuration in periodic table,18100,44,http://www.coolperiodictable.com/electron-configuration/periodic-table-with-electron-configuration/,per-element
coolperiodictable.com,electron configuration table of elements,18100,70,http://www.coolperiodictable.com/electron-configuration/periodic-table-with-electron-configuration/,other
coolperiodictable.com,electron configuration with periodic table,18100,38,http://www.coolperiodictable.com/electron-configuration/periodic-table-with-electron-configuration/,other
coolperiodictable.com,electronic configuration and periodic table,18100,38,http://www.coolperiodictable.com/electron-configuration/periodic-table-with-electron-configuration/,other
coolperiodictable.com,electronic configuration and the periodic table,18100,46,http://www.coolperiodictable.com/electron-configuration/periodic-table-with-electron-configuration/,other
coolperiodictable.com,electronic configuration in periodic table,18100,39,http://www.coolperiodictable.com/electron-configuration/periodic-table-with-electron-configuration/,per-element
coolperiodictable.com,element cu periodic table,18100,36,https://www.coolperiodictable.com/copper/,per-element
coolperiodictable.com,element gold periodic table,18100,50,https://www.coolperiodictable.com/gold/gold-facts/,per-element
coolperiodictable.com,element lead,18100,82,http://coolperiodictable.com/lead/lead-facts/,per-element
coolperiodictable.com,elemental lead,18100,84,http://coolperiodictable.com/lead/lead-facts/,per-element
coolperiodictable.com,elements of gold periodic table,18100,63,https://www.coolperiodictable.com/gold/gold-facts/,per-element
coolperiodictable.com,elements table gold,18100,49,https://www.coolperiodictable.com/gold/gold-facts/,per-element
coolperiodictable.com,gold au periodic table,18100,48,https://www.coolperiodictable.com/gold/gold-facts/,per-element
coolperiodictable.com,gold element periodic table,18100,54,https://www.coolperiodictable.com/gold/gold-facts/,per-element
coolperiodictable.com,gold elements periodic table,18100,43,https://www.coolperiodictable.com/gold/gold-facts/,per-element
coolperiodictable.com,gold in periodic table,18100,47,https://www.coolperiodictable.com/gold/gold-facts/,per-element
coolperiodictable.com,gold in periodic table of elements,18100,53,https://www.coolperiodictable.com/gold/gold-facts/,per-element
coolperiodictable.com,gold in the periodic table,18100,61,https://www.coolperiodictable.com/gold/gold-facts/,per-element
coolperiodictable.com,gold on periodic table of elements,18100,62,https://www.coolperiodictable.com/gold/gold-facts/,per-element
coolperiodictable.com,gold on the periodic table,18100,61,https://www.coolperiodictable.com/gold/gold-facts/,per-element
coolperiodictable.com,gold periodic table element,18100,52,https://www.coolperiodictable.com/gold/gold-facts/,per-element
coolperiodictable.com,gold periodic table of elements,18100,52,https://www.coolperiodictable.com/gold/gold-facts/,per-element
coolperiodictable.com,group 17 periodic table,18100,49,https://www.coolperiodictable.com/resources/nonmetals/halogens/,trend
coolperiodictable.com,halogen elements in periodic table,18100,15,https://www.coolperiodictable.com/resources/nonmetals/halogens/,trend
coolperiodictable.com,halogen elements periodic table,18100,10,https://www.coolperiodictable.com/resources/nonmetals/halogens/,trend
coolperiodictable.com,halogen in periodic table,18100,28,https://www.coolperiodictable.com/resources/nonmetals/halogens/,trend
coolperiodictable.com,halogen in the periodic table,18100,28,https://www.coolperiodictable.com/resources/nonmetals/halogens/,trend
coolperiodictable.com,halogen on periodic table,18100,29,https://www.coolperiodictable.com/resources/nonmetals/halogens/,trend
coolperiodictable.com,halogen on the periodic table,18100,31,https://www.coolperiodictable.com/resources/nonmetals/halogens/,trend
coolperiodictable.com,halogen periodic table,18100,24,https://www.coolperiodictable.com/resources/nonmetals/halogens/,trend
coolperiodictable.com,halogens elements periodic table,18100,25,https://www.coolperiodictable.com/resources/nonmetals/halogens/,other
coolperiodictable.com,halogens in the periodic table,18100,33,https://www.coolperiodictable.com/resources/nonmetals/halogens/,per-element
coolperiodictable.com,halogens on periodic table,18100,30,https://www.coolperiodictable.com/resources/nonmetals/halogens/,other
coolperiodictable.com,halogens on the periodic table,18100,33,https://www.coolperiodictable.com/resources/nonmetals/halogens/,other
coolperiodictable.com,halogens on the periodic table of elements,18100,29,https://www.coolperiodictable.com/resources/nonmetals/halogens/,other
coolperiodictable.com,halogens periodic table,18100,38,https://www.coolperiodictable.com/resources/nonmetals/halogens/,other
coolperiodictable.com,lead element,18100,67,http://coolperiodictable.com/lead/lead-facts/,per-element
coolperiodictable.com,lead the element,18100,67,http://coolperiodictable.com/lead/lead-facts/,per-element
coolperiodictable.com,pb chemical element,18100,95,https://www.coolperiodictable.com/lead/,per-element
coolperiodictable.com,period in a periodic table,18100,54,https://www.coolperiodictable.com/resources/periodic-table-periods/,trend
coolperiodictable.com,period in the periodic table,18100,36,https://www.coolperiodictable.com/resources/periodic-table-periods/,trend
coolperiodictable.com,period of a periodic table,18100,42,https://www.coolperiodictable.com/resources/periodic-table-periods/,trend
coolperiodictable.com,period of periodic table,18100,47,https://www.coolperiodictable.com/resources/periodic-table-periods/,trend
coolperiodictable.com,period on the periodic table,18100,52,https://www.coolperiodictable.com/resources/periodic-table-periods/,trend
coolperiodictable.com,periodic symbol for gold,18100,55,https://www.coolperiodictable.com/gold/gold-facts/,per-element
coolperiodictable.com,periodic table copper,18100,47,https://www.coolperiodictable.com/copper/,per-element
coolperiodictable.com,periodic table copper element,18100,54,https://www.coolperiodictable.com/copper/,per-element
coolperiodictable.com,periodic table cu,18100,46,https://www.coolperiodictable.com/copper/,per-element
coolperiodictable.com,periodic table element gold,18100,54,https://www.coolperiodictable.com/gold/gold-facts/,per-element
coolperiodictable.com,periodic table elements gold,18100,43,https://www.coolperiodictable.com/gold/gold-facts/,per-element
coolperiodictable.com,periodic table gold element,18100,56,https://www.coolperiodictable.com/gold/gold-facts/,per-element
coolperiodictable.com,periodic table halogens,18100,32,https://www.coolperiodictable.com/resources/nonmetals/halogens/,other
coolperiodictable.com,periodic table of copper,18100,50,https://www.coolperiodictable.com/copper/,per-element
coolperiodictable.com,periodic table of element gold,18100,60,https://www.coolperiodictable.com/gold/gold-facts/,per-element
coolperiodictable.com,periodic table of elements copper,18100,48,https://www.coolperiodictable.com/copper/,per-element
coolperiodictable.com,periodic table of elements cu,18100,35,https://www.coolperiodictable.com/copper/,per-element
coolperiodictable.com,periodic table of elements halogens,18100,33,https://www.coolperiodictable.com/resources/nonmetals/halogens/,other
coolperiodictable.com,periodic table of elements period,18100,68,https://www.coolperiodictable.com/resources/periodic-table-periods/,trend
coolperiodictable.com,periodic table of elements periods,18100,61,https://www.coolperiodictable.com/resources/periodic-table-periods/,trend
coolperiodictable.com,periodic table of gold,18100,51,https://www.coolperiodictable.com/gold/gold-facts/,per-element
coolperiodictable.com,periodic table of halogens,18100,25,https://www.coolperiodictable.com/resources/nonmetals/halogens/,other
coolperiodictable.com,periodic table periods,18100,40,https://www.coolperiodictable.com/resources/periodic-table-periods/,trend
coolperiodictable.com,periodic table what is a period,18100,59,https://www.coolperiodictable.com/resources/periodic-table-periods/,trend
coolperiodictable.com,periodic table with electron configuration,18100,43,http://www.coolperiodictable.com/electron-configuration/periodic-table-with-electron-configuration/,other
coolperiodictable.com,periodic table with periods,18100,49,https://www.coolperiodictable.com/resources/periodic-table-periods/,trend
coolperiodictable.com,periods in periodic table,18100,35,https://www.coolperiodictable.com/resources/periodic-table-periods/,trend
coolperiodictable.com,periods in the periodic table,18100,50,https://www.coolperiodictable.com/resources/periodic-table-periods/,trend
coolperiodictable.com,periods of periodic table,18100,41,https://www.coolperiodictable.com/resources/periodic-table-periods/,trend
coolperiodictable.com,periods of the periodic table,18100,47,https://www.coolperiodictable.com/resources/periodic-table-periods/,trend
coolperiodictable.com,periods on periodic table,18100,38,https://www.coolperiodictable.com/resources/periodic-table-periods/,trend
coolperiodictable.com,periods on the periodic table,18100,44,https://www.coolperiodictable.com/resources/periodic-table-periods/,trend
coolperiodictable.com,periods periodic table,18100,39,https://www.coolperiodictable.com/resources/periodic-table-periods/,trend
coolperiodictable.com,ph levels,18100,65,http://coolperiodictable.com/resources/acids-and-bases/pH-of-some-common-substances.php,other
coolperiodictable.com,table of elements copper,18100,49,https://www.coolperiodictable.com/copper/,per-element
coolperiodictable.com,table of elements with electron configuration,18100,80,http://www.coolperiodictable.com/electron-configuration/periodic-table-with-electron-configuration/,other
coolperiodictable.com,ag element periodic table,14800,54,https://www.coolperiodictable.com/silver/,per-element
coolperiodictable.com,ag in periodic table,14800,39,https://www.coolperiodictable.com/silver/,per-element
coolperiodictable.com,ag periodic table,14800,52,https://coolperiodictable.com/silver/silver-facts/,per-element
coolperiodictable.com,atomic number for o,14800,61,https://www.coolperiodictable.com/oxygen/,per-element
coolperiodictable.com,atomic number of o,14800,71,https://www.coolperiodictable.com/oxygen/,per-element
coolperiodictable.com,chemical formula for hydrogen peroxide,14800,73,https://www.coolperiodictable.com/hydrogen/hydrogen-peroxide.php,per-element
coolperiodictable.com,cool facts about the planet mercury,14800,60,https://coolperiodictable.com/mercury/mercury-facts/,per-element
coolperiodictable.com,element lead periodic table,14800,14,https://www.coolperiodictable.com/lead/,per-element
coolperiodictable.com,element pb periodic table,14800,24,https://www.coolperiodictable.com/lead/,per-element
coolperiodictable.com,element silver,14800,69,https://coolperiodictable.com/silver/silver-facts/,per-element
coolperiodictable.com,element sn periodic table,14800,50,https://www.coolperiodictable.com/tin/,per-element
coolperiodictable.com,element tin periodic table,14800,18,http://coolperiodictable.com/tin/tin-facts/,per-element
coolperiodictable.com,elements for silver,14800,49,https://coolperiodictable.com/silver/silver-facts/,per-element
coolperiodictable.com,gold on a periodic table,14800,63,https://www.coolperiodictable.com/gold/gold-facts/,per-element
coolperiodictable.com,lead element periodic table,14800,29,https://www.coolperiodictable.com/lead/,per-element
coolperiodictable.com,lead element table,14800,29,https://www.coolperiodictable.com/lead/,per-element
coolperiodictable.com,lead in periodic table,14800,28,https://www.coolperiodictable.com/lead/,per-element
coolperiodictable.com,lead on periodic table,14800,22,https://www.coolperiodictable.com/lead/,per-element
coolperiodictable.com,lead on the periodic table,14800,30,https://www.coolperiodictable.com/lead/,per-element
coolperiodictable.com,lead on the periodic table of elements,14800,33,https://www.coolperiodictable.com/lead/,per-element
coolperiodictable.com,lead periodic symbol,14800,62,http://coolperiodictable.com/lead/lead-facts/,per-element
coolperiodictable.com,lead periodic table,14800,25,https://www.coolperiodictable.com/lead/,per-element
coolperiodictable.com,lead table of elements,14800,26,https://www.coolperiodictable.com/lead/,per-element
coolperiodictable.com,pb element periodic table,14800,62,http://coolperiodictable.com/lead/lead-facts/,per-element
coolperiodictable.com,periodic symbol for silver,14800,54,https://coolperiodictable.com/silver/silver-facts/,per-element
coolperiodictable.com,periodic table element tin,14800,18,http://coolperiodictable.com/tin/tin-facts/,per-element
coolperiodictable.com,periodic table for gold,14800,48,https://www.coolperiodictable.com/gold/gold-facts/,per-element
coolperiodictable.com,periodic table lead,14800,22,https://www.coolperiodictable.com/lead/,per-element
coolperiodictable.com,periodic table of elements gold,14800,53,https://www.coolperiodictable.com/gold/gold-facts/,per-element
coolperiodictable.com,periodic table of elements lead,14800,21,https://www.coolperiodictable.com/lead/,per-element
coolperiodictable.com,periodic table of elements pb,14800,29,https://www.coolperiodictable.com/lead/,per-element
coolperiodictable.com,periodic table of elements tin,14800,9,http://coolperiodictable.com/tin/tin-facts/,per-element
coolperiodictable.com,periodic table of the elements lead,14800,21,https://www.coolperiodictable.com/lead/,per-element
coolperiodictable.com,periodic table tin,14800,17,http://coolperiodictable.com/tin/tin-facts/,per-element
coolperiodictable.com,silver element periodic table,14800,52,https://www.coolperiodictable.com/silver/,per-element
coolperiodictable.com,silver in periodic table,14800,51,https://www.coolperiodictable.com/silver/,per-element
coolperiodictable.com,silver on periodic table,14800,49,https://www.coolperiodictable.com/silver/,per-element
coolperiodictable.com,silver periodic symbol,14800,49,https://coolperiodictable.com/silver/silver-facts/,per-element
coolperiodictable.com,sn tin periodic table,14800,57,https://www.coolperiodictable.com/tin/,per-element
coolperiodictable.com,table of elements silver,14800,42,https://coolperiodictable.com/silver/silver-facts/,per-element
coolperiodictable.com,table of elements tin,14800,10,http://coolperiodictable.com/tin/tin-facts/,per-element
coolperiodictable.com,tin element on periodic table,14800,32,http://coolperiodictable.com/tin/tin-facts/,per-element
coolperiodictable.com,tin element periodic table,14800,25,http://coolperiodictable.com/tin/tin-facts/,per-element
coolperiodictable.com,tin in periodic table,14800,15,http://coolperiodictable.com/tin/tin-facts/,per-element
coolperiodictable.com,tin on periodic table,14800,10,http://coolperiodictable.com/tin/tin-facts/,per-element
coolperiodictable.com,tin on the periodic table,14800,18,http://coolperiodictable.com/tin/tin-facts/,per-element
coolperiodictable.com,tin periodic table,14800,15,http://coolperiodictable.com/tin/tin-facts/,per-element
coolperiodictable.com,alkali metal in periodic table,12100,94,https://www.coolperiodictable.com/resources/metals/alkaline-earth-metals/,trend
coolperiodictable.com,alkali metal on periodic table,12100,15,https://coolperiodictable.com/resources/metals/alkali-metals/,trend
coolperiodictable.com,alkali metal periodic table,12100,38,https://coolperiodictable.com/resources/metals/alkali-metals/,trend
coolperiodictable.com,alkali metals in periodic table,12100,46,https://coolperiodictable.com/resources/metals/alkali-metals/,trend
coolperiodictable.com,alkali metals in the periodic table,12100,43,https://coolperiodictable.com/resources/metals/alkali-metals/,trend
coolperiodictable.com,alkali metals of the periodic table,12100,43,https://coolperiodictable.com/resources/metals/alkali-metals/,trend
coolperiodictable.com,alkali metals on periodic table,12100,13,https://coolperiodictable.com/resources/metals/alkali-metals/,trend
coolperiodictable.com,alkali metals on the periodic table,12100,12,https://coolperiodictable.com/resources/metals/alkali-metals/,trend
coolperiodictable.com,alkali metals periodic table,12100,40,https://coolperiodictable.com/resources/metals/alkali-metals/,trend
coolperiodictable.com,atomic number for hydrogen,12100,53,https://www.coolperiodictable.com/hydrogen/,per-element
coolperiodictable.com,atomic number hydrogen,12100,35,https://www.coolperiodictable.com/hydrogen/,per-element
coolperiodictable.com,atomic number of h,12100,33,https://www.coolperiodictable.com/hydrogen/,per-element
coolperiodictable.com,atomic number of hydrogen,12100,33,https://www.coolperiodictable.com/hydrogen/,per-element
coolperiodictable.com,chemical element er,12100,71,https://www.coolperiodictable.com/erbium/,per-element
coolperiodictable.com,chemical element krypton,12100,95,https://www.coolperiodictable.com/krypton/,per-element
coolperiodictable.com,einsteinium,12100,69,https://www.coolperiodictable.com/einsteinium/,per-element
coolperiodictable.com,element er,12100,49,https://www.coolperiodictable.com/erbium/,per-element
coolperiodictable.com,element erbium,12100,51,https://www.coolperiodictable.com/erbium/,per-element
coolperiodictable.com,element gold symbol,12100,57,https://www.coolperiodictable.com/gold/gold-facts/,per-element
coolperiodictable.com,element mg periodic table,12100,33,https://www.coolperiodictable.com/magnesium/,per-element
coolperiodictable.com,element neon periodic table,12100,53,http://www.coolperiodictable.com/neon/,per-element
coolperiodictable.com,element oxygen periodic table,12100,66,https://www.coolperiodictable.com/oxygen/,per-element
coolperiodictable.com,element uus,12100,10,https://www.coolperiodictable.com/ununseptium/,other
coolperiodictable.com,er element,12100,49,https://www.coolperiodictable.com/erbium/,per-element
coolperiodictable.com,er elements,12100,42,https://www.coolperiodictable.com/erbium/,per-element
coolperiodictable.com,erbium element,12100,52,https://www.coolperiodictable.com/erbium/,per-element
coolperiodictable.com,gold atomic symbol,12100,57,https://www.coolperiodictable.com/gold/gold-facts/,per-element
coolperiodictable.com,gold element symbol,12100,66,https://www.coolperiodictable.com/gold/gold-facts/,per-element
coolperiodictable.com,h atomic number,12100,36,https://www.coolperiodictable.com/hydrogen/,per-element
coolperiodictable.com,hg element periodic table,12100,49,https://www.coolperiodictable.com/mercury/,per-element
coolperiodictable.com,hydrogen atom atomic number,12100,56,https://www.coolperiodictable.com/hydrogen/,per-element
coolperiodictable.com,hydrogen atom number,12100,59,https://www.coolperiodictable.com/hydrogen/,per-element
coolperiodictable.com,hydrogen atomic number,12100,47,https://www.coolperiodictable.com/hydrogen/,per-element
coolperiodictable.com,hydrogen's atomic number,12100,52,https://www.coolperiodictable.com/hydrogen/,per-element
coolperiodictable.com,kr elements,12100,40,https://www.coolperiodictable.com/krypton/,per-element
coolperiodictable.com,magnesium element,12100,74,https://www.coolperiodictable.com/magnesium/magnesium-facts/,per-element
coolperiodictable.com,magnesium element table,12100,43,https://www.coolperiodictable.com/magnesium/,per-element
coolperiodictable.com,magnesium on periodic table,12100,41,https://www.coolperiodictable.com/magnesium/,per-element
coolperiodictable.com,magnesium periodic table,12100,44,https://www.coolperiodictable.com/magnesium/,per-element
coolperiodictable.com,mercury element on periodic table,12100,40,https://coolperiodictable.com/mercury/mercury-facts/,per-element
coolperiodictable.com,mercury element periodic table,12100,36,https://coolperiodictable.com/mercury/mercury-facts/,per-element
coolperiodictable.com,mercury in periodic table,12100,28,https://coolperiodictable.com/mercury/mercury-facts/,per-element
coolperiodictable.com,mercury on periodic table,12100,31,https://coolperiodictable.com/mercury/mercury-facts/,per-element
coolperiodictable.com,mercury on the periodic table,12100,28,https://coolperiodictable.com/mercury/mercury-facts/,per-element
coolperiodictable.com,mercury periodic table,12100,32,https://coolperiodictable.com/mercury/mercury-facts/,per-element
coolperiodictable.com,mercury table of elements,12100,33,https://coolperiodictable.com/mercury/mercury-facts/,per-element
coolperiodictable.com,metals and nonmetals and metalloids on the periodic table,12100,64,https://www.coolperiodictable.com/resources/metalloids/,trend
coolperiodictable.com,metals nonmetals and metalloids in periodic table,12100,72,https://www.coolperiodictable.com/resources/metalloids/,trend
coolperiodictable.com,metals nonmetals and metalloids on periodic table,12100,68,https://www.coolperiodictable.com/resources/metalloids/,trend
coolperiodictable.com,metals nonmetals and metalloids on the periodic table,12100,60,https://www.coolperiodictable.com/resources/metalloids/,trend
coolperiodictable.com,metals nonmetals metalloids on periodic table,12100,68,https://www.coolperiodictable.com/resources/metalloids/,trend
coolperiodictable.com,mg element periodic table,12100,38,https://www.coolperiodictable.com/magnesium/,per-element
coolperiodictable.com,mg in periodic table,12100,35,https://www.coolperiodictable.com/magnesium/,per-element
coolperiodictable.com,mg on periodic table,12100,38,https://www.coolperiodictable.com/magnesium/,per-element
coolperiodictable.com,mg on the periodic table,12100,48,https://www.coolperiodictable.com/magnesium/,per-element
coolperiodictable.com,mg periodic table,12100,37,https://www.coolperiodictable.com/magnesium/,per-element
coolperiodictable.com,mgs periodic table,12100,38,https://www.coolperiodictable.com/magnesium/,other
coolperiodictable.com,molar mass of elements table,12100,60,https://coolperiodictable.com/resources/chemical-formulas/molecular-mass-and-formula-mass.php,other
coolperiodictable.com,ne on periodic table,12100,39,http://www.coolperiodictable.com/neon/,per-element
coolperiodictable.com,ne periodic table,12100,43,http://www.coolperiodictable.com/neon/,per-element
coolperiodictable.com,ne periodic table element,12100,44,http://www.coolperiodictable.com/neon/,per-element
coolperiodictable.com,neon element periodic table,12100,55,http://www.coolperiodictable.com/neon/,per-element
coolperiodictable.com,neon in periodic table,12100,44,http://www.coolperiodictable.com/neon/,per-element
coolperiodictable.com,neon on periodic table,12100,21,http://www.coolperiodictable.com/neon/,per-element
coolperiodictable.com,neon on the periodic table,12100,48,http://www.coolperiodictable.com/neon/,per-element
coolperiodictable.com,neon periodic table,12100,39,http://www.coolperiodictable.com/neon/,per-element
coolperiodictable.com,neon periodic table of elements,12100,52,http://www.coolperiodictable.com/neon/,per-element
coolperiodictable.com,neon table of elements,12100,43,http://www.coolperiodictable.com/neon/,per-element
coolperiodictable.com,number of proton in hydrogen,12100,56,https://www.coolperiodictable.com/hydrogen/,per-element
coolperiodictable.com,o element periodic table,12100,59,https://www.coolperiodictable.com/oxygen/,per-element
coolperiodictable.com,o2 on the periodic table,12100,50,https://coolperiodictable.com/oxygen/oxygen-facts/,per-element
coolperiodictable.com,o2 periodic table,12100,57,https://www.coolperiodictable.com/oxygen/,per-element
coolperiodictable.com,oxygen element periodic table,12100,66,https://www.coolperiodictable.com/oxygen/,per-element
coolperiodictable.com,oxygen in periodic table,12100,60,https://www.coolperiodictable.com/oxygen/,per-element
coolperiodictable.com,oxygen in the periodic table,12100,62,https://coolperiodictable.com/oxygen/oxygen-facts/,per-element
coolperiodictable.com,oxygen on periodic table,12100,60,https://www.coolperiodictable.com/oxygen/,per-element
coolperiodictable.com,oxygen on the periodic table,12100,67,https://coolperiodictable.com/oxygen/oxygen-facts/,per-element
coolperiodictable.com,oxygen periodic table,12100,55,https://www.coolperiodictable.com/oxygen/,per-element
coolperiodictable.com,oxygen table of elements,12100,30,https://www.coolperiodictable.com/oxygen/,per-element
coolperiodictable.com,periodic table alkali metal,12100,37,https://coolperiodictable.com/resources/metals/alkali-metals/,trend
coolperiodictable.com,periodic table alkali metals,12100,36,https://coolperiodictable.com/resources/metals/alkali-metals/,trend
coolperiodictable.com,periodic table element mercury,12100,30,https://coolperiodictable.com/mercury/mercury-facts/,per-element
coolperiodictable.com,periodic table element neon,12100,49,http://www.coolperiodictable.com/neon/,per-element
coolperiodictable.com,periodic table element oxygen,12100,57,https://www.coolperiodictable.com/oxygen/,per-element
coolperiodictable.com,periodic table elements oxygen,12100,54,https://www.coolperiodictable.com/oxygen/,per-element
coolperiodictable.com,periodic table for metals nonmetals and metalloids,12100,63,https://www.coolperiodictable.com/resources/metalloids/,trend
coolperiodictable.com,periodic table for oxygen,12100,50,https://www.coolperiodictable.com/oxygen/,per-element
coolperiodictable.com,periodic table magnesium,12100,43,https://www.coolperiodictable.com/magnesium/,per-element
coolperiodictable.com,periodic table mercury,12100,36,https://coolperiodictable.com/mercury/mercury-facts/,per-element
coolperiodictable.com,periodic table mg,12100,31,https://www.coolperiodictable.com/magnesium/,per-element
coolperiodictable.com,periodic table ne,12100,46,http://www.coolperiodictable.com/neon/,per-element
coolperiodictable.com,periodic table o2,12100,52,https://www.coolperiodictable.com/oxygen/,per-element
coolperiodictable.com,periodic table of alkali metals,12100,41,https://coolperiodictable.com/resources/metals/alkali-metals/,trend
coolperiodictable.com,periodic table of elements alkali metals,12100,43,https://coolperiodictable.com/resources/metals/alkali-metals/,trend
coolperiodictable.com,periodic table of elements hg,12100,49,https://www.coolperiodictable.com/mercury/,per-element
coolperiodictable.com,periodic table of elements magnesium,12100,44,https://www.coolperiodictable.com/magnesium/,per-element
coolperiodictable.com,periodic table of elements mercury,12100,31,https://coolperiodictable.com/mercury/mercury-facts/,per-element
coolperiodictable.com,periodic table of elements metals nonmetals metalloids,12100,74,https://www.coolperiodictable.com/resources/metalloids/,trend
coolperiodictable.com,periodic table of elements mg,12100,39,https://www.coolperiodictable.com/magnesium/,per-element
coolperiodictable.com,periodic table of elements ne,12100,52,http://www.coolperiodictable.com/neon/,per-element
coolperiodictable.com,periodic table of elements neon,12100,45,http://www.coolperiodictable.com/neon/,per-element
coolperiodictable.com,periodic table of elements oxygen,12100,40,https://coolperiodictable.com/oxygen/oxygen-facts/,per-element
coolperiodictable.com,periodic table of oxygen,12100,43,https://coolperiodictable.com/oxygen/oxygen-facts/,per-element
coolperiodictable.com,periodic table of the elements neon,12100,51,http://www.coolperiodictable.com/neon/,per-element
coolperiodictable.com,periodic table oxygen,12100,54,https://www.coolperiodictable.com/oxygen/,per-element
coolperiodictable.com,periodic table with alkali metals,12100,37,https://coolperiodictable.com/resources/metals/alkali-metals/,trend
coolperiodictable.com,table of elements hg,12100,47,https://www.coolperiodictable.com/mercury/,per-element
coolperiodictable.com,table of elements magnesium,12100,40,https://www.coolperiodictable.com/magnesium/,per-element
coolperiodictable.com,table of elements mercury,12100,24,https://coolperiodictable.com/mercury/mercury-facts/,per-element
coolperiodictable.com,table of elements oxygen,12100,27,https://coolperiodictable.com/oxygen/oxygen-facts/,per-element
coolperiodictable.com,uus element,12100,9,https://www.coolperiodictable.com/ununseptium/,other
coolperiodictable.com,atom size periodic table,9900,39,https://www.coolperiodictable.com/resources/solids/atomic-radius.php,other
coolperiodictable.com,atomic gold number,9900,65,https://www.coolperiodictable.com/gold/gold-facts/,per-element
coolperiodictable.com,atomic no of gold,9900,68,https://www.coolperiodictable.com/gold/gold-facts/,per-element
coolperiodictable.com,atomic number for gold,9900,61,https://www.coolperiodictable.com/gold/gold-facts/,per-element
coolperiodictable.com,atomic number gold,9900,63,https://www.coolperiodictable.com/gold/gold-facts/,per-element
coolperiodictable.com,atomic number of gold,9900,64,https://www.coolperiodictable.com/gold/gold-facts/,per-element
coolperiodictable.com,atomic number of lithium,9900,62,https://www.coolperiodictable.com/lithium/,per-element
coolperiodictable.com,atomic radii in periodic table,9900,51,https://www.coolperiodictable.com/resources/solids/atomic-radius.php,per-element
coolperiodictable.com,atomic radii in the periodic table,9900,46,https://www.coolperiodictable.com/resources/solids/atomic-radius.php,per-element
coolperiodictable.com,atomic radii of elements in periodic table,9900,44,https://www.coolperiodictable.com/resources/solids/atomic-radius.php,per-element
coolperiodictable.com,atomic radii on periodic table,9900,42,https://www.coolperiodictable.com/resources/solids/atomic-radius.php,other
coolperiodictable.com,atomic radius and periodic table,9900,52,https://www.coolperiodictable.com/resources/solids/atomic-radius.php,trend
coolperiodictable.com,atomic radius in periodic table,9900,66,https://www.coolperiodictable.com/resources/solids/atomic-radius.php,trend
coolperiodictable.com,atomic radius in the periodic table,9900,60,https://www.coolperiodictable.com/resources/solids/atomic-radius.php,trend
coolperiodictable.com,atomic radius of elements in periodic table,9900,59,https://www.coolperiodictable.com/resources/solids/atomic-radius.php,trend
coolperiodictable.com,atomic radius of periodic table,9900,69,https://www.coolperiodictable.com/resources/solids/atomic-radius.php,trend
coolperiodictable.com,atomic radius on periodic table,9900,53,https://www.coolperiodictable.com/resources/solids/atomic-radius.php,trend
coolperiodictable.com,atomic radius periodic table,9900,38,https://www.coolperiodictable.com/resources/solids/atomic-radius.php,trend
coolperiodictable.com,br element periodic table,9900,19,https://www.coolperiodictable.com/bromine/,per-element
coolperiodictable.com,br in periodic table,9900,20,https://www.coolperiodictable.com/bromine/,per-element
coolperiodictable.com,br on the periodic table,9900,41,https://www.coolperiodictable.com/bromine/,per-element
coolperiodictable.com,br on the periodic table of elements,9900,37,https://www.coolperiodictable.com/bromine/,per-element
coolperiodictable.com,br periodic table,9900,25,https://www.coolperiodictable.com/bromine/,per-element
coolperiodictable.com,br periodic table of elements,9900,30,https://www.coolperiodictable.com/bromine/,per-element
coolperiodictable.com,br table of elements,9900,28,https://www.coolperiodictable.com/bromine/,per-element
coolperiodictable.com,bromine in periodic table,9900,28,https://www.coolperiodictable.com/bromine/,per-element
coolperiodictable.com,bromine on periodic table,9900,21,https://www.coolperiodictable.com/bromine/,per-element
coolperiodictable.com,bromine on the periodic table,9900,27,https://www.coolperiodictable.com/bromine/,per-element
coolperiodictable.com,bromine periodic table,9900,26,https://www.coolperiodictable.com/bromine/,per-element
coolperiodictable.com,carbon in the periodic table,9900,58,https://www.coolperiodictable.com/carbon/,per-element
coolperiodictable.com,carbon on the periodic table,9900,58,https://www.coolperiodictable.com/carbon/,per-element
coolperiodictable.com,carbon periodic table,9900,53,https://www.coolperiodictable.com/carbon/,per-element
coolperiodictable.com,carbon table of elements,9900,37,https://www.coolperiodictable.com/carbon/,per-element
coolperiodictable.com,chemical element gold,9900,65,https://www.coolperiodictable.com/gold/gold-facts/,per-element
coolperiodictable.com,chemical elements gold,9900,74,https://www.coolperiodictable.com/gold/gold-facts/,per-element
coolperiodictable.com,chemistry element table pdf,9900,81,https://www.coolperiodictable.com/printables/printable-color-periodic-table.pdf,other
coolperiodictable.com,chemistry elements table pdf,9900,94,https://www.coolperiodictable.com/printables/printable-color-periodic-table.pdf,other
coolperiodictable.com,chlorine element table,9900,33,https://www.coolperiodictable.com/chlorine/,per-element
coolperiodictable.com,chlorine gas periodic table,9900,53,https://www.coolperiodictable.com/chlorine/,per-element
coolperiodictable.com,chlorine in periodic table,9900,48,https://www.coolperiodictable.com/chlorine/,per-element
coolperiodictable.com,chlorine on periodic table,9900,54,https://www.coolperiodictable.com/chlorine/,per-element
coolperiodictable.com,chlorine on the periodic table,9900,60,https://www.coolperiodictable.com/chlorine/,per-element
coolperiodictable.com,chlorine periodic table,9900,44,https://www.coolperiodictable.com/chlorine/,per-element
coolperiodictable.com,cl element periodic table,9900,33,https://www.coolperiodictable.com/chlorine/,per-element
coolperiodictable.com,cl in periodic table,9900,52,https://www.coolperiodictable.com/chlorine/,per-element
coolperiodictable.com,cl periodic table,9900,46,https://www.coolperiodictable.com/chlorine/,per-element
coolperiodictable.com,element br periodic table,9900,28,https://www.coolperiodictable.com/bromine/,per-element
coolperiodictable.com,element carbon periodic table,9900,54,https://www.coolperiodictable.com/carbon/,per-element
coolperiodictable.com,element for gold,9900,57,https://www.coolperiodictable.com/gold/gold-facts/,per-element
coolperiodictable.com,element k periodic table,9900,49,https://www.coolperiodictable.com/potassium/,per-element
coolperiodictable.com,element ni,9900,60,https://www.coolperiodictable.com/nickel/,per-element
coolperiodictable.com,element of gold,9900,60,https://www.coolperiodictable.com/gold/gold-facts/,per-element
coolperiodictable.com,element pm,9900,41,https://www.coolperiodictable.com/promethium/,per-element
coolperiodictable.com,elements of gold,9900,54,https://www.coolperiodictable.com/gold/gold-facts/,per-element
coolperiodictable.com,families in a periodic table,9900,84,https://www.coolperiodictable.com/resources/periodic-table-groups/,trend
coolperiodictable.com,fe atomic number,9900,60,https://www.coolperiodictable.com/iron/,per-element
coolperiodictable.com,gold atomic no,9900,71,https://www.coolperiodictable.com/gold/gold-facts/,per-element
coolperiodictable.com,gold atomic number,9900,71,https://www.coolperiodictable.com/gold/gold-facts/,per-element
coolperiodictable.com,gold chemical element,9900,69,https://www.coolperiodictable.com/gold/gold-facts/,per-element
coolperiodictable.com,gold element atomic number,9900,75,https://www.coolperiodictable.com/gold/gold-facts/,per-element
coolperiodictable.com,gold in table of elements,9900,59,https://www.coolperiodictable.com/gold/gold-facts/,per-element
coolperiodictable.com,gold periodic table,9900,54,https://www.coolperiodictable.com/gold/gold-facts/,per-element
coolperiodictable.com,gold the periodic table,9900,47,https://www.coolperiodictable.com/gold/gold-facts/,per-element
coolperiodictable.com,gold's atomic number,9900,67,https://www.coolperiodictable.com/gold/gold-facts/,per-element
coolperiodictable.com,h in periodic table,9900,50,https://www.coolperiodictable.com/hydrogen/,per-element
coolperiodictable.com,h in the periodic table,9900,56,https://www.coolperiodictable.com/hydrogen/,per-element
coolperiodictable.com,h on the periodic table,9900,53,https://www.coolperiodictable.com/hydrogen/,per-element
coolperiodictable.com,h periodic table,9900,52,https://www.coolperiodictable.com/hydrogen/,per-element
coolperiodictable.com,hydrogen element periodic table,9900,31,https://www.coolperiodictable.com/hydrogen/,per-element
coolperiodictable.com,hydrogen element table,9900,48,https://www.coolperiodictable.com/hydrogen/,per-element
coolperiodictable.com,hydrogen in periodic table,9900,50,https://www.coolperiodictable.com/hydrogen/,per-element
coolperiodictable.com,hydrogen in the periodic table,9900,63,https://www.coolperiodictable.com/hydrogen/,per-element
coolperiodictable.com,hydrogen on the periodic table,9900,57,https://www.coolperiodictable.com/hydrogen/,per-element
coolperiodictable.com,hydrogen periodic symbol,9900,42,https://www.coolperiodictable.com/hydrogen/,per-element
coolperiodictable.com,hydrogen periodic table,9900,44,https://www.coolperiodictable.com/hydrogen/,per-element
coolperiodictable.com,hydrogen periodic table of elements,9900,63,https://www.coolperiodictable.com/hydrogen/,per-element
coolperiodictable.com,hydrogen table of elements,9900,51,https://www.coolperiodictable.com/hydrogen/,per-element
coolperiodictable.com,in the periodic table what is a period,9900,61,https://www.coolperiodictable.com/resources/periodic-table-periods/,trend
coolperiodictable.com,inert gas on periodic table,9900,11,https://www.coolperiodictable.com/resources/nonmetals/noble-gas/,other
coolperiodictable.com,inert gas periodic table,9900,31,https://www.coolperiodictable.com/resources/nonmetals/noble-gas/,other
coolperiodictable.com,inert gases in periodic table,9900,14,https://www.coolperiodictable.com/resources/nonmetals/noble-gas/,per-element
coolperiodictable.com,inert gases in the periodic table,9900,13,https://www.coolperiodictable.com/resources/nonmetals/noble-gas/,per-element
coolperiodictable.com,inert gases periodic table,9900,14,https://www.coolperiodictable.com/resources/nonmetals/noble-gas/,other
coolperiodictable.com,iron atomic number,9900,59,https://www.coolperiodictable.com/iron/,per-element
coolperiodictable.com,iron element atomic number,9900,58,https://www.coolperiodictable.com/iron/,per-element
coolperiodictable.com,iron's atomic number,9900,60,https://www.coolperiodictable.com/iron/,per-element
coolperiodictable.com,k periodic table element,9900,47,https://www.coolperiodictable.com/potassium/,per-element
coolperiodictable.com,li element periodic table,9900,48,https://www.coolperiodictable.com/lithium/,per-element
coolperiodictable.com,li periodic table,9900,40,https://www.coolperiodictable.com/lithium/,per-element
coolperiodictable.com,lithium atomic number,9900,61,https://www.coolperiodictable.com/lithium/,per-element
coolperiodictable.com,lithium in periodic table,9900,41,https://www.coolperiodictable.com/lithium/,per-element
coolperiodictable.com,lithium on periodic table,9900,41,https://www.coolperiodictable.com/lithium/,per-element
coolperiodictable.com,lithium on the periodic table,9900,50,https://www.coolperiodictable.com/lithium/,per-element
coolperiodictable.com,lithium periodic table,9900,47,https://www.coolperiodictable.com/lithium/,per-element
coolperiodictable.com,noble elements in periodic table,9900,27,https://www.coolperiodictable.com/resources/nonmetals/noble-gas/,per-element
coolperiodictable.com,noble gas in the periodic table,9900,30,https://www.coolperiodictable.com/resources/nonmetals/noble-gas/,trend
coolperiodictable.com,noble gas on periodic table,9900,32,https://www.coolperiodictable.com/resources/nonmetals/noble-gas/,trend
coolperiodictable.com,noble gas on the periodic table,9900,32,https://www.coolperiodictable.com/resources/nonmetals/noble-gas/,trend
coolperiodictable.com,noble gas periodic table,9900,26,https://www.coolperiodictable.com/resources/nonmetals/noble-gas/,trend
coolperiodictable.com,noble gases in periodic table,9900,19,https://www.coolperiodictable.com/resources/nonmetals/noble-gas/,per-element
coolperiodictable.com,noble gases in the periodic table,9900,31,https://www.coolperiodictable.com/resources/nonmetals/noble-gas/,per-element
coolperiodictable.com,noble gases on periodic table,9900,24,https://www.coolperiodictable.com/resources/nonmetals/noble-gas/,other
coolperiodictable.com,noble gases on the periodic table,9900,30,https://www.coolperiodictable.com/resources/nonmetals/noble-gas/,other
coolperiodictable.com,noble gases on the periodic table of elements,9900,32,https://www.coolperiodictable.com/resources/nonmetals/noble-gas/,other
coolperiodictable.com,noble gases periodic table,9900,27,https://www.coolperiodictable.com/resources/nonmetals/noble-gas/,other
coolperiodictable.com,noble gasses on periodic table,9900,35,https://www.coolperiodictable.com/resources/nonmetals/noble-gas/,other
coolperiodictable.com,noble gasses periodic table,9900,29,https://www.coolperiodictable.com/resources/nonmetals/noble-gas/,other
coolperiodictable.com,periodic element cl,9900,47,https://www.coolperiodictable.com/chlorine/,per-element
coolperiodictable.com,periodic symbol for carbon,9900,51,https://www.coolperiodictable.com/carbon/,per-element
coolperiodictable.com,periodic table and atomic radius,9900,51,https://www.coolperiodictable.com/resources/solids/atomic-radius.php,trend
coolperiodictable.com,periodic table bromine,9900,24,https://www.coolperiodictable.com/bromine/,per-element
coolperiodictable.com,periodic table chlorine,9900,44,https://www.coolperiodictable.com/chlorine/,per-element
coolperiodictable.com,periodic table element hydrogen,9900,40,https://www.coolperiodictable.com/hydrogen/,per-element
coolperiodictable.com,periodic table for potassium,9900,54,https://www.coolperiodictable.com/potassium/,per-element
coolperiodictable.com,periodic table h,9900,49,https://www.coolperiodictable.com/hydrogen/,per-element
coolperiodictable.com,periodic table hydrogen,9900,42,https://www.coolperiodictable.com/hydrogen/,per-element
coolperiodictable.com,periodic table inert gases,9900,9,https://www.coolperiodictable.com/resources/nonmetals/noble-gas/,other
coolperiodictable.com,periodic table k element,9900,50,https://www.coolperiodictable.com/potassium/,per-element
coolperiodictable.com,periodic table li,9900,42,https://www.coolperiodictable.com/lithium/,per-element
coolperiodictable.com,periodic table lithium,9900,40,https://www.coolperiodictable.com/lithium/,per-element
coolperiodictable.com,periodic table noble gases,9900,24,https://www.coolperiodictable.com/resources/nonmetals/noble-gas/,other
coolperiodictable.com,periodic table of atomic radius,9900,52,https://www.coolperiodictable.com/resources/solids/atomic-radius.php,trend
coolperiodictable.com,periodic table of elements atomic radius,9900,44,https://www.coolperiodictable.com/resources/solids/atomic-radius.php,trend
coolperiodictable.com,periodic table of elements br,9900,38,https://www.coolperiodictable.com/bromine/,per-element
coolperiodictable.com,periodic table of elements bromine,9900,14,https://www.coolperiodictable.com/bromine/,per-element
coolperiodictable.com,periodic table of elements carbon,9900,34,https://www.coolperiodictable.com/carbon/,per-element
coolperiodictable.com,periodic table of elements chlorine,9900,42,https://www.coolperiodictable.com/chlorine/,per-element
coolperiodictable.com,periodic table of elements cl,9900,54,https://www.coolperiodictable.com/chlorine/,per-element
coolperiodictable.com,periodic table of elements hydrogen,9900,29,https://www.coolperiodictable.com/hydrogen/,per-element
coolperiodictable.com,periodic table of elements li,9900,48,https://www.coolperiodictable.com/lithium/,per-element
coolperiodictable.com,periodic table of elements noble gases,9900,33,https://www.coolperiodictable.com/resources/nonmetals/noble-gas/,other
coolperiodictable.com,periodic table of elements potassium,9900,53,https://www.coolperiodictable.com/potassium/,per-element
coolperiodictable.com,periodic table of elements transition metals,9900,28,https://www.coolperiodictable.com/resources/metals/inner-transition-metals/,trend
coolperiodictable.com,periodic table of elements with atomic radius,9900,47,https://www.coolperiodictable.com/resources/solids/atomic-radius.php,trend
coolperiodictable.com,periodic table of hydrogen,9900,48,https://www.coolperiodictable.com/hydrogen/,per-element
coolperiodictable.com,periodic table of lithium,9900,38,https://www.coolperiodictable.com/lithium/,per-element
coolperiodictable.com,periodic table of noble gases,9900,29,https://www.coolperiodictable.com/resources/nonmetals/noble-gas/,other
coolperiodictable.com,periodic table of potassium,9900,51,https://www.coolperiodictable.com/potassium/,per-element
coolperiodictable.com,periodic table potassium,9900,50,https://www.coolperiodictable.com/potassium/,per-element
coolperiodictable.com,periodic table transition elements,9900,37,https://www.coolperiodictable.com/resources/metals/inner-transition-metals/,trend
coolperiodictable.com,periodic table transition metals,9900,43,https://www.coolperiodictable.com/resources/metals/inner-transition-metals/,trend
coolperiodictable.com,periodic table with atomic radii,9900,46,https://www.coolperiodictable.com/resources/solids/atomic-radius.php,other
coolperiodictable.com,periodic table with atomic radius,9900,58,https://www.coolperiodictable.com/resources/solids/atomic-radius.php,trend
coolperiodictable.com,periodic table with atomic radius size,9900,54,https://www.coolperiodictable.com/resources/solids/atomic-radius.php,trend
coolperiodictable.com,periodic table with noble gases,9900,37,https://www.coolperiodictable.com/resources/nonmetals/noble-gas/,other
coolperiodictable.com,periodic table with transition metals,9900,41,https://www.coolperiodictable.com/resources/metals/inner-transition-metals/,trend
coolperiodictable.com,potassium on periodic table,9900,49,https://www.coolperiodictable.com/potassium/,per-element
coolperiodictable.com,potassium on the periodic table,9900,61,https://www.coolperiodictable.com/potassium/,per-element
coolperiodictable.com,potassium table of elements,9900,52,https://www.coolperiodictable.com/potassium/,per-element
coolperiodictable.com,se chemical element,9900,67,https://www.coolperiodictable.com/selenium/,per-element
coolperiodictable.com,silver periodic table,9900,47,https://www.coolperiodictable.com/silver/,per-element
coolperiodictable.com,table of elements br,9900,33,https://www.coolperiodictable.com/bromine/,per-element
coolperiodictable.com,table of elements chlorine,9900,38,https://www.coolperiodictable.com/chlorine/,per-element
coolperiodictable.com,table of elements lithium,9900,31,https://www.coolperiodictable.com/lithium/,per-element
coolperiodictable.com,table of elements noble gases,9900,9,https://www.coolperiodictable.com/resources/nonmetals/noble-gas/,other
coolperiodictable.com,table of elements pdf,9900,101,https://www.coolperiodictable.com/printables/printable-color-periodic-table.pdf,other
coolperiodictable.com,table of elements potassium,9900,38,https://www.coolperiodictable.com/potassium/,per-element
coolperiodictable.com,tin element,9900,38,http://coolperiodictable.com/tin/tin-facts/,per-element
coolperiodictable.com,tin is an element,9900,36,http://coolperiodictable.com/tin/tin-facts/,per-element
coolperiodictable.com,transition element in periodic table,9900,29,https://www.coolperiodictable.com/resources/metals/inner-transition-metals/,trend
coolperiodictable.com,transition element periodic table,9900,46,https://www.coolperiodictable.com/resources/metals/inner-transition-metals/,trend
coolperiodictable.com,transition elements in periodic table,9900,49,https://www.coolperiodictable.com/resources/metals/inner-transition-metals/,trend
coolperiodictable.com,transition elements of periodic table,9900,51,https://www.coolperiodictable.com/resources/metals/inner-transition-metals/,trend
coolperiodictable.com,transition elements on the periodic table,9900,48,https://www.coolperiodictable.com/resources/metals/inner-transition-metals/,trend
coolperiodictable.com,transition elements periodic table,9900,26,https://www.coolperiodictable.com/resources/metals/inner-transition-metals/,trend
coolperiodictable.com,transition metal in periodic table,9900,27,https://www.coolperiodictable.com/resources/metals/inner-transition-metals/,trend
coolperiodictable.com,transition metal on periodic table,9900,27,https://www.coolperiodictable.com/resources/metals/inner-transition-metals/,trend
coolperiodictable.com,transition metals in periodic table,9900,27,https://www.coolperiodictable.com/resources/metals/inner-transition-metals/,trend
coolperiodictable.com,transition metals in the periodic table,9900,29,https://www.coolperiodictable.com/resources/metals/inner-transition-metals/,trend
coolperiodictable.com,transition metals on a periodic table,9900,29,https://www.coolperiodictable.com/resources/metals/inner-transition-metals/,trend
coolperiodictable.com,transition metals on periodic table,9900,28,https://www.coolperiodictable.com/resources/metals/inner-transition-metals/,trend
coolperiodictable.com,transition metals on the periodic table,9900,25,https://www.coolperiodictable.com/resources/metals/inner-transition-metals/,trend
coolperiodictable.com,transition metals on the periodic table of elements,9900,47,https://www.coolperiodictable.com/resources/metals/inner-transition-metals/,trend
coolperiodictable.com,transition metals periodic table,9900,22,https://www.coolperiodictable.com/resources/metals/inner-transition-metals/,trend
coolperiodictable.com,what are periods in periodic table,9900,50,https://www.coolperiodictable.com/resources/periodic-table-periods/,trend
coolperiodictable.com,what are periods in the periodic table,9900,47,https://www.coolperiodictable.com/resources/periodic-table-periods/,trend
coolperiodictable.com,what are periods on periodic table,9900,52,https://www.coolperiodictable.com/resources/periodic-table-periods/,trend
coolperiodictable.com,what are periods on the periodic table,9900,49,https://www.coolperiodictable.com/resources/periodic-table-periods/,trend
coolperiodictable.com,what are the periods on the periodic table,9900,47,https://www.coolperiodictable.com/resources/periodic-table-periods/,trend
coolperiodictable.com,what is a period in a periodic table,9900,61,https://www.coolperiodictable.com/resources/periodic-table-periods/,trend
coolperiodictable.com,what is a period in periodic table,9900,67,https://www.coolperiodictable.com/resources/periodic-table-periods/,trend
coolperiodictable.com,what is a period in the periodic table,9900,61,https://www.coolperiodictable.com/resources/periodic-table-periods/,trend
coolperiodictable.com,what is a period on the periodic table,9900,60,https://www.coolperiodictable.com/resources/periodic-table-periods/,trend
coolperiodictable.com,what is a period periodic table,9900,64,https://www.coolperiodictable.com/resources/periodic-table-periods/,trend
coolperiodictable.com,what is period in periodic table,9900,64,https://www.coolperiodictable.com/resources/periodic-table-periods/,trend
coolperiodictable.com,what is the period in periodic table,9900,60,https://www.coolperiodictable.com/resources/periodic-table-periods/,trend
coolperiodictable.com,what is the period in the periodic table,9900,60,https://www.coolperiodictable.com/resources/periodic-table-periods/,trend
coolperiodictable.com,what is the period of a periodic table,9900,53,https://www.coolperiodictable.com/resources/periodic-table-periods/,trend
coolperiodictable.com,antimony periodic table,8100,50,https://www.coolperiodictable.com/antimony/,per-element
coolperiodictable.com,atomic no of cl,8100,55,https://www.coolperiodictable.com/chlorine/,per-element
coolperiodictable.com,atomic number cl,8100,58,https://www.coolperiodictable.com/chlorine/,per-element
coolperiodictable.com,atomic number of chlorine,8100,61,https://www.coolperiodictable.com/chlorine/,per-element
coolperiodictable.com,atomic number of ne,8100,58,http://www.coolperiodictable.com/neon/,per-element
coolperiodictable.com,atomic number of neon,8100,57,http://www.coolperiodictable.com/neon/,per-element
coolperiodictable.com,atomic structure theory timeline,8100,15,http://coolperiodictable.com/timelines/atomicstructure/,other
coolperiodictable.com,atomic structure timeline,8100,22,http://coolperiodictable.com/timelines/atomicstructure/,other
coolperiodictable.com,atomic symbol for silver,8100,81,https://www.coolperiodictable.com/silver/,per-element
coolperiodictable.com,atomic symbol of silver,8100,64,https://coolperiodictable.com/silver/silver-facts/,per-element
coolperiodictable.com,atomic symbol silver,8100,57,https://coolperiodictable.com/silver/silver-facts/,per-element
coolperiodictable.com,atomic timeline,8100,30,http://coolperiodictable.com/timelines/atomicstructure/,other
coolperiodictable.com,ba in periodic table,8100,30,https://www.coolperiodictable.com/barium/,per-element
coolperiodictable.com,ba on the periodic table,8100,32,https://www.coolperiodictable.com/barium/,per-element
coolperiodictable.com,ba periodic table,8100,40,https://www.coolperiodictable.com/barium/,per-element
coolperiodictable.com,barium element periodic table,8100,37,https://www.coolperiodictable.com/barium/,per-element
coolperiodictable.com,barium in periodic table,8100,55,https://www.coolperiodictable.com/barium/,per-element
coolperiodictable.com,barium on periodic table,8100,48,https://www.coolperiodictable.com/barium/,per-element
coolperiodictable.com,barium on the periodic table,8100,58,https://www.coolperiodictable.com/barium/,per-element
coolperiodictable.com,barium periodic table,8100,38,https://www.coolperiodictable.com/barium/,per-element
coolperiodictable.com,ca element periodic table,8100,53,https://www.coolperiodictable.com/calcium/,per-element
coolperiodictable.com,calcium element periodic table,8100,44,https://www.coolperiodictable.com/calcium/,per-element
coolperiodictable.com,calcium in periodic table,8100,40,https://www.coolperiodictable.com/calcium/,per-element
coolperiodictable.com,calcium on periodic table,8100,32,https://www.coolperiodictable.com/calcium/,per-element
coolperiodictable.com,calcium on the periodic table,8100,42,https://www.coolperiodictable.com/calcium/,per-element
coolperiodictable.com,calcium periodic table,8100,30,https://www.coolperiodictable.com/calcium/,per-element
coolperiodictable.com,carbon element,8100,39,https://www.coolperiodictable.com/carbon/carbon-facts/,per-element
coolperiodictable.com,chemical element of silver,8100,76,https://coolperiodictable.com/silver/silver-facts/,per-element
coolperiodictable.com,chemical element silver,8100,69,https://coolperiodictable.com/silver/silver-facts/,per-element
coolperiodictable.com,chemical element zinc,8100,51,https://www.coolperiodictable.com/zinc/zinc-facts/,per-element
coolperiodictable.com,chemical sign for silver,8100,67,https://coolperiodictable.com/silver/silver-facts/,per-element
coolperiodictable.com,chlorine atomic number,8100,56,https://www.coolperiodictable.com/chlorine/,per-element
coolperiodictable.com,element ca periodic table,8100,31,https://www.coolperiodictable.com/calcium/,per-element
coolperiodictable.com,element calcium periodic table,8100,38,https://www.coolperiodictable.com/calcium/,per-element
coolperiodictable.com,element zn periodic table,8100,33,https://www.coolperiodictable.com/zinc/zinc-facts/,per-element
coolperiodictable.com,elements of carbon,8100,59,https://www.coolperiodictable.com/carbon/carbon-facts/,per-element
coolperiodictable.com,gold element,8100,69,https://www.coolperiodictable.com/gold/gold-facts/,per-element
coolperiodictable.com,group names in periodic table,8100,31,https://www.coolperiodictable.com/resources/periodic-table-groups/,trend
coolperiodictable.com,group names of periodic table,8100,16,https://www.coolperiodictable.com/resources/periodic-table-groups/,trend
coolperiodictable.com,group names on periodic table,8100,17,https://www.coolperiodictable.com/resources/periodic-table-groups/,trend
coolperiodictable.com,groups in periodic table names,8100,17,https://www.coolperiodictable.com/resources/periodic-table-groups/,trend
coolperiodictable.com,groups names on the periodic table,8100,15,https://www.coolperiodictable.com/resources/periodic-table-groups/,trend
coolperiodictable.com,groups of periodic table names,8100,18,https://www.coolperiodictable.com/resources/periodic-table-groups/,trend
coolperiodictable.com,groups on periodic table names,8100,15,https://www.coolperiodictable.com/resources/periodic-table-groups/,trend
coolperiodictable.com,he element periodic table,8100,37,https://www.coolperiodictable.com/helium/,per-element
coolperiodictable.com,he in periodic table,8100,33,https://www.coolperiodictable.com/helium/,per-element
coolperiodictable.com,helium element periodic table,8100,44,https://www.coolperiodictable.com/helium/,per-element
coolperiodictable.com,helium element table,8100,43,https://www.coolperiodictable.com/helium/,per-element
coolperiodictable.com,helium in periodic table,8100,48,https://www.coolperiodictable.com/helium/,per-element
coolperiodictable.com,helium on periodic table,8100,48,https://www.coolperiodictable.com/helium/,per-element
coolperiodictable.com,helium on the periodic table,8100,58,https://www.coolperiodictable.com/helium/,per-element
coolperiodictable.com,helium periodic table,8100,52,https://www.coolperiodictable.com/helium/,per-element
coolperiodictable.com,how do i find oxidation numbers,8100,51,https://www.coolperiodictable.com/resources/chemical-formulas/monoatomic-ions-oxidation-numbers.php,per-element
coolperiodictable.com,how do i find the oxidation number,8100,45,https://www.coolperiodictable.com/resources/chemical-formulas/monoatomic-ions-oxidation-numbers.php,per-element
coolperiodictable.com,how to find a oxidation number,8100,54,https://www.coolperiodictable.com/resources/chemical-formulas/monoatomic-ions-oxidation-numbers.php,other
coolperiodictable.com,ionic radius,8100,27,https://www.coolperiodictable.com/resources/solids/ionic-radius.php,other
coolperiodictable.com,ionization radius,8100,27,https://www.coolperiodictable.com/resources/solids/ionic-radius.php,trend
coolperiodictable.com,list of nonmetals on periodic table,8100,25,http://www.coolperiodictable.com/resources/nonmetals/other-nonmetals/,trend
coolperiodictable.com,metalloid elements periodic table,8100,29,https://www.coolperiodictable.com/resources/metalloids/,trend
coolperiodictable.com,metalloid in periodic table,8100,31,https://www.coolperiodictable.com/resources/metalloids/,trend
coolperiodictable.com,metalloid on periodic table,8100,37,https://www.coolperiodictable.com/resources/metalloids/,trend
coolperiodictable.com,metalloid periodic table,8100,33,https://www.coolperiodictable.com/resources/metalloids/,trend
coolperiodictable.com,metalloids in periodic table,8100,41,https://www.coolperiodictable.com/resources/metalloids/,per-element
coolperiodictable.com,metalloids in the periodic table,8100,47,https://www.coolperiodictable.com/resources/metalloids/,per-element
coolperiodictable.com,metalloids on a periodic table,8100,43,https://www.coolperiodictable.com/resources/metalloids/,other
coolperiodictable.com,metalloids on the periodic table,8100,51,https://www.coolperiodictable.com/resources/metalloids/,other
coolperiodictable.com,metalloids periodic table,8100,40,https://www.coolperiodictable.com/resources/metalloids/,other
coolperiodictable.com,name of groups in periodic table,8100,18,https://www.coolperiodictable.com/resources/periodic-table-groups/,trend
coolperiodictable.com,name of the periodic table groups,8100,12,https://www.coolperiodictable.com/resources/periodic-table-groups/,trend
coolperiodictable.com,names for periodic table groups,8100,14,https://www.coolperiodictable.com/resources/periodic-table-groups/,trend
coolperiodictable.com,names of groups in periodic table,8100,19,https://www.coolperiodictable.com/resources/periodic-table-groups/,trend
coolperiodictable.com,ne atomic number,8100,58,http://www.coolperiodictable.com/neon/,per-element
coolperiodictable.com,neon atomic number,8100,66,http://www.coolperiodictable.com/neon/,per-element
coolperiodictable.com,neons atomic number,8100,62,http://www.coolperiodictable.com/neon/,other
coolperiodictable.com,non metals elements periodic table,8100,31,https://www.coolperiodictable.com/resources/nonmetals/,trend
coolperiodictable.com,non metals from the periodic table,8100,32,https://www.coolperiodictable.com/resources/nonmetals/,trend
coolperiodictable.com,nonmetal elements on the periodic table,8100,40,https://www.coolperiodictable.com/resources/nonmetals/,trend
coolperiodictable.com,nonmetal on periodic table,8100,11,http://www.coolperiodictable.com/resources/nonmetals/other-nonmetals/,trend
coolperiodictable.com,nonmetals in periodic table,8100,48,https://www.coolperiodictable.com/resources/nonmetals/,trend
coolperiodictable.com,nonmetals in the periodic table,8100,27,https://www.coolperiodictable.com/resources/nonmetals/,trend
coolperiodictable.com,nonmetals on periodic table,8100,17,http://www.coolperiodictable.com/resources/nonmetals/other-nonmetals/,trend
coolperiodictable.com,nonmetals on the periodic table,8100,26,http://www.coolperiodictable.com/resources/nonmetals/other-nonmetals/,trend
coolperiodictable.com,nonmetals periodic table,8100,18,http://www.coolperiodictable.com/resources/nonmetals/other-nonmetals/,trend
coolperiodictable.com,periodic element zinc,8100,42,https://www.coolperiodictable.com/zinc/zinc-facts/,per-element
coolperiodictable.com,periodic table and group names,8100,18,https://www.coolperiodictable.com/resources/periodic-table-groups/,trend
coolperiodictable.com,periodic table and names of groups,8100,14,https://www.coolperiodictable.com/resources/periodic-table-groups/,trend
coolperiodictable.com,periodic table ba,8100,39,https://www.coolperiodictable.com/barium/,per-element
coolperiodictable.com,periodic table barium,8100,44,https://www.coolperiodictable.com/barium/,per-element
coolperiodictable.com,periodic table calcium,8100,27,https://www.coolperiodictable.com/calcium/,per-element
coolperiodictable.com,periodic table element ba,8100,39,https://www.coolperiodictable.com/barium/,per-element
coolperiodictable.com,periodic table element group names,8100,14,https://www.coolperiodictable.com/resources/periodic-table-groups/,trend
coolperiodictable.com,periodic table elements zinc,8100,42,https://www.coolperiodictable.com/zinc/zinc-facts/,per-element
coolperiodictable.com,periodic table for sulfur,8100,54,https://www.coolperiodictable.com/sulfur/sulfur-facts/,per-element
coolperiodictable.com,periodic table for zinc,8100,39,https://www.coolperiodictable.com/zinc/zinc-facts/,per-element
coolperiodictable.com,periodic table groups with names,8100,12,https://www.coolperiodictable.com/resources/periodic-table-groups/,trend
coolperiodictable.com,periodic table helium,8100,45,https://www.coolperiodictable.com/helium/,per-element
coolperiodictable.com,periodic table name of groups,8100,26,https://www.coolperiodictable.com/resources/periodic-table-groups/,trend
coolperiodictable.com,periodic table names of groups,8100,15,https://www.coolperiodictable.com/resources/periodic-table-groups/,trend
coolperiodictable.com,periodic table nonmetals,8100,35,http://www.coolperiodictable.com/resources/nonmetals/other-nonmetals/,trend
coolperiodictable.com,periodic table of elements and group names,8100,15,https://www.coolperiodictable.com/resources/periodic-table-groups/,trend
coolperiodictable.com,periodic table of elements ba,8100,37,https://www.coolperiodictable.com/barium/,per-element
coolperiodictable.com,periodic table of elements barium,8100,45,https://www.coolperiodictable.com/barium/,per-element
coolperiodictable.com,periodic table of elements ca,8100,28,https://www.coolperiodictable.com/calcium/,per-element
coolperiodictable.com,periodic table of elements calcium,8100,18,https://www.coolperiodictable.com/calcium/,per-element
coolperiodictable.com,periodic table of elements group names,8100,15,https://www.coolperiodictable.com/resources/periodic-table-groups/,trend
coolperiodictable.com,periodic table of elements helium,8100,51,https://www.coolperiodictable.com/helium/,per-element
coolperiodictable.com,periodic table of elements metalloids,8100,42,https://www.coolperiodictable.com/resources/metalloids/,other
coolperiodictable.com,periodic table of elements nonmetals,8100,11,http://www.coolperiodictable.com/resources/nonmetals/other-nonmetals/,trend
coolperiodictable.com,periodic table of elements sb,8100,61,https://www.coolperiodictable.com/antimony/,per-element
coolperiodictable.com,periodic table of elements sulfur,8100,47,https://www.coolperiodictable.com/sulfur/sulfur-facts/,per-element
coolperiodictable.com,periodic table of elements with group names,8100,16,https://www.coolperiodictable.com/resources/periodic-table-groups/,trend
coolperiodictable.com,periodic table of elements with metalloids,8100,40,https://www.coolperiodictable.com/resources/metalloids/,other
coolperiodictable.com,periodic table of elements zinc,8100,40,https://www.coolperiodictable.com/zinc/zinc-facts/,per-element
coolperiodictable.com,periodic table of elements zn,8100,32,https://www.coolperiodictable.com/zinc/zinc-facts/,per-element
coolperiodictable.com,periodic table of helium,8100,46,https://www.coolperiodictable.com/helium/,per-element
coolperiodictable.com,periodic table of nonmetals,8100,27,https://www.coolperiodictable.com/resources/nonmetals/,trend
coolperiodictable.com,periodic table of zinc,8100,41,https://www.coolperiodictable.com/zinc/zinc-facts/,per-element
coolperiodictable.com,periodic table sulfur,8100,49,https://www.coolperiodictable.com/sulfur/sulfur-facts/,per-element
coolperiodictable.com,periodic table with group names,8100,16,https://www.coolperiodictable.com/resources/periodic-table-groups/,trend
coolperiodictable.com,periodic table with names and groups,8100,35,https://www.coolperiodictable.com/resources/periodic-table-groups/,trend
coolperiodictable.com,periodic table with names of groups,8100,17,https://www.coolperiodictable.com/resources/periodic-table-groups/,trend
coolperiodictable.com,periodic table zinc,8100,37,https://www.coolperiodictable.com/zinc/zinc-facts/,per-element
coolperiodictable.com,periodic table zn,8100,37,https://www.coolperiodictable.com/zinc/zinc-facts/,per-element
coolperiodictable.com,royal gases,8100,38,https://www.coolperiodictable.com/resources/nonmetals/noble-gas/,other
coolperiodictable.com,sb element periodic table,8100,38,https://www.coolperiodictable.com/antimony/,per-element
coolperiodictable.com,sb in periodic table,8100,52,https://www.coolperiodictable.com/antimony/,per-element
coolperiodictable.com,silver atomic symbol,8100,63,https://coolperiodictable.com/silver/silver-facts/,per-element
coolperiodictable.com,silver element,8100,70,https://coolperiodictable.com/silver/silver-facts/,per-element
coolperiodictable.com,sulfur in periodic table,8100,48,https://www.coolperiodictable.com/sulfur/sulfur-facts/,per-element
coolperiodictable.com,sulfur on periodic table,8100,47,https://www.coolperiodictable.com/sulfur/sulfur-facts/,per-element
coolperiodictable.com,sulfur on the periodic table,8100,56,https://www.coolperiodictable.com/sulfur/sulfur-facts/,per-element
coolperiodictable.com,sulfur periodic table,8100,46,https://www.coolperiodictable.com/sulfur/sulfur-facts/,per-element
coolperiodictable.com,sulphur in periodic table,8100,43,https://www.coolperiodictable.com/sulfur/sulfur-facts/,per-element
coolperiodictable.com,sulphur periodic table,8100,43,https://www.coolperiodictable.com/sulfur/sulfur-facts/,per-element
coolperiodictable.com,table of elements ba,8100,38,https://www.coolperiodictable.com/barium/,per-element
coolperiodictable.com,table of elements calcium,8100,17,https://www.coolperiodictable.com/calcium/,per-element
coolperiodictable.com,table of elements metalloids,8100,29,https://www.coolperiodictable.com/resources/metalloids/,other
coolperiodictable.com,table of elements zinc,8100,29,https://www.coolperiodictable.com/zinc/zinc-facts/,per-element
coolperiodictable.com,timeline of atomic discovery,8100,25,http://coolperiodictable.com/timelines/atomicstructure/,other
coolperiodictable.com,timeline of the atom,8100,31,http://coolperiodictable.com/timelines/atomicstructure/,other
coolperiodictable.com,what halogens,8100,32,https://www.coolperiodictable.com/resources/nonmetals/halogens/,other
coolperiodictable.com,what is an oxidation number,8100,32,https://www.coolperiodictable.com/resources/chemical-formulas/monoatomic-ions-oxidation-numbers.php,other
coolperiodictable.com,what is halogen atom,8100,24,https://www.coolperiodictable.com/resources/nonmetals/halogens/,trend
coolperiodictable.com,what is halogens,8100,21,https://www.coolperiodictable.com/resources/nonmetals/halogens/,other
coolperiodictable.com,what is the oxidation number,8100,55,https://www.coolperiodictable.com/resources/chemical-formulas/monoatomic-ions-oxidation-numbers.php,other
coolperiodictable.com,zinc chemical element,8100,52,https://www.coolperiodictable.com/zinc/zinc-facts/,per-element
coolperiodictable.com,zinc element table,8100,66,https://www.coolperiodictable.com/zinc/,per-element
coolperiodictable.com,zinc in periodic table,8100,38,https://www.coolperiodictable.com/zinc/zinc-facts/,per-element
coolperiodictable.com,zinc on periodic table,8100,39,https://www.coolperiodictable.com/zinc/zinc-facts/,per-element
coolperiodictable.com,zinc on the periodic table,8100,36,https://www.coolperiodictable.com/zinc/zinc-facts/,per-element
coolperiodictable.com,zinc periodic symbol,8100,35,https://www.coolperiodictable.com/zinc/zinc-facts/,per-element
coolperiodictable.com,zinc periodic table,8100,41,https://www.coolperiodictable.com/zinc/zinc-facts/,per-element
coolperiodictable.com,zinc the element,8100,45,https://www.coolperiodictable.com/zinc/zinc-facts/,per-element
coolperiodictable.com,zn element periodic table,8100,39,https://www.coolperiodictable.com/zinc/zinc-facts/,per-element
coolperiodictable.com,zn in periodic table,8100,36,https://www.coolperiodictable.com/zinc/zinc-facts/,per-element
coolperiodictable.com,zn on the periodic table,8100,42,https://www.coolperiodictable.com/zinc/zinc-facts/,per-element
coolperiodictable.com,zn periodic table,8100,32,https://www.coolperiodictable.com/zinc/zinc-facts/,per-element
coolperiodictable.com,acid in ph,6600,31,http://coolperiodictable.com/resources/acids-and-bases/pH-of-some-common-substances.php,per-element
coolperiodictable.com,acid ph,6600,53,http://coolperiodictable.com/resources/acids-and-bases/pH-of-some-common-substances.php,other
coolperiodictable.com,ag atomic number,6600,62,https://www.coolperiodictable.com/silver/,per-element
coolperiodictable.com,atomic mass of ir,6600,71,https://www.coolperiodictable.com/iridium/,per-element
coolperiodictable.com,atomic no of boron,6600,68,https://www.coolperiodictable.com/boron/,per-element
coolperiodictable.com,atomic number for silver,6600,51,https://www.coolperiodictable.com/silver/,per-element
coolperiodictable.com,atomic number of silver,6600,57,https://www.coolperiodictable.com/silver/,per-element
coolperiodictable.com,atomic number silver,6600,58,https://www.coolperiodictable.com/silver/,per-element
coolperiodictable.com,electron configuration ground state,6600,18,http://www.coolperiodictable.com/electron-configuration/ground-state-electron-configuration/,other
coolperiodictable.com,electron configuration in ground state,6600,50,http://www.coolperiodictable.com/electron-configuration/ground-state-electron-configuration/,per-element
coolperiodictable.com,electronic configuration in ground state,6600,48,http://www.coolperiodictable.com/electron-configuration/ground-state-electron-configuration/,per-element
coolperiodictable.com,element np,6600,57,https://www.coolperiodictable.com/neptunium/,per-element
coolperiodictable.com,element tb,6600,40,https://www.coolperiodictable.com/terbium/,per-element
coolperiodictable.com,element ti periodic table,6600,41,https://coolperiodictable.com/titanium/,per-element
coolperiodictable.com,element u periodic table,6600,35,https://www.coolperiodictable.com/uranium/,per-element
coolperiodictable.com,element xenon,6600,98,https://www.coolperiodictable.com/xenon/xenon-facts.php,per-element
coolperiodictable.com,elements he,6600,53,https://www.coolperiodictable.com/helium/,per-element
coolperiodictable.com,f element periodic table,6600,42,https://www.coolperiodictable.com/fluorine/,per-element
coolperiodictable.com,f on the periodic table,6600,52,https://www.coolperiodictable.com/fluorine/,per-element
coolperiodictable.com,f periodic table,6600,43,https://www.coolperiodictable.com/fluorine/,per-element
coolperiodictable.com,f periodic table element,6600,49,https://www.coolperiodictable.com/fluorine/,per-element
coolperiodictable.com,ground state electron configuration,6600,19,http://www.coolperiodictable.com/electron-configuration/ground-state-electron-configuration/,other
coolperiodictable.com,ground state of electron configuration,6600,34,http://www.coolperiodictable.com/electron-configuration/ground-state-electron-configuration/,other
coolperiodictable.com,hydrogen atom atomic mass,6600,66,https://www.coolperiodictable.com/hydrogen/,per-element
coolperiodictable.com,inner transition element,6600,9,https://www.coolperiodictable.com/resources/metals/inner-transition-metals/,trend
coolperiodictable.com,inner transition elements,6600,28,https://www.coolperiodictable.com/resources/metals/inner-transition-metals/,trend
coolperiodictable.com,inner transition metal,6600,33,https://www.coolperiodictable.com/resources/metals/inner-transition-metals/,trend
coolperiodictable.com,inner transition metal elements,6600,32,https://www.coolperiodictable.com/resources/metals/inner-transition-metals/,trend
coolperiodictable.com,inner transition metals,6600,33,https://www.coolperiodictable.com/resources/metals/inner-transition-metals/,trend
coolperiodictable.com,label the periodic table groups,6600,41,https://www.coolperiodictable.com/resources/periodic-table-groups/,trend
coolperiodictable.com,labeled periodic table groups,6600,38,https://www.coolperiodictable.com/resources/periodic-table-groups/,trend
coolperiodictable.com,labeled periodic table with groups,6600,43,https://www.coolperiodictable.com/resources/periodic-table-groups/,trend
coolperiodictable.com,neptunium element,6600,53,https://www.coolperiodictable.com/neptunium/,per-element
coolperiodictable.com,ni element periodic table,6600,49,https://www.coolperiodictable.com/nickel/,per-element
coolperiodictable.com,ni in periodic table,6600,39,https://www.coolperiodictable.com/nickel/,per-element
coolperiodictable.com,ni periodic table,6600,36,https://www.coolperiodictable.com/nickel/,per-element
coolperiodictable.com,nickel element periodic table,6600,52,https://www.coolperiodictable.com/nickel/,per-element
coolperiodictable.com,nickel on periodic table,6600,47,https://www.coolperiodictable.com/nickel/,per-element
coolperiodictable.com,nickel on the periodic table,6600,57,https://www.coolperiodictable.com/nickel/,per-element
coolperiodictable.com,nitrogen atomic number,6600,61,https://www.coolperiodictable.com/nitrogen/,per-element
coolperiodictable.com,nitrogen gas periodic table,6600,65,https://www.coolperiodictable.com/nitrogen/,per-element
coolperiodictable.com,nitrogen in periodic table,6600,54,https://www.coolperiodictable.com/nitrogen/,per-element
coolperiodictable.com,nitrogen on periodic table,6600,54,https://www.coolperiodictable.com/nitrogen/,per-element
coolperiodictable.com,nitrogen on the periodic table,6600,59,https://www.coolperiodictable.com/nitrogen/,per-element
coolperiodictable.com,nitrogen periodic table,6600,49,https://www.coolperiodictable.com/nitrogen/,per-element
coolperiodictable.com,number of atoms in nitrogen,6600,82,https://www.coolperiodictable.com/nitrogen/,per-element
coolperiodictable.com,oxidation levels periodic table,6600,3,https://www.coolperiodictable.com/resources/chemical-formulas/periodic-table-with-oxidation-numbers.php,other
coolperiodictable.com,oxidation number in periodic table,6600,4,https://www.coolperiodictable.com/resources/chemical-formulas/periodic-table-with-oxidation-numbers.php,per-element
coolperiodictable.com,oxidation number of elements in periodic table,6600,2,https://www.coolperiodictable.com/resources/chemical-formulas/monoatomic-ions-oxidation-numbers.php,per-element
coolperiodictable.com,oxidation number on periodic table,6600,4,https://www.coolperiodictable.com/resources/chemical-formulas/periodic-table-with-oxidation-numbers.php,other
coolperiodictable.com,oxidation number periodic table,6600,10,https://www.coolperiodictable.com/resources/chemical-formulas/monoatomic-ions-oxidation-numbers.php,other
coolperiodictable.com,oxidation numbers in periodic table,6600,3,https://www.coolperiodictable.com/resources/chemical-formulas/periodic-table-with-oxidation-numbers.php,per-element
coolperiodictable.com,oxidation numbers periodic table,6600,3,https://www.coolperiodictable.com/resources/chemical-formulas/periodic-table-with-oxidation-numbers.php,other
coolperiodictable.com,oxidation state in periodic table,6600,2,https://www.coolperiodictable.com/resources/chemical-formulas/periodic-table-with-oxidation-numbers.php,per-element
coolperiodictable.com,oxidation state periodic table,6600,2,https://www.coolperiodictable.com/resources/chemical-formulas/periodic-table-with-oxidation-numbers.php,other
coolperiodictable.com,oxidation states of elements periodic table,6600,5,https://www.coolperiodictable.com/resources/chemical-formulas/periodic-table-with-oxidation-numbers.php,other
coolperiodictable.com,oxidation states on periodic table,6600,3,https://www.coolperiodictable.com/resources/chemical-formulas/periodic-table-with-oxidation-numbers.php,other
coolperiodictable.com,oxidation states periodic table,6600,15,https://www.coolperiodictable.com/resources/chemical-formulas/monoatomic-ions-oxidation-numbers.php,other
coolperiodictable.com,periodic chart quiz,6600,21,https://www.coolperiodictable.com/quiz/quiz.php,quiz
coolperiodictable.com,periodic table and oxidation numbers,6600,2,https://www.coolperiodictable.com/resources/chemical-formulas/periodic-table-with-oxidation-numbers.php,other
coolperiodictable.com,periodic table labeled with groups,6600,38,https://www.coolperiodictable.com/resources/periodic-table-groups/,trend
coolperiodictable.com,periodic table ni,6600,36,https://www.coolperiodictable.com/nickel/,per-element
coolperiodictable.com,periodic table nickel,6600,47,https://www.coolperiodictable.com/nickel/,per-element
coolperiodictable.com,periodic table nitrogen,6600,53,https://www.coolperiodictable.com/nitrogen/,per-element
coolperiodictable.com,periodic table of elements f,6600,62,https://www.coolperiodictable.com/fluorine/,per-element
coolperiodictable.com,periodic table of elements ni,6600,34,https://www.coolperiodictable.com/nickel/,per-element
coolperiodictable.com,periodic table of elements nickel,6600,45,https://www.coolperiodictable.com/nickel/,per-element
coolperiodictable.com,periodic table of elements nitrogen,6600,54,https://www.coolperiodictable.com/nitrogen/,per-element
coolperiodictable.com,periodic table of elements oxidation numbers,6600,3,https://www.coolperiodictable.com/resources/chemical-formulas/periodic-table-with-oxidation-numbers.php,other
coolperiodictable.com,periodic table of elements oxidation states,6600,2,https://www.coolperiodictable.com/resources/chemical-formulas/periodic-table-with-oxidation-numbers.php,other
coolperiodictable.com,periodic table of elements ti,6600,54,https://coolperiodictable.com/titanium/,per-element
coolperiodictable.com,periodic table of elements titanium,6600,48,https://coolperiodictable.com/titanium/,per-element
coolperiodictable.com,periodic table of elements uranium,6600,37,https://www.coolperiodictable.com/uranium/,per-element
coolperiodictable.com,periodic table of elements with oxidation numbers,6600,2,https://www.coolperiodictable.com/resources/chemical-formulas/periodic-table-with-oxidation-numbers.php,other
coolperiodictable.com,periodic table of nitrogen,6600,54,https://www.coolperiodictable.com/nitrogen/,per-element
coolperiodictable.com,periodic table of oxidation numbers,6600,3,https://www.coolperiodictable.com/resources/chemical-formulas/periodic-table-with-oxidation-numbers.php,other
coolperiodictable.com,periodic table of oxidation states,6600,3,https://www.coolperiodictable.com/resources/chemical-formulas/periodic-table-with-oxidation-numbers.php,other
coolperiodictable.com,periodic table of uranium,6600,69,https://www.coolperiodictable.com/uranium/uranium-facts/,per-element
coolperiodictable.com,periodic table oxidation numbers,6600,9,https://www.coolperiodictable.com/resources/chemical-formulas/monoatomic-ions-oxidation-numbers.php,other
coolperiodictable.com,periodic table oxidation states,6600,11,https://www.coolperiodictable.com/resources/chemical-formulas/monoatomic-ions-oxidation-numbers.php,other
coolperiodictable.com,periodic table titanium,6600,46,https://coolperiodictable.com/titanium/,per-element
coolperiodictable.com,periodic table u element,6600,50,https://www.coolperiodictable.com/uranium/,per-element
coolperiodictable.com,periodic table uranium,6600,51,https://www.coolperiodictable.com/uranium/,per-element
coolperiodictable.com,periodic table with group labels,6600,42,https://www.coolperiodictable.com/resources/periodic-table-groups/,trend
coolperiodictable.com,periodic table with groups labeled,6600,42,https://www.coolperiodictable.com/resources/periodic-table-groups/,trend
coolperiodictable.com,periodic table with labeled groups,6600,37,https://www.coolperiodictable.com/resources/periodic-table-groups/,trend
coolperiodictable.com,periodic table with oxidation number,6600,3,https://www.coolperiodictable.com/resources/chemical-formulas/periodic-table-with-oxidation-numbers.php,other
coolperiodictable.com,periodic table with oxidation numbers,6600,2,https://www.coolperiodictable.com/resources/chemical-formulas/periodic-table-with-oxidation-numbers.php,other
coolperiodictable.com,periodic table with oxidation states,6600,2,https://www.coolperiodictable.com/resources/chemical-formulas/periodic-table-with-oxidation-numbers.php,other
coolperiodictable.com,ph and acidity,6600,63,http://coolperiodictable.com/resources/acids-and-bases/pH-of-some-common-substances.php,other
coolperiodictable.com,quiz about periodic table,6600,32,https://www.coolperiodictable.com/quiz/quiz.php,quiz
coolperiodictable.com,quiz about the periodic table,6600,32,https://www.coolperiodictable.com/quiz/quiz.php,quiz
coolperiodictable.com,quiz on periodic table,6600,33,https://www.coolperiodictable.com/quiz/quiz.php,quiz
coolperiodictable.com,s on the periodic table,6600,85,https://www.coolperiodictable.com/sulfur/sulfur-facts/,per-element
coolperiodictable.com,silver atomic number,6600,55,https://www.coolperiodictable.com/silver/,per-element
coolperiodictable.com,silver element atomic number,6600,55,https://www.coolperiodictable.com/silver/,per-element
coolperiodictable.com,silvers atomic number,6600,55,https://www.coolperiodictable.com/silver/,other
coolperiodictable.com,table of elements nickel,6600,46,https://www.coolperiodictable.com/nickel/,per-element
coolperiodictable.com,table of elements uranium,6600,40,https://www.coolperiodictable.com/uranium/,per-element
coolperiodictable.com,thulium element,6600,54,https://www.coolperiodictable.com/thulium/,per-element
coolperiodictable.com,ti in periodic table,6600,42,https://coolperiodictable.com/titanium/,per-element
coolperiodictable.com,ti on periodic table,6600,46,https://coolperiodictable.com/titanium/,per-element
coolperiodictable.com,ti periodic table,6600,47,https://coolperiodictable.com/titanium/,per-element
coolperiodictable.com,titanium element on the periodic table,6600,65,https://coolperiodictable.com/titanium/,per-element
coolperiodictable.com,titanium element periodic table,6600,48,https://coolperiodictable.com/titanium/,per-element
coolperiodictable.com,titanium element table,6600,47,https://coolperiodictable.com/titanium/,per-element
coolperiodictable.com,titanium in periodic table,6600,50,https://coolperiodictable.com/titanium/,per-element
coolperiodictable.com,titanium on periodic table,6600,47,https://coolperiodictable.com/titanium/,per-element
coolperiodictable.com,titanium on the periodic table,6600,46,https://coolperiodictable.com/titanium/,per-element
coolperiodictable.com,titanium periodic table,6600,46,https://coolperiodictable.com/titanium/,per-element
coolperiodictable.com,titanium periodic table of elements,6600,55,https://coolperiodictable.com/titanium/,per-element
coolperiodictable.com,transition and inner transition elements,6600,26,https://www.coolperiodictable.com/resources/metals/inner-transition-metals/,trend
coolperiodictable.com,transition and inner transition metals,6600,25,https://www.coolperiodictable.com/resources/metals/inner-transition-metals/,trend
coolperiodictable.com,transition elements and inner transition elements,6600,27,https://www.coolperiodictable.com/resources/metals/inner-transition-metals/,trend
coolperiodictable.com,transition metals and inner transition metals,6600,33,https://www.coolperiodictable.com/resources/metals/inner-transition-metals/,trend
coolperiodictable.com,uranium element periodic table,6600,53,https://www.coolperiodictable.com/uranium/,per-element
coolperiodictable.com,uranium in periodic table,6600,46,https://www.coolperiodictable.com/uranium/,per-element
coolperiodictable.com,uranium on periodic table,6600,49,https://www.coolperiodictable.com/uranium/,per-element
coolperiodictable.com,uranium on the periodic table,6600,52,https://www.coolperiodictable.com/uranium/,per-element
coolperiodictable.com,uranium periodic table,6600,24,https://www.coolperiodictable.com/uranium/uranium-facts/,per-element
coolperiodictable.com,uranium table of elements,6600,47,https://www.coolperiodictable.com/uranium/uranium-facts/,per-element
coolperiodictable.com,what are groups on a periodic table,6600,15,https://www.coolperiodictable.com/resources/periodic-table-groups/,trend
coolperiodictable.com,what are groups on the periodic table,6600,15,https://www.coolperiodictable.com/resources/periodic-table-groups/,trend
coolperiodictable.com,what are noble gas,6600,37,https://www.coolperiodictable.com/resources/nonmetals/noble-gas/,trend
coolperiodictable.com,what are noble gases,6600,30,https://www.coolperiodictable.com/resources/nonmetals/noble-gas/,other
coolperiodictable.com,what are noble gasses,6600,41,https://www.coolperiodictable.com/resources/nonmetals/noble-gas/,other
coolperiodictable.com,what are noble.gases,6600,52,https://www.coolperiodictable.com/resources/nonmetals/noble-gas/,other
coolperiodictable.com,what are periodic table groups,6600,15,https://www.coolperiodictable.com/resources/periodic-table-groups/,trend
coolperiodictable.com,what are the periodic table groups,6600,13,https://www.coolperiodictable.com/resources/periodic-table-groups/,trend
coolperiodictable.com,what is a group in a periodic table,6600,16,https://www.coolperiodictable.com/resources/periodic-table-groups/,trend
coolperiodictable.com,what is a group in periodic table,6600,15,https://www.coolperiodictable.com/resources/periodic-table-groups/,trend
coolperiodictable.com,what is a group in the periodic table,6600,12,https://www.coolperiodictable.com/resources/periodic-table-groups/,trend
coolperiodictable.com,what is a group on the periodic table,6600,13,https://www.coolperiodictable.com/resources/periodic-table-groups/,trend
coolperiodictable.com,what is a group periodic table,6600,25,https://www.coolperiodictable.com/resources/periodic-table-groups/,trend
coolperiodictable.com,what is a noble gases,6600,42,https://www.coolperiodictable.com/resources/nonmetals/noble-gas/,other
coolperiodictable.com,what is group in periodic table,6600,12,https://www.coolperiodictable.com/resources/periodic-table-groups/,trend
coolperiodictable.com,what is groups in periodic table,6600,14,https://www.coolperiodictable.com/resources/periodic-table-groups/,trend
coolperiodictable.com,what is noble gas,6600,41,https://www.coolperiodictable.com/resources/nonmetals/noble-gas/,trend
coolperiodictable.com,where are nonmetals located on the periodic table,6600,29,https://www.coolperiodictable.com/resources/nonmetals/,trend
coolperiodictable.com,a l periodic table,5400,52,https://www.coolperiodictable.com/aluminium/,other
coolperiodictable.com,al element periodic table,5400,32,https://www.coolperiodictable.com/aluminium/,per-element
coolperiodictable.com,al in periodic table,5400,43,https://www.coolperiodictable.com/aluminium/,per-element
coolperiodictable.com,al in the periodic table,5400,59,https://www.coolperiodictable.com/aluminium/,per-element
coolperiodictable.com,al on the periodic table,5400,59,https://www.coolperiodictable.com/aluminium/,per-element
coolperiodictable.com,al periodic table,5400,28,https://www.coolperiodictable.com/aluminium/,per-element
coolperiodictable.com,alkaline earth metal periodic table,5400,17,https://coolperiodictable.com/resources/metals/alkaline-earth-metals/,trend
coolperiodictable.com,alkaline earth metals in periodic table,5400,57,https://coolperiodictable.com/resources/metals/alkali-metals/,trend
coolperiodictable.com,alkaline earth metals in the periodic table,5400,22,https://coolperiodictable.com/resources/metals/alkaline-earth-metals/,trend
coolperiodictable.com,alkaline earth metals on periodic table,5400,23,https://coolperiodictable.com/resources/metals/alkaline-earth-metals/,trend
coolperiodictable.com,alkaline earth metals on the periodic table,5400,52,https://coolperiodictable.com/resources/metals/alkali-metals/,trend
coolperiodictable.com,alkaline earth metals periodic table,5400,14,https://coolperiodictable.com/resources/metals/alkaline-earth-metals/,trend
coolperiodictable.com,alkaline earth periodic table,5400,37,https://www.coolperiodictable.com/resources/metals/alkaline-earth-metals/,trend
coolperiodictable.com,argon atomic number,5400,75,http://www.coolperiodictable.com/argon/,per-element
coolperiodictable.com,atomic no of copper,5400,60,https://www.coolperiodictable.com/copper/,per-element
coolperiodictable.com,atomic no of cu,5400,61,https://www.coolperiodictable.com/copper/,per-element
coolperiodictable.com,atomic no of uranium,5400,76,https://www.coolperiodictable.com/uranium/uranium-facts/,per-element
coolperiodictable.com,atomic number lead,5400,36,https://www.coolperiodictable.com/lead/,per-element
coolperiodictable.com,atomic number of copper,5400,53,https://www.coolperiodictable.com/copper/,per-element
coolperiodictable.com,atomic number of cu,5400,53,https://www.coolperiodictable.com/copper/,per-element
coolperiodictable.com,atomic number of fluorine,5400,57,https://www.coolperiodictable.com/fluorine/,per-element
coolperiodictable.com,atomic number of lead,5400,38,https://www.coolperiodictable.com/lead/,per-element
coolperiodictable.com,atomic number of uranium,5400,83,https://www.coolperiodictable.com/uranium/uranium-facts/,per-element
coolperiodictable.com,atomic number uranium,5400,77,https://www.coolperiodictable.com/uranium/uranium-facts/,per-element
coolperiodictable.com,boron on the periodic table,5400,82,https://www.coolperiodictable.com/boron/,per-element
coolperiodictable.com,bronsted lowry theory base,5400,42,https://coolperiodictable.com/resources/acids-and-bases/bronsted-lowry-theory.php,other
coolperiodictable.com,caesium periodic table,5400,54,https://www.coolperiodictable.com/caesium/,per-element
coolperiodictable.com,chromium element periodic table,5400,38,https://www.coolperiodictable.com/chromium/,per-element
coolperiodictable.com,chromium in periodic table,5400,33,https://www.coolperiodictable.com/chromium/,per-element
coolperiodictable.com,chromium on the periodic table,5400,36,https://www.coolperiodictable.com/chromium/,per-element
coolperiodictable.com,chromium periodic table,5400,35,https://www.coolperiodictable.com/chromium/,per-element
coolperiodictable.com,copper atomic no,5400,65,https://www.coolperiodictable.com/copper/,per-element
coolperiodictable.com,copper atomic number,5400,81,https://www.coolperiodictable.com/copper/,per-element
coolperiodictable.com,cr element periodic table,5400,43,https://www.coolperiodictable.com/chromium/,per-element
coolperiodictable.com,cr periodic table,5400,42,https://www.coolperiodictable.com/chromium/,per-element
coolperiodictable.com,cs element periodic table,5400,60,https://www.coolperiodictable.com/caesium/,per-element
coolperiodictable.com,density of pb,5400,55,https://www.coolperiodictable.com/lead/,per-element
coolperiodictable.com,earth metals on periodic table,5400,49,https://www.coolperiodictable.com/resources/metals/alkaline-earth-metals/,trend
coolperiodictable.com,element mn periodic table,5400,40,https://www.coolperiodictable.com/manganese/,per-element
coolperiodictable.com,element se periodic table,5400,39,https://www.coolperiodictable.com/selenium/,per-element
coolperiodictable.com,element sr periodic table,5400,43,https://www.coolperiodictable.com/strontium/,per-element
coolperiodictable.com,element uranium,5400,66,https://www.coolperiodictable.com/uranium/uranium-facts/,per-element
coolperiodictable.com,fl element,5400,48,https://www.coolperiodictable.com/flerovium/,per-element
coolperiodictable.com,ho on the periodic table,5400,56,https://www.coolperiodictable.com/holmium/,per-element
coolperiodictable.com,ho periodic table,5400,50,https://www.coolperiodictable.com/holmium/,per-element
coolperiodictable.com,holmium on the periodic table,5400,54,https://www.coolperiodictable.com/holmium/,per-element
coolperiodictable.com,lead atomic number,5400,47,https://www.coolperiodictable.com/lead/,per-element
coolperiodictable.com,leads atomic number,5400,74,http://coolperiodictable.com/lead/lead-facts/,other
coolperiodictable.com,manganese in periodic table,5400,46,https://www.coolperiodictable.com/manganese/,per-element
coolperiodictable.com,manganese on periodic table,5400,52,https://www.coolperiodictable.com/manganese/,per-element
coolperiodictable.com,manganese periodic table,5400,49,https://www.coolperiodictable.com/manganese/,per-element
coolperiodictable.com,mn element periodic table,5400,44,https://www.coolperiodictable.com/manganese/,per-element
coolperiodictable.com,mn in periodic table,5400,41,https://www.coolperiodictable.com/manganese/,per-element
coolperiodictable.com,mn on the periodic table,5400,53,https://www.coolperiodictable.com/manganese/,per-element
coolperiodictable.com,mn periodic table,5400,26,https://www.coolperiodictable.com/printables/,per-element
coolperiodictable.com,noble gases configuration,5400,37,https://www.coolperiodictable.com/resources/nonmetals/noble-gas/,other
coolperiodictable.com,periodic table al,5400,35,https://www.coolperiodictable.com/aluminium/,per-element
coolperiodictable.com,periodic table alkaline earth metal,5400,43,https://www.coolperiodictable.com/resources/metals/alkaline-earth-metals/,trend
coolperiodictable.com,periodic table alkaline earth metals,5400,52,https://www.coolperiodictable.com/resources/metals/alkaline-earth-metals/,trend
coolperiodictable.com,periodic table chromium,5400,37,https://www.coolperiodictable.com/chromium/,per-element
coolperiodictable.com,periodic table cr,5400,40,https://www.coolperiodictable.com/chromium/,per-element
coolperiodictable.com,periodic table cs,5400,52,https://www.coolperiodictable.com/caesium/,per-element
coolperiodictable.com,periodic table earth metals,5400,33,https://www.coolperiodictable.com/resources/metals/alkaline-earth-metals/,trend
coolperiodictable.com,periodic table element mn,5400,39,https://www.coolperiodictable.com/manganese/,per-element
coolperiodictable.com,periodic table for tungsten,5400,43,https://www.coolperiodictable.com/tungsten/,per-element
coolperiodictable.com,periodic table mn,5400,42,https://www.coolperiodictable.com/manganese/,per-element
coolperiodictable.com,periodic table of elements aluminum,5400,69,https://www.coolperiodictable.com/aluminium/,per-element
coolperiodictable.com,periodic table of elements boron,5400,66,https://www.coolperiodictable.com/boron/,per-element
coolperiodictable.com,periodic table of elements chromium,5400,35,https://www.coolperiodictable.com/chromium/,per-element
coolperiodictable.com,periodic table of elements cr,5400,36,https://www.coolperiodictable.com/chromium/,per-element
coolperiodictable.com,periodic table of elements ho,5400,46,https://www.coolperiodictable.com/holmium/,per-element
coolperiodictable.com,periodic table of elements silicon,5400,45,https://www.coolperiodictable.com/silicon/,per-element
coolperiodictable.com,periodic table of elements tungsten,5400,45,https://www.coolperiodictable.com/tungsten/,per-element
coolperiodictable.com,periodic table selenium,5400,40,https://www.coolperiodictable.com/selenium/,per-element
coolperiodictable.com,periodic table silicon,5400,56,https://www.coolperiodictable.com/silicon/,per-element
coolperiodictable.com,periodic table strontium,5400,44,https://www.coolperiodictable.com/strontium/,per-element
coolperiodictable.com,periodic table tungsten,5400,51,https://www.coolperiodictable.com/tungsten/,per-element
coolperiodictable.com,potassium atomic weight,5400,57,https://www.coolperiodictable.com/potassium/,per-element
coolperiodictable.com,potassium periodic table,5400,51,https://www.coolperiodictable.com/potassium/,per-element
coolperiodictable.com,se element periodic table,5400,38,https://www.coolperiodictable.com/selenium/,per-element
coolperiodictable.com,se in periodic table,5400,36,https://www.coolperiodictable.com/selenium/,per-element
coolperiodictable.com,se on periodic table,5400,42,https://www.coolperiodictable.com/selenium/,per-element
coolperiodictable.com,se on the periodic table,5400,50,https://www.coolperiodictable.com/selenium/,per-element
coolperiodictable.com,se periodic table,5400,46,https://www.coolperiodictable.com/selenium/,per-element
coolperiodictable.com,seaborgium,5400,64,https://www.coolperiodictable.com/seaborgium/,per-element
coolperiodictable.com,selenium in periodic table,5400,44,https://www.coolperiodictable.com/selenium/,per-element
coolperiodictable.com,selenium on periodic table,5400,47,https://www.coolperiodictable.com/selenium/,per-element
coolperiodictable.com,selenium on the periodic table,5400,57,https://www.coolperiodictable.com/selenium/,per-element
coolperiodictable.com,selenium periodic table,5400,43,https://www.coolperiodictable.com/selenium/,per-element
coolperiodictable.com,silica periodic table,5400,51,https://www.coolperiodictable.com/silicon/,other
coolperiodictable.com,silicon in periodic table,5400,46,https://www.coolperiodictable.com/silicon/,per-element
coolperiodictable.com,silicon on periodic table,5400,46,https://www.coolperiodictable.com/silicon/,per-element
coolperiodictable.com,silicon on the periodic table,5400,61,https://www.coolperiodictable.com/silicon/,per-element
coolperiodictable.com,silicon periodic table,5400,47,https://www.coolperiodictable.com/silicon/,per-element
coolperiodictable.com,silicon table of elements,5400,42,https://www.coolperiodictable.com/silicon/,per-element
coolperiodictable.com,strontium in periodic table,5400,51,https://www.coolperiodictable.com/strontium/,per-element
coolperiodictable.com,strontium on periodic table,5400,52,https://www.coolperiodictable.com/strontium/,per-element
coolperiodictable.com,strontium periodic table,5400,45,https://www.coolperiodictable.com/strontium/,per-element
coolperiodictable.com,symbol hydrogen,5400,41,https://www.coolperiodictable.com/hydrogen/,per-element
coolperiodictable.com,tin symbol,5400,14,http://coolperiodictable.com/tin/tin-facts/,per-element
coolperiodictable.com,tungsten element periodic table,5400,61,https://www.coolperiodictable.com/tungsten/,per-element
coolperiodictable.com,tungsten in the periodic table,5400,63,https://www.coolperiodictable.com/tungsten/,per-element
coolperiodictable.com,tungsten on periodic table,5400,58,https://www.coolperiodictable.com/tungsten/,per-element
coolperiodictable.com,tungsten on the periodic table,5400,64,https://www.coolperiodictable.com/tungsten/,per-element
coolperiodictable.com,tungsten periodic table,5400,54,https://www.coolperiodictable.com/tungsten/,per-element
coolperiodictable.com,tungsten periodic table of elements,5400,53,https://www.coolperiodictable.com/tungsten/,per-element
coolperiodictable.com,tungsten table of elements,5400,52,https://www.coolperiodictable.com/tungsten/,per-element
coolperiodictable.com,uranium atomic number,5400,81,https://www.coolperiodictable.com/uranium/uranium-facts/,per-element
coolperiodictable.com,uranium element,5400,74,https://www.coolperiodictable.com/uranium/uranium-facts/,per-element
coolperiodictable.com,what is an electronic configuration,5400,61,http://coolperiodictable.com/electron-configuration/electron-configuration-order/,other
coolperiodictable.com,arsenic in periodic table,4400,49,https://www.coolperiodictable.com/arsenic/,per-element
coolperiodictable.com,arsenic in the periodic table,4400,55,https://www.coolperiodictable.com/arsenic/,per-element
coolperiodictable.com,arsenic on periodic table,4400,50,https://www.coolperiodictable.com/arsenic/,per-element
coolperiodictable.com,arsenic periodic table,4400,47,https://www.coolperiodictable.com/arsenic/,per-element
coolperiodictable.com,atomic no of bromine,4400,41,https://www.coolperiodictable.com/bromine/,per-element
coolperiodictable.com,atomic no of silicon,4400,69,https://www.coolperiodictable.com/silicon/,per-element
coolperiodictable.com,atomic number bromine,4400,49,https://www.coolperiodictable.com/bromine/,per-element
coolperiodictable.com,atomic number of br,4400,41,https://www.coolperiodictable.com/bromine/,per-element
coolperiodictable.com,atomic number of bromine,4400,45,https://www.coolperiodictable.com/bromine/,per-element
coolperiodictable.com,atomic number of silicon,4400,68,https://www.coolperiodictable.com/silicon/,per-element
coolperiodictable.com,atomic number of zinc,4400,51,https://www.coolperiodictable.com/zinc/,per-element
coolperiodictable.com,atomic number of zn,4400,51,https://www.coolperiodictable.com/zinc/,per-element
coolperiodictable.com,atomic number silicon,4400,59,https://www.coolperiodictable.com/silicon/,per-element
coolperiodictable.com,atomic number zinc,4400,50,https://www.coolperiodictable.com/zinc/,per-element
coolperiodictable.com,berkelium,4400,63,https://www.coolperiodictable.com/berkelium/,per-element
coolperiodictable.com,binary chemical compound,4400,24,https://www.coolperiodictable.com/resources/chemical-formulas/binary-compounds.php,other
coolperiodictable.com,binary chemical compounds,4400,25,https://www.coolperiodictable.com/resources/chemical-formulas/binary-compounds.php,other
coolperiodictable.com,binary compound,4400,30,https://www.coolperiodictable.com/resources/chemical-formulas/binary-compounds.php,other
coolperiodictable.com,binary compounds,4400,28,https://www.coolperiodictable.com/resources/chemical-formulas/binary-compounds.php,other
coolperiodictable.com,bromine atomic number,4400,43,https://www.coolperiodictable.com/bromine/,per-element
coolperiodictable.com,c element periodic table,4400,43,https://www.coolperiodictable.com/carbon/carbon-facts/,per-element
coolperiodictable.com,c in periodic table,4400,70,https://www.coolperiodictable.com/carbon/carbon-facts/,per-element
coolperiodictable.com,c on the periodic table,4400,74,https://www.coolperiodictable.com/carbon/carbon-facts/,per-element
coolperiodictable.com,ca periodic table,4400,30,https://www.coolperiodictable.com/calcium/,per-element
coolperiodictable.com,california periodic table,4400,70,https://www.coolperiodictable.com/californium/,other
coolperiodictable.com,co element periodic table,4400,49,https://www.coolperiodictable.com/cobalt/,per-element
coolperiodictable.com,co in periodic table,4400,48,https://www.coolperiodictable.com/cobalt/,per-element
coolperiodictable.com,co in the periodic table,4400,55,https://www.coolperiodictable.com/cobalt/,per-element
coolperiodictable.com,co on periodic table,4400,49,https://www.coolperiodictable.com/cobalt/,per-element
coolperiodictable.com,co on the periodic table,4400,104,https://www.coolperiodictable.com/,per-element
coolperiodictable.com,element c periodic table,4400,63,https://www.coolperiodictable.com/carbon/carbon-facts/,per-element
coolperiodictable.com,element co periodic table,4400,49,https://www.coolperiodictable.com/cobalt/,per-element
coolperiodictable.com,element si periodic table,4400,41,https://www.coolperiodictable.com/silicon/,per-element
coolperiodictable.com,how many a groups are in the periodic table,4400,27,https://www.coolperiodictable.com/resources/periodic-table-groups/,trend
coolperiodictable.com,how many group in periodic table,4400,70,https://www.coolperiodictable.com/resources/periodic-table-groups/,trend
coolperiodictable.com,how many groups are in the periodic table,4400,39,https://www.coolperiodictable.com/resources/periodic-table-groups/,trend
coolperiodictable.com,how many groups on the periodic table,4400,27,https://www.coolperiodictable.com/resources/periodic-table-groups/,trend
coolperiodictable.com,how many period are in the periodic table,4400,65,https://www.coolperiodictable.com/resources/periodic-table-periods/,trend
coolperiodictable.com,how many periods are in the periodic table,4400,64,https://www.coolperiodictable.com/resources/periodic-table-periods/,trend
coolperiodictable.com,how many periods are on the periodic table,4400,58,https://www.coolperiodictable.com/resources/periodic-table-periods/,trend
coolperiodictable.com,how many periods in periodic table,4400,53,https://www.coolperiodictable.com/resources/periodic-table-periods/,trend
